=== Deployment Log ===
Started: Wed Jan 14 21:36:45 CET 2026
Operation: deploy


 >  NX   Running target build for project client and 1 task it depends on:

 

> nx run auth:build

Compiling TypeScript files for project "auth"...
Done compiling TypeScript files for project "auth".

> nx run client:build:production

(node:7837) [DEP0060] DeprecationWarning: The `util._extend` API is deprecated. Please use Object.assign() instead.
(Use `node --trace-deprecation ...` to show where the warning was created)
- Generating browser application bundles (phase: setup)...
[32m✔[39m Browser application bundle generation complete.
[32m✔[39m Browser application bundle generation complete.
- Copying assets...
[32m✔[39m Copying assets complete.
- Generating index html...
- Generating index html...
[1m[33mUnable to locate stylesheet: /Users/macbook/Workspace/myb/src/front/myb.front/dist/apps/client/css/styles.min.css[39m[22m
[1m[33m1 rules skipped due to selector errors:[39m[22m
[1m[33m  .form-floating>~label -> Did not expect successive traversals.[39m[22m
[32m✔[39m Index html generation complete.
[37m[0m[0m[39m
[37m[0m[1mInitial chunk files[22m          [2m | [22m[1mNames[22m                      [2m | [22m [1mRaw size[22m[2m | [22m[1mEstimated transfer size[22m[0m[39m
[37m[0m[32mmain.23b227068b17d0a9.js[39m[37m     [2m | [22m[2mmain[22m                       [2m | [22m  [36m1.28 MB[39m[37m[2m | [22m              [36m262.61 kB[39m[37m[0m[39m
[37m[0m[32mstyles.87870c781da83576.css[39m[37m  [2m | [22m[2mstyles[22m                     [2m | [22m[36m229.50 kB[39m[37m[2m | [22m               [36m22.64 kB[39m[37m[0m[39m
[37m[0m[32mpolyfills.5692fea145d372a2.js[39m[37m[2m | [22m[2mpolyfills[22m                  [2m | [22m [36m33.98 kB[39m[37m[2m | [22m               [36m11.08 kB[39m[37m[0m[39m
[37m[0m[32mruntime.8bb8722bb5da103b.js[39m[37m  [2m | [22m[2mruntime[22m                    [2m | [22m  [36m2.75 kB[39m[37m[2m | [22m                [36m1.33 kB[39m[37m[0m[39m
[37m[0m[0m[39m
[37m[0m[1m [22m                            [2m | [22m[1mInitial total[22m              [2m | [22m  [1m[93m1.54 MB[39m[37m[22m[2m | [22m              [1m297.66 kB[22m[0m[39m
[37m[0m[0m[39m
[37m[0m[1mLazy chunk files[22m             [2m | [22m[1mNames[22m                      [2m | [22m [1mRaw size[22m[2m | [22m[1mEstimated transfer size[22m[0m[39m
[37m[0m[32m729.4ab9af3c403ae2c0.js[39m[37m      [2m | [22m[2mmyb-front-time-sheet-module[22m[2m | [22m [36m97.61 kB[39m[37m[2m | [22m               [36m17.88 kB[39m[37m[0m[39m
[37m[0m[32m270.5deaf9a89e35caaa.js[39m[37m      [2m | [22m[2mmyb-front-invoice-module[22m   [2m | [22m [36m97.17 kB[39m[37m[2m | [22m               [36m12.36 kB[39m[37m[0m[39m
[37m[0m[32m512.d3a7b4111ae9b1b6.js[39m[37m      [2m | [22m[2mmyb-front-invoice-module[22m   [2m | [22m [36m43.08 kB[39m[37m[2m | [22m                [36m9.00 kB[39m[37m[0m[39m
[37m[0m[32m284.75a978601dda8daf.js[39m[37m      [2m | [22m[2mmyb-front-coproperty-module[22m[2m | [22m [36m21.08 kB[39m[37m[2m | [22m                [36m3.95 kB[39m[37m[0m[39m
[37m[0m[32mcommon.c3bbeca99608fc18.js[39m[37m   [2m | [22m[2mcommon[22m          [39m[37m           [2m | [22m[36m187 bytes[39m[37m[2m | [22m              [36m126 bytes[39m[37m[0m[39m
[37m[0m[0m[39m
[37m[0mBuild at: [1m[37m2026-01-14T20:40:56.928Z[39m[37m[22m - Hash: [1m[37mac0c875b23703a71[39m[37m[22m - Time: [1m[37m13979[39m[37m[22mms[0m[39m
[1m[33m[39m[22m
[1m[33m[0m[33mWarning: [39m[33m[0m/Users/macbook/Workspace/myb/src/front/myb.front/node_modules/keycloak-js/dist/keycloak.mjs depends on 'js-sha256'. CommonJS or AMD dependencies can cause optimization bailouts.[39m[22m
[1m[33mFor more info see: https://angular.io/guide/build#configuring-commonjs-dependencies[39m[22m
[1m[33m[39m[22m
[1m[33m[0m[33mWarning: [39m[33m[0mbundle initial exceeded maximum budget. Budget 1.50 MB was not met by 44.98 kB with a total of 1.54 MB.[39m[22m
[1m[33m[39m[22m
[1m[33m[39m[22m

 

 >  NX   Successfully ran target build for project client and 1 task it depends on



 >  NX   Nx Cloud encountered some problems

   This workspace is more than three days old and is not connected. Workspaces must be connected within 3 days of creation. Claim your workspace at https://cloud.nx.app. (code: 401)

time="2026-01-14T21:40:57+01:00" level=warning msg="/Users/macbook/Workspace/myb/docker-compose.yml: the attribute `version` is obsolete, it will be ignored, please remove it to avoid potential confusion"
 Image myb-myb-front Building 
 Image myb-myb-payment Building 
 Image myb-myb-timesheet Building 
 Image myb-myb-docmanager Building 
 Image myb-myb-invoice Building 
 Image myb-myb-usermanager Building 
 Image myb-myb-coproperty Building 
 Image myb-myb-notification Building 
#1 [internal] load local bake definitions
#1 reading from stdin 4.00kB done
#1 DONE 0.0s

#2 [myb-notification internal] load build definition from Dockerfile
#2 transferring dockerfile: 1.26kB done
#2 DONE 0.0s

#3 [myb-timesheet internal] load build definition from Dockerfile
#3 transferring dockerfile: 819B done
#3 DONE 0.0s

#4 [myb-invoice internal] load build definition from Dockerfile
#4 transferring dockerfile: 2.87kB done
#4 DONE 0.0s

#5 [myb-docmanager internal] load build definition from Dockerfile
#5 transferring dockerfile: 3.22kB done
#5 DONE 0.0s

#6 [myb-coproperty internal] load build definition from Dockerfile
#6 transferring dockerfile: 2.15kB done
#6 DONE 0.0s

#7 [myb-payment internal] load build definition from Dockerfile
#7 transferring dockerfile: 1.73kB done
#7 DONE 0.0s

#8 [myb-front internal] load build definition from Dockerfile
#8 transferring dockerfile: 934B done
#8 DONE 0.0s

#9 [myb-usermanager internal] load build definition from Dockerfile
#9 transferring dockerfile: 1.63kB done
#9 DONE 0.0s

#10 [myb-usermanager internal] load metadata for mcr.microsoft.com/dotnet/aspnet:10.0
#10 DONE 1.6s

#11 [myb-payment internal] load metadata for mcr.microsoft.com/dotnet/sdk:10.0
#11 DONE 1.6s

#12 [myb-usermanager internal] load .dockerignore
#12 transferring context: 674B done
#12 DONE 0.0s

#13 [myb-notification base 1/2] FROM mcr.microsoft.com/dotnet/aspnet:10.0@sha256:1aacc8154bc3071349907dae26849df301188be1a2e1f4560b903fb6275e481a
#13 resolve mcr.microsoft.com/dotnet/aspnet:10.0@sha256:1aacc8154bc3071349907dae26849df301188be1a2e1f4560b903fb6275e481a done
#13 ...

#14 [myb-usermanager internal] load build context
#14 transferring context: 50.40kB 0.0s done
#14 DONE 0.1s

#15 [myb-payment internal] load build context
#15 transferring context: 60.07kB 0.0s done
#15 DONE 0.1s

#16 [myb-notification internal] load build context
#16 transferring context: 48.67kB 0.0s done
#16 DONE 0.1s

#17 [myb-invoice internal] load build context
#17 transferring context: 227.31kB 0.1s done
#17 DONE 0.1s

#18 [myb-docmanager internal] load build context
#18 transferring context: 206.85kB 0.1s done
#18 DONE 0.1s

#19 [myb-coproperty internal] load build context
#19 transferring context: 284.20kB 0.1s done
#19 DONE 0.1s

#13 [myb-timesheet base 1/2] FROM mcr.microsoft.com/dotnet/aspnet:10.0@sha256:1aacc8154bc3071349907dae26849df301188be1a2e1f4560b903fb6275e481a
#13 sha256:a949b6a39d6f14f2d5977dfb7cac847f456c992f0fc70c86007e3d216b8d08d9 0B / 12.25MB 0.2s
#13 sha256:b4b6fe451be1bd95f776ca0e0809204052b701c35ecc3e5de30fb66e80585659 0B / 154B 0.2s
#13 sha256:61ebf6f35ef7958fe4f4e4697758c3050712a24477e094676d713136a97232a3 0B / 34.51MB 0.2s
#13 sha256:156c514a08a7553f0c920c46bca2fbb096983f59697b934c1fe1959d0b5dfe7a 0B / 3.56kB 0.2s
#13 sha256:b4b6fe451be1bd95f776ca0e0809204052b701c35ecc3e5de30fb66e80585659 154B / 154B 0.6s done
#13 sha256:156c514a08a7553f0c920c46bca2fbb096983f59697b934c1fe1959d0b5dfe7a 3.56kB / 3.56kB 0.7s done
#13 sha256:3fc33d642c51f6f0385b998af2ed70258c5066342d3604c44905af761e7d15fe 0B / 16.79MB 0.2s
#13 sha256:36bf709aa36d66b784b0ba1aa3276848f28501175eeb4d7a310b1a98578f8558 0B / 28.86MB 0.2s
#13 ...

#20 [myb-timesheet internal] load build context
#20 transferring context: 21.23MB 1.9s done
#20 DONE 1.9s

#13 [myb-usermanager base 1/2] FROM mcr.microsoft.com/dotnet/aspnet:10.0@sha256:1aacc8154bc3071349907dae26849df301188be1a2e1f4560b903fb6275e481a
#13 sha256:36bf709aa36d66b784b0ba1aa3276848f28501175eeb4d7a310b1a98578f8558 2.10MB / 28.86MB 2.3s
#13 sha256:a949b6a39d6f14f2d5977dfb7cac847f456c992f0fc70c86007e3d216b8d08d9 1.05MB / 12.25MB 3.3s
#13 sha256:36bf709aa36d66b784b0ba1aa3276848f28501175eeb4d7a310b1a98578f8558 4.19MB / 28.86MB 4.2s
#13 sha256:61ebf6f35ef7958fe4f4e4697758c3050712a24477e094676d713136a97232a3 1.05MB / 34.51MB 5.3s
#13 sha256:3fc33d642c51f6f0385b998af2ed70258c5066342d3604c44905af761e7d15fe 1.05MB / 16.79MB 5.0s
#13 sha256:a949b6a39d6f14f2d5977dfb7cac847f456c992f0fc70c86007e3d216b8d08d9 2.10MB / 12.25MB 6.5s
#13 ...

#21 [auth] library/nginx:pull token for registry-1.docker.io
#21 DONE 0.0s

#13 [myb-usermanager base 1/2] FROM mcr.microsoft.com/dotnet/aspnet:10.0@sha256:1aacc8154bc3071349907dae26849df301188be1a2e1f4560b903fb6275e481a
#13 sha256:36bf709aa36d66b784b0ba1aa3276848f28501175eeb4d7a310b1a98578f8558 6.29MB / 28.86MB 6.6s
#13 ...

#22 [myb-front internal] load metadata for docker.io/library/nginx:alpine
#22 ...

#13 [myb-usermanager base 1/2] FROM mcr.microsoft.com/dotnet/aspnet:10.0@sha256:1aacc8154bc3071349907dae26849df301188be1a2e1f4560b903fb6275e481a
#13 sha256:61ebf6f35ef7958fe4f4e4697758c3050712a24477e094676d713136a97232a3 3.15MB / 34.51MB 8.6s
#13 ...

#12 [myb-front internal] load .dockerignore
#12 transferring context: 674B done
#12 DONE 0.0s

#22 [myb-front internal] load metadata for docker.io/library/nginx:alpine
#22 DONE 10.5s

#23 [myb-front internal] load build context
#23 DONE 0.0s

#24 [myb-front 1/4] FROM docker.io/library/nginx:alpine@sha256:b0f7830b6bfaa1258f45d94c240ab668ced1b3651c8a222aefe6683447c7bf55
#24 resolve docker.io/library/nginx:alpine@sha256:b0f7830b6bfaa1258f45d94c240ab668ced1b3651c8a222aefe6683447c7bf55 done
#24 DONE 0.0s

#13 [myb-usermanager base 1/2] FROM mcr.microsoft.com/dotnet/aspnet:10.0@sha256:1aacc8154bc3071349907dae26849df301188be1a2e1f4560b903fb6275e481a
#13 sha256:a949b6a39d6f14f2d5977dfb7cac847f456c992f0fc70c86007e3d216b8d08d9 3.15MB / 12.25MB 8.9s
#13 sha256:3fc33d642c51f6f0385b998af2ed70258c5066342d3604c44905af761e7d15fe 2.10MB / 16.79MB 8.4s
#13 ...

#25 [auth] library/myb-front:pull token for registry-1.docker.io
#25 DONE 0.0s

#13 [myb-usermanager base 1/2] FROM mcr.microsoft.com/dotnet/aspnet:10.0@sha256:1aacc8154bc3071349907dae26849df301188be1a2e1f4560b903fb6275e481a
#13 ...

#26 [myb-front] importing cache manifest from myb-front:latest
#26 ERROR: failed to configure registry cache importer: pull access denied, repository does not exist or may require authorization: server message: insufficient_scope: authorization failed

#23 [myb-front internal] load build context
#23 transferring context: 3.61MB 0.0s done
#23 DONE 0.1s

#13 [myb-usermanager base 1/2] FROM mcr.microsoft.com/dotnet/aspnet:10.0@sha256:1aacc8154bc3071349907dae26849df301188be1a2e1f4560b903fb6275e481a
#13 ...

#27 [myb-usermanager build 1/8] FROM mcr.microsoft.com/dotnet/sdk:10.0@sha256:25d14b400b75fa4e89d5bd4487a92a604a4e409ab65becb91821e7dc4ac7f81f
#27 resolve mcr.microsoft.com/dotnet/sdk:10.0@sha256:25d14b400b75fa4e89d5bd4487a92a604a4e409ab65becb91821e7dc4ac7f81f done
#27 ...

#13 [myb-usermanager base 1/2] FROM mcr.microsoft.com/dotnet/aspnet:10.0@sha256:1aacc8154bc3071349907dae26849df301188be1a2e1f4560b903fb6275e481a
#13 sha256:36bf709aa36d66b784b0ba1aa3276848f28501175eeb4d7a310b1a98578f8558 7.34MB / 28.86MB 11.7s
#13 sha256:a949b6a39d6f14f2d5977dfb7cac847f456c992f0fc70c86007e3d216b8d08d9 4.19MB / 12.25MB 13.4s
#13 sha256:61ebf6f35ef7958fe4f4e4697758c3050712a24477e094676d713136a97232a3 4.19MB / 34.51MB 13.7s
#13 sha256:3fc33d642c51f6f0385b998af2ed70258c5066342d3604c44905af761e7d15fe 2.10MB / 16.79MB 13.5s
#13 sha256:3fc33d642c51f6f0385b998af2ed70258c5066342d3604c44905af761e7d15fe 3.15MB / 16.79MB 14.1s
#13 sha256:36bf709aa36d66b784b0ba1aa3276848f28501175eeb4d7a310b1a98578f8558 8.39MB / 28.86MB 16.8s
#13 sha256:a949b6a39d6f14f2d5977dfb7cac847f456c992f0fc70c86007e3d216b8d08d9 5.24MB / 12.25MB 18.0s
#13 sha256:61ebf6f35ef7958fe4f4e4697758c3050712a24477e094676d713136a97232a3 5.24MB / 34.51MB 18.8s
#13 ...

#24 [myb-front 1/4] FROM docker.io/library/nginx:alpine@sha256:b0f7830b6bfaa1258f45d94c240ab668ced1b3651c8a222aefe6683447c7bf55
#24 sha256:8a735f2296d46b598dbc65289bfdc2ec4dd07607e69a1887e4ce6ef898be56e1 7.34MB / 19.66MB 9.9s
#24 sha256:f4f04eae8d5eb8a0220a0d542da10f9c55b57a585dea1875cfbb1ee99d4c5a4a 1.40kB / 1.40kB 0.8s done
#24 sha256:ceb87b8ac279a84fc99bdc30e7406cf21bf5d5841819fd0e3c8e0c06d867533c 1.21kB / 1.21kB 1.0s done
#24 sha256:6628835d87d286d4d03f10b2c7f51d00f4556c49b5874947ce02609379069575 403B / 403B 1.0s done
#24 sha256:c0de4eea5b769c1703c4428a21cf0cce5b0a1668738391f1443979bb32cc9bc1 954B / 954B 0.5s done
#24 sha256:9076aaa4fd77085ce5562e9aca2b51ca88baf3fb8e41f8c777d0df14a1ce1085 628B / 628B 0.5s done
#24 sha256:a0ef6d8231d0e512c7a0c0f7029bcfb8c77f0848b9cb8ec5373b28991c83415b 1.87MB / 1.87MB 2.7s done
#24 sha256:f6b4fb9446345fcad2db26eac181fef6c0a919c8a4fcccd3bea5deb7f6dff67e 3.15MB / 4.20MB 8.6s
#24 ...

#13 [myb-usermanager base 1/2] FROM mcr.microsoft.com/dotnet/aspnet:10.0@sha256:1aacc8154bc3071349907dae26849df301188be1a2e1f4560b903fb6275e481a
#13 sha256:3fc33d642c51f6f0385b998af2ed70258c5066342d3604c44905af761e7d15fe 3.15MB / 16.79MB 19.2s
#13 sha256:3fc33d642c51f6f0385b998af2ed70258c5066342d3604c44905af761e7d15fe 4.19MB / 16.79MB 20.0s
#13 sha256:36bf709aa36d66b784b0ba1aa3276848f28501175eeb4d7a310b1a98578f8558 9.44MB / 28.86MB 21.9s
#13 sha256:a949b6a39d6f14f2d5977dfb7cac847f456c992f0fc70c86007e3d216b8d08d9 5.24MB / 12.25MB 23.1s
#13 sha256:61ebf6f35ef7958fe4f4e4697758c3050712a24477e094676d713136a97232a3 6.29MB / 34.51MB 23.9s
#13 sha256:a949b6a39d6f14f2d5977dfb7cac847f456c992f0fc70c86007e3d216b8d08d9 6.29MB / 12.25MB 24.9s
#13 sha256:3fc33d642c51f6f0385b998af2ed70258c5066342d3604c44905af761e7d15fe 4.19MB / 16.79MB 25.1s
#13 sha256:3fc33d642c51f6f0385b998af2ed70258c5066342d3604c44905af761e7d15fe 5.24MB / 16.79MB 27.2s
#13 sha256:36bf709aa36d66b784b0ba1aa3276848f28501175eeb4d7a310b1a98578f8558 10.49MB / 28.86MB 27.0s
#13 ...

#24 [myb-front 1/4] FROM docker.io/library/nginx:alpine@sha256:b0f7830b6bfaa1258f45d94c240ab668ced1b3651c8a222aefe6683447c7bf55
#24 sha256:8a735f2296d46b598dbc65289bfdc2ec4dd07607e69a1887e4ce6ef898be56e1 19.66MB / 19.66MB 18.4s done
#24 sha256:f6b4fb9446345fcad2db26eac181fef6c0a919c8a4fcccd3bea5deb7f6dff67e 4.20MB / 4.20MB 8.8s done
#24 extracting sha256:f6b4fb9446345fcad2db26eac181fef6c0a919c8a4fcccd3bea5deb7f6dff67e 0.1s done
#24 extracting sha256:a0ef6d8231d0e512c7a0c0f7029bcfb8c77f0848b9cb8ec5373b28991c83415b 0.0s done
#24 extracting sha256:9076aaa4fd77085ce5562e9aca2b51ca88baf3fb8e41f8c777d0df14a1ce1085 done
#24 extracting sha256:c0de4eea5b769c1703c4428a21cf0cce5b0a1668738391f1443979bb32cc9bc1 done
#24 extracting sha256:6628835d87d286d4d03f10b2c7f51d00f4556c49b5874947ce02609379069575 done
#24 extracting sha256:ceb87b8ac279a84fc99bdc30e7406cf21bf5d5841819fd0e3c8e0c06d867533c done
#24 extracting sha256:f4f04eae8d5eb8a0220a0d542da10f9c55b57a585dea1875cfbb1ee99d4c5a4a done
#24 extracting sha256:8a735f2296d46b598dbc65289bfdc2ec4dd07607e69a1887e4ce6ef898be56e1 0.2s done
#24 DONE 18.6s

#13 [myb-usermanager base 1/2] FROM mcr.microsoft.com/dotnet/aspnet:10.0@sha256:1aacc8154bc3071349907dae26849df301188be1a2e1f4560b903fb6275e481a
#13 ...

#28 [myb-front 2/4] RUN rm -rf /usr/share/nginx/html/*
#28 DONE 0.1s

#29 [myb-front 3/4] COPY src/front/myb.front/dist/apps/client /usr/share/nginx/html
#29 DONE 0.0s

#30 [myb-front 4/4] COPY src/front/myb.front/nginx.conf /etc/nginx/conf.d/default.conf
#30 DONE 0.0s

#13 [myb-usermanager base 1/2] FROM mcr.microsoft.com/dotnet/aspnet:10.0@sha256:1aacc8154bc3071349907dae26849df301188be1a2e1f4560b903fb6275e481a
#13 ...

#31 [myb-front] exporting to image
#31 exporting layers 0.1s done
#31 exporting manifest sha256:235c8a5e474dfd05559f8f84ac5495294c9fdfc8b6940e5f28ae31bf8f1f0c07 done
#31 exporting config sha256:b2cfde65130dae2a2e1e2e22e0652c38f1f6d7ecdd467ad8fe6029eae0a0ca51 done
#31 exporting attestation manifest sha256:97ce93c9a4306157aa1e97bd7485536ce15d3f45ce518d37e31cb655039fa5f7 done
#31 exporting manifest list sha256:e41c5f476eb2f949137648c594205b6c6b094de508354271fe0679886d21ca4f done
#31 naming to docker.io/library/myb-myb-front:latest done
#31 unpacking to docker.io/library/myb-myb-front:latest 0.0s done
#31 DONE 0.1s

#32 [myb-front] resolving provenance for metadata file
#32 DONE 0.0s

#13 [myb-usermanager base 1/2] FROM mcr.microsoft.com/dotnet/aspnet:10.0@sha256:1aacc8154bc3071349907dae26849df301188be1a2e1f4560b903fb6275e481a
#13 sha256:61ebf6f35ef7958fe4f4e4697758c3050712a24477e094676d713136a97232a3 6.29MB / 34.51MB 29.0s
#13 sha256:a949b6a39d6f14f2d5977dfb7cac847f456c992f0fc70c86007e3d216b8d08d9 6.29MB / 12.25MB 30.0s
#13 sha256:a949b6a39d6f14f2d5977dfb7cac847f456c992f0fc70c86007e3d216b8d08d9 7.34MB / 12.25MB 30.3s
#13 sha256:3fc33d642c51f6f0385b998af2ed70258c5066342d3604c44905af761e7d15fe 6.29MB / 16.79MB 31.1s
#13 sha256:61ebf6f35ef7958fe4f4e4697758c3050712a24477e094676d713136a97232a3 8.39MB / 34.51MB 32.0s
#13 sha256:a949b6a39d6f14f2d5977dfb7cac847f456c992f0fc70c86007e3d216b8d08d9 8.39MB / 12.25MB 32.4s
#13 sha256:36bf709aa36d66b784b0ba1aa3276848f28501175eeb4d7a310b1a98578f8558 11.53MB / 28.86MB 32.1s
#13 sha256:a949b6a39d6f14f2d5977dfb7cac847f456c992f0fc70c86007e3d216b8d08d9 9.44MB / 12.25MB 34.4s
#13 sha256:3fc33d642c51f6f0385b998af2ed70258c5066342d3604c44905af761e7d15fe 7.34MB / 16.79MB 34.2s
#13 sha256:36bf709aa36d66b784b0ba1aa3276848f28501175eeb4d7a310b1a98578f8558 13.63MB / 28.86MB 34.7s
#13 sha256:a949b6a39d6f14f2d5977dfb7cac847f456c992f0fc70c86007e3d216b8d08d9 10.49MB / 12.25MB 37.1s
#13 sha256:61ebf6f35ef7958fe4f4e4697758c3050712a24477e094676d713136a97232a3 9.44MB / 34.51MB 37.1s
#13 sha256:3fc33d642c51f6f0385b998af2ed70258c5066342d3604c44905af761e7d15fe 8.39MB / 16.79MB 36.8s
#13 sha256:a949b6a39d6f14f2d5977dfb7cac847f456c992f0fc70c86007e3d216b8d08d9 11.53MB / 12.25MB 38.9s
#13 sha256:3fc33d642c51f6f0385b998af2ed70258c5066342d3604c44905af761e7d15fe 9.44MB / 16.79MB 38.4s
#13 sha256:a949b6a39d6f14f2d5977dfb7cac847f456c992f0fc70c86007e3d216b8d08d9 12.25MB / 12.25MB 39.9s done
#13 sha256:36bf709aa36d66b784b0ba1aa3276848f28501175eeb4d7a310b1a98578f8558 14.68MB / 28.86MB 39.8s
#13 sha256:3fc33d642c51f6f0385b998af2ed70258c5066342d3604c44905af761e7d15fe 10.49MB / 16.79MB 40.1s
#13 sha256:61ebf6f35ef7958fe4f4e4697758c3050712a24477e094676d713136a97232a3 11.53MB / 34.51MB 41.6s
#13 sha256:3fc33d642c51f6f0385b998af2ed70258c5066342d3604c44905af761e7d15fe 11.53MB / 16.79MB 41.9s
#13 sha256:36bf709aa36d66b784b0ba1aa3276848f28501175eeb4d7a310b1a98578f8558 16.78MB / 28.86MB 43.2s
#13 sha256:3fc33d642c51f6f0385b998af2ed70258c5066342d3604c44905af761e7d15fe 12.58MB / 16.79MB 44.6s
#13 sha256:61ebf6f35ef7958fe4f4e4697758c3050712a24477e094676d713136a97232a3 12.58MB / 34.51MB 46.7s
#13 sha256:3fc33d642c51f6f0385b998af2ed70258c5066342d3604c44905af761e7d15fe 13.63MB / 16.79MB 46.8s
#13 sha256:36bf709aa36d66b784b0ba1aa3276848f28501175eeb4d7a310b1a98578f8558 18.87MB / 28.86MB 47.7s
#13 sha256:61ebf6f35ef7958fe4f4e4697758c3050712a24477e094676d713136a97232a3 14.68MB / 34.51MB 49.1s
#13 ...

#27 [myb-usermanager build 1/8] FROM mcr.microsoft.com/dotnet/sdk:10.0@sha256:25d14b400b75fa4e89d5bd4487a92a604a4e409ab65becb91821e7dc4ac7f81f
#27 sha256:e2d5a88bb0663255f4856a8a2bf6505621b6a78ce8b9bf680d05cf0cd221189c 6.29MB / 17.67MB 10.1s
#27 ...

#13 [myb-usermanager base 1/2] FROM mcr.microsoft.com/dotnet/aspnet:10.0@sha256:1aacc8154bc3071349907dae26849df301188be1a2e1f4560b903fb6275e481a
#13 sha256:3fc33d642c51f6f0385b998af2ed70258c5066342d3604c44905af761e7d15fe 14.68MB / 16.79MB 50.0s
#13 sha256:3fc33d642c51f6f0385b998af2ed70258c5066342d3604c44905af761e7d15fe 15.73MB / 16.79MB 52.8s
#13 sha256:36bf709aa36d66b784b0ba1aa3276848f28501175eeb4d7a310b1a98578f8558 19.92MB / 28.86MB 52.8s
#13 sha256:61ebf6f35ef7958fe4f4e4697758c3050712a24477e094676d713136a97232a3 16.78MB / 34.51MB 53.9s
#13 sha256:3fc33d642c51f6f0385b998af2ed70258c5066342d3604c44905af761e7d15fe 16.79MB / 16.79MB 55.4s done
#13 sha256:36bf709aa36d66b784b0ba1aa3276848f28501175eeb4d7a310b1a98578f8558 22.02MB / 28.86MB 55.5s
#13 sha256:61ebf6f35ef7958fe4f4e4697758c3050712a24477e094676d713136a97232a3 17.83MB / 34.51MB 59.0s
#13 ...

#27 [myb-usermanager build 1/8] FROM mcr.microsoft.com/dotnet/sdk:10.0@sha256:25d14b400b75fa4e89d5bd4487a92a604a4e409ab65becb91821e7dc4ac7f81f
#27 sha256:e2d5a88bb0663255f4856a8a2bf6505621b6a78ce8b9bf680d05cf0cd221189c 9.44MB / 17.67MB 20.3s
#27 sha256:1fcaa5b17f5f0976daa033eb7b410bdf0b80cf3287e8d2fc224cc98a0c0c00f0 520B / 520B 0.4s done
#27 sha256:d01f1dfda1878d804b6afddea776d556b7fbd733e2df30b10a2bf239a38df2b0 2.10MB / 184.63MB 3.8s
#27 sha256:e2d5a88bb0663255f4856a8a2bf6505621b6a78ce8b9bf680d05cf0cd221189c 10.49MB / 17.67MB 20.4s
#27 ...

#13 [myb-usermanager base 1/2] FROM mcr.microsoft.com/dotnet/aspnet:10.0@sha256:1aacc8154bc3071349907dae26849df301188be1a2e1f4560b903fb6275e481a
#13 sha256:36bf709aa36d66b784b0ba1aa3276848f28501175eeb4d7a310b1a98578f8558 23.07MB / 28.86MB 60.6s
#13 sha256:61ebf6f35ef7958fe4f4e4697758c3050712a24477e094676d713136a97232a3 19.92MB / 34.51MB 61.4s
#13 sha256:36bf709aa36d66b784b0ba1aa3276848f28501175eeb4d7a310b1a98578f8558 25.17MB / 28.86MB 63.0s
#13 sha256:61ebf6f35ef7958fe4f4e4697758c3050712a24477e094676d713136a97232a3 20.97MB / 34.51MB 66.5s
#13 sha256:36bf709aa36d66b784b0ba1aa3276848f28501175eeb4d7a310b1a98578f8558 26.21MB / 28.86MB 68.1s
#13 sha256:61ebf6f35ef7958fe4f4e4697758c3050712a24477e094676d713136a97232a3 23.07MB / 34.51MB 69.5s
#13 ...

#27 [myb-usermanager build 1/8] FROM mcr.microsoft.com/dotnet/sdk:10.0@sha256:25d14b400b75fa4e89d5bd4487a92a604a4e409ab65becb91821e7dc4ac7f81f
#27 sha256:e2d5a88bb0663255f4856a8a2bf6505621b6a78ce8b9bf680d05cf0cd221189c 14.68MB / 17.67MB 30.5s
#27 sha256:d01f1dfda1878d804b6afddea776d556b7fbd733e2df30b10a2bf239a38df2b0 6.29MB / 184.63MB 14.0s
#27 sha256:e2d5a88bb0663255f4856a8a2bf6505621b6a78ce8b9bf680d05cf0cd221189c 15.73MB / 17.67MB 32.3s
#27 sha256:e2d5a88bb0663255f4856a8a2bf6505621b6a78ce8b9bf680d05cf0cd221189c 16.78MB / 17.67MB 33.9s
#27 ...

#13 [myb-usermanager base 1/2] FROM mcr.microsoft.com/dotnet/aspnet:10.0@sha256:1aacc8154bc3071349907dae26849df301188be1a2e1f4560b903fb6275e481a
#13 sha256:36bf709aa36d66b784b0ba1aa3276848f28501175eeb4d7a310b1a98578f8558 28.86MB / 28.86MB 73.8s done
#13 sha256:61ebf6f35ef7958fe4f4e4697758c3050712a24477e094676d713136a97232a3 24.12MB / 34.51MB 74.6s
#13 sha256:36bf709aa36d66b784b0ba1aa3276848f28501175eeb4d7a310b1a98578f8558 28.86MB / 28.86MB 73.8s done
#13 extracting sha256:36bf709aa36d66b784b0ba1aa3276848f28501175eeb4d7a310b1a98578f8558
#13 extracting sha256:36bf709aa36d66b784b0ba1aa3276848f28501175eeb4d7a310b1a98578f8558 0.3s done
#13 extracting sha256:3fc33d642c51f6f0385b998af2ed70258c5066342d3604c44905af761e7d15fe
#13 extracting sha256:3fc33d642c51f6f0385b998af2ed70258c5066342d3604c44905af761e7d15fe 0.2s done
#13 extracting sha256:156c514a08a7553f0c920c46bca2fbb096983f59697b934c1fe1959d0b5dfe7a done
#13 sha256:61ebf6f35ef7958fe4f4e4697758c3050712a24477e094676d713136a97232a3 26.21MB / 34.51MB 77.9s
#13 ...

#27 [myb-usermanager build 1/8] FROM mcr.microsoft.com/dotnet/sdk:10.0@sha256:25d14b400b75fa4e89d5bd4487a92a604a4e409ab65becb91821e7dc4ac7f81f
#27 sha256:e2d5a88bb0663255f4856a8a2bf6505621b6a78ce8b9bf680d05cf0cd221189c 17.67MB / 17.67MB 35.4s done
#27 sha256:d01f1dfda1878d804b6afddea776d556b7fbd733e2df30b10a2bf239a38df2b0 10.49MB / 184.63MB 22.7s
#27 sha256:0f22fff5333f4f3bd4ce4a03f391db6781906cf467c9a7e8b171e60920541ffa 3.15MB / 23.91MB 4.7s
#27 sha256:0f22fff5333f4f3bd4ce4a03f391db6781906cf467c9a7e8b171e60920541ffa 5.24MB / 23.91MB 7.5s
#27 sha256:d01f1dfda1878d804b6afddea776d556b7fbd733e2df30b10a2bf239a38df2b0 11.53MB / 184.63MB 27.8s
#27 sha256:0f22fff5333f4f3bd4ce4a03f391db6781906cf467c9a7e8b171e60920541ffa 5.24MB / 23.91MB 12.6s
#27 ...

#13 [myb-usermanager base 1/2] FROM mcr.microsoft.com/dotnet/aspnet:10.0@sha256:1aacc8154bc3071349907dae26849df301188be1a2e1f4560b903fb6275e481a
#13 sha256:61ebf6f35ef7958fe4f4e4697758c3050712a24477e094676d713136a97232a3 28.31MB / 34.51MB 89.1s
#13 ...

#27 [myb-usermanager build 1/8] FROM mcr.microsoft.com/dotnet/sdk:10.0@sha256:25d14b400b75fa4e89d5bd4487a92a604a4e409ab65becb91821e7dc4ac7f81f
#27 sha256:d01f1dfda1878d804b6afddea776d556b7fbd733e2df30b10a2bf239a38df2b0 12.58MB / 184.63MB 32.9s
#27 sha256:0f22fff5333f4f3bd4ce4a03f391db6781906cf467c9a7e8b171e60920541ffa 6.29MB / 23.91MB 17.7s
#27 sha256:d01f1dfda1878d804b6afddea776d556b7fbd733e2df30b10a2bf239a38df2b0 13.63MB / 184.63MB 38.0s
#27 sha256:0f22fff5333f4f3bd4ce4a03f391db6781906cf467c9a7e8b171e60920541ffa 7.34MB / 23.91MB 22.8s
#27 ...

#13 [myb-usermanager base 1/2] FROM mcr.microsoft.com/dotnet/aspnet:10.0@sha256:1aacc8154bc3071349907dae26849df301188be1a2e1f4560b903fb6275e481a
#13 sha256:61ebf6f35ef7958fe4f4e4697758c3050712a24477e094676d713136a97232a3 30.41MB / 34.51MB 99.3s
#13 ...

#27 [myb-usermanager build 1/8] FROM mcr.microsoft.com/dotnet/sdk:10.0@sha256:25d14b400b75fa4e89d5bd4487a92a604a4e409ab65becb91821e7dc4ac7f81f
#27 sha256:d01f1dfda1878d804b6afddea776d556b7fbd733e2df30b10a2bf239a38df2b0 13.63MB / 184.63MB 43.1s
#27 sha256:0f22fff5333f4f3bd4ce4a03f391db6781906cf467c9a7e8b171e60920541ffa 7.34MB / 23.91MB 27.9s
#27 sha256:d01f1dfda1878d804b6afddea776d556b7fbd733e2df30b10a2bf239a38df2b0 14.68MB / 184.63MB 48.2s
#27 sha256:0f22fff5333f4f3bd4ce4a03f391db6781906cf467c9a7e8b171e60920541ffa 8.39MB / 23.91MB 33.0s
#27 ...

#13 [myb-usermanager base 1/2] FROM mcr.microsoft.com/dotnet/aspnet:10.0@sha256:1aacc8154bc3071349907dae26849df301188be1a2e1f4560b903fb6275e481a
#13 sha256:61ebf6f35ef7958fe4f4e4697758c3050712a24477e094676d713136a97232a3 31.46MB / 34.51MB 109.5s
#13 ...

#27 [myb-usermanager build 1/8] FROM mcr.microsoft.com/dotnet/sdk:10.0@sha256:25d14b400b75fa4e89d5bd4487a92a604a4e409ab65becb91821e7dc4ac7f81f
#27 sha256:d01f1dfda1878d804b6afddea776d556b7fbd733e2df30b10a2bf239a38df2b0 14.68MB / 184.63MB 53.3s
#27 sha256:0f22fff5333f4f3bd4ce4a03f391db6781906cf467c9a7e8b171e60920541ffa 8.39MB / 23.91MB 38.1s
#27 sha256:d01f1dfda1878d804b6afddea776d556b7fbd733e2df30b10a2bf239a38df2b0 15.73MB / 184.63MB 58.4s
#27 sha256:0f22fff5333f4f3bd4ce4a03f391db6781906cf467c9a7e8b171e60920541ffa 9.44MB / 23.91MB 43.2s
#27 ...

#13 [myb-usermanager base 1/2] FROM mcr.microsoft.com/dotnet/aspnet:10.0@sha256:1aacc8154bc3071349907dae26849df301188be1a2e1f4560b903fb6275e481a
#13 sha256:61ebf6f35ef7958fe4f4e4697758c3050712a24477e094676d713136a97232a3 32.51MB / 34.51MB 119.7s
#13 ...

#27 [myb-usermanager build 1/8] FROM mcr.microsoft.com/dotnet/sdk:10.0@sha256:25d14b400b75fa4e89d5bd4487a92a604a4e409ab65becb91821e7dc4ac7f81f
#27 sha256:d01f1dfda1878d804b6afddea776d556b7fbd733e2df30b10a2bf239a38df2b0 15.73MB / 184.63MB 63.5s
#27 sha256:0f22fff5333f4f3bd4ce4a03f391db6781906cf467c9a7e8b171e60920541ffa 9.44MB / 23.91MB 48.3s
#27 sha256:d01f1dfda1878d804b6afddea776d556b7fbd733e2df30b10a2bf239a38df2b0 16.78MB / 184.63MB 68.6s
#27 sha256:0f22fff5333f4f3bd4ce4a03f391db6781906cf467c9a7e8b171e60920541ffa 10.49MB / 23.91MB 53.4s
#27 ...

#13 [myb-usermanager base 1/2] FROM mcr.microsoft.com/dotnet/aspnet:10.0@sha256:1aacc8154bc3071349907dae26849df301188be1a2e1f4560b903fb6275e481a
#13 sha256:61ebf6f35ef7958fe4f4e4697758c3050712a24477e094676d713136a97232a3 33.55MB / 34.51MB 129.9s
#13 ...

#27 [myb-usermanager build 1/8] FROM mcr.microsoft.com/dotnet/sdk:10.0@sha256:25d14b400b75fa4e89d5bd4487a92a604a4e409ab65becb91821e7dc4ac7f81f
#27 sha256:d01f1dfda1878d804b6afddea776d556b7fbd733e2df30b10a2bf239a38df2b0 17.83MB / 184.63MB 73.7s
#27 sha256:0f22fff5333f4f3bd4ce4a03f391db6781906cf467c9a7e8b171e60920541ffa 11.53MB / 23.91MB 58.5s
#27 ...

#13 [myb-usermanager base 1/2] FROM mcr.microsoft.com/dotnet/aspnet:10.0@sha256:1aacc8154bc3071349907dae26849df301188be1a2e1f4560b903fb6275e481a
#13 sha256:61ebf6f35ef7958fe4f4e4697758c3050712a24477e094676d713136a97232a3 34.51MB / 34.51MB 134.6s done
#13 extracting sha256:61ebf6f35ef7958fe4f4e4697758c3050712a24477e094676d713136a97232a3 0.3s done
#13 extracting sha256:b4b6fe451be1bd95f776ca0e0809204052b701c35ecc3e5de30fb66e80585659 done
#13 extracting sha256:a949b6a39d6f14f2d5977dfb7cac847f456c992f0fc70c86007e3d216b8d08d9 0.2s done
#13 DONE 135.2s

#27 [myb-usermanager build 1/8] FROM mcr.microsoft.com/dotnet/sdk:10.0@sha256:25d14b400b75fa4e89d5bd4487a92a604a4e409ab65becb91821e7dc4ac7f81f
#27 ...

#33 [myb-invoice base 2/2] WORKDIR /app
#33 DONE 0.1s

#34 [myb-payment base 2/2] WORKDIR /app
#34 DONE 0.1s

#35 [myb-invoice final 1/2] WORKDIR /app
#35 DONE 0.0s

#36 [myb-payment final 1/2] WORKDIR /app
#36 DONE 0.0s

#27 [myb-usermanager build 1/8] FROM mcr.microsoft.com/dotnet/sdk:10.0@sha256:25d14b400b75fa4e89d5bd4487a92a604a4e409ab65becb91821e7dc4ac7f81f
#27 sha256:d01f1dfda1878d804b6afddea776d556b7fbd733e2df30b10a2bf239a38df2b0 17.83MB / 184.63MB 78.8s
#27 sha256:0f22fff5333f4f3bd4ce4a03f391db6781906cf467c9a7e8b171e60920541ffa 11.53MB / 23.91MB 63.6s
#27 sha256:d01f1dfda1878d804b6afddea776d556b7fbd733e2df30b10a2bf239a38df2b0 18.87MB / 184.63MB 83.9s
#27 sha256:0f22fff5333f4f3bd4ce4a03f391db6781906cf467c9a7e8b171e60920541ffa 12.58MB / 23.91MB 68.7s
#27 sha256:d01f1dfda1878d804b6afddea776d556b7fbd733e2df30b10a2bf239a38df2b0 18.87MB / 184.63MB 89.0s
#27 sha256:0f22fff5333f4f3bd4ce4a03f391db6781906cf467c9a7e8b171e60920541ffa 12.58MB / 23.91MB 73.8s
#27 sha256:d01f1dfda1878d804b6afddea776d556b7fbd733e2df30b10a2bf239a38df2b0 18.87MB / 184.63MB 94.1s
#27 sha256:0f22fff5333f4f3bd4ce4a03f391db6781906cf467c9a7e8b171e60920541ffa 12.58MB / 23.91MB 78.9s
#27 sha256:d01f1dfda1878d804b6afddea776d556b7fbd733e2df30b10a2bf239a38df2b0 19.92MB / 184.63MB 99.2s
#27 sha256:0f22fff5333f4f3bd4ce4a03f391db6781906cf467c9a7e8b171e60920541ffa 13.63MB / 23.91MB 84.0s
#27 sha256:d01f1dfda1878d804b6afddea776d556b7fbd733e2df30b10a2bf239a38df2b0 19.92MB / 184.63MB 104.3s
#27 sha256:0f22fff5333f4f3bd4ce4a03f391db6781906cf467c9a7e8b171e60920541ffa 13.63MB / 23.91MB 89.1s
#27 sha256:d01f1dfda1878d804b6afddea776d556b7fbd733e2df30b10a2bf239a38df2b0 19.92MB / 184.63MB 109.4s
#27 sha256:0f22fff5333f4f3bd4ce4a03f391db6781906cf467c9a7e8b171e60920541ffa 13.63MB / 23.91MB 94.2s
#27 sha256:d01f1dfda1878d804b6afddea776d556b7fbd733e2df30b10a2bf239a38df2b0 20.97MB / 184.63MB 114.5s
#27 sha256:0f22fff5333f4f3bd4ce4a03f391db6781906cf467c9a7e8b171e60920541ffa 14.68MB / 23.91MB 99.3s
#27 sha256:d01f1dfda1878d804b6afddea776d556b7fbd733e2df30b10a2bf239a38df2b0 20.97MB / 184.63MB 119.6s
#27 sha256:0f22fff5333f4f3bd4ce4a03f391db6781906cf467c9a7e8b171e60920541ffa 15.73MB / 23.91MB 104.4s
#27 sha256:d01f1dfda1878d804b6afddea776d556b7fbd733e2df30b10a2bf239a38df2b0 22.02MB / 184.63MB 124.7s
#27 sha256:0f22fff5333f4f3bd4ce4a03f391db6781906cf467c9a7e8b171e60920541ffa 15.73MB / 23.91MB 109.5s
#27 sha256:d01f1dfda1878d804b6afddea776d556b7fbd733e2df30b10a2bf239a38df2b0 23.07MB / 184.63MB 129.8s
#27 sha256:0f22fff5333f4f3bd4ce4a03f391db6781906cf467c9a7e8b171e60920541ffa 16.78MB / 23.91MB 114.6s
#27 sha256:d01f1dfda1878d804b6afddea776d556b7fbd733e2df30b10a2bf239a38df2b0 24.12MB / 184.63MB 134.9s
#27 sha256:0f22fff5333f4f3bd4ce4a03f391db6781906cf467c9a7e8b171e60920541ffa 17.83MB / 23.91MB 119.7s
#27 sha256:d01f1dfda1878d804b6afddea776d556b7fbd733e2df30b10a2bf239a38df2b0 24.12MB / 184.63MB 140.0s
#27 sha256:0f22fff5333f4f3bd4ce4a03f391db6781906cf467c9a7e8b171e60920541ffa 19.92MB / 23.91MB 124.2s
#27 sha256:d01f1dfda1878d804b6afddea776d556b7fbd733e2df30b10a2bf239a38df2b0 28.31MB / 184.63MB 145.1s
#27 sha256:0f22fff5333f4f3bd4ce4a03f391db6781906cf467c9a7e8b171e60920541ffa 22.02MB / 23.91MB 127.7s
#27 sha256:0f22fff5333f4f3bd4ce4a03f391db6781906cf467c9a7e8b171e60920541ffa 23.91MB / 23.91MB 130.5s done
#27 sha256:0f22fff5333f4f3bd4ce4a03f391db6781906cf467c9a7e8b171e60920541ffa 23.91MB / 23.91MB 130.5s done
#27 extracting sha256:0f22fff5333f4f3bd4ce4a03f391db6781906cf467c9a7e8b171e60920541ffa
#27 extracting sha256:0f22fff5333f4f3bd4ce4a03f391db6781906cf467c9a7e8b171e60920541ffa 0.4s done
#27 sha256:d01f1dfda1878d804b6afddea776d556b7fbd733e2df30b10a2bf239a38df2b0 33.55MB / 184.63MB 150.2s
#27 sha256:d01f1dfda1878d804b6afddea776d556b7fbd733e2df30b10a2bf239a38df2b0 39.85MB / 184.63MB 155.3s
#27 sha256:d01f1dfda1878d804b6afddea776d556b7fbd733e2df30b10a2bf239a38df2b0 49.28MB / 184.63MB 160.4s
#27 sha256:d01f1dfda1878d804b6afddea776d556b7fbd733e2df30b10a2bf239a38df2b0 54.53MB / 184.63MB 165.5s
#27 sha256:d01f1dfda1878d804b6afddea776d556b7fbd733e2df30b10a2bf239a38df2b0 63.96MB / 184.63MB 170.4s
#27 sha256:d01f1dfda1878d804b6afddea776d556b7fbd733e2df30b10a2bf239a38df2b0 67.11MB / 184.63MB 175.5s
#27 sha256:d01f1dfda1878d804b6afddea776d556b7fbd733e2df30b10a2bf239a38df2b0 67.11MB / 184.63MB 180.6s
#27 sha256:d01f1dfda1878d804b6afddea776d556b7fbd733e2df30b10a2bf239a38df2b0 67.11MB / 184.63MB 185.7s
#27 sha256:d01f1dfda1878d804b6afddea776d556b7fbd733e2df30b10a2bf239a38df2b0 69.21MB / 184.63MB 190.8s
#27 sha256:d01f1dfda1878d804b6afddea776d556b7fbd733e2df30b10a2bf239a38df2b0 70.25MB / 184.63MB 222.1s
#27 sha256:d01f1dfda1878d804b6afddea776d556b7fbd733e2df30b10a2bf239a38df2b0 72.35MB / 184.63MB 227.2s
#27 sha256:d01f1dfda1878d804b6afddea776d556b7fbd733e2df30b10a2bf239a38df2b0 75.50MB / 184.63MB 232.3s
#27 sha256:d01f1dfda1878d804b6afddea776d556b7fbd733e2df30b10a2bf239a38df2b0 78.64MB / 184.63MB 237.4s
#27 sha256:d01f1dfda1878d804b6afddea776d556b7fbd733e2df30b10a2bf239a38df2b0 81.79MB / 184.63MB 242.5s
#27 sha256:d01f1dfda1878d804b6afddea776d556b7fbd733e2df30b10a2bf239a38df2b0 83.89MB / 184.63MB 247.6s
#27 sha256:d01f1dfda1878d804b6afddea776d556b7fbd733e2df30b10a2bf239a38df2b0 84.93MB / 184.63MB 252.7s
#27 sha256:d01f1dfda1878d804b6afddea776d556b7fbd733e2df30b10a2bf239a38df2b0 85.98MB / 184.63MB 257.8s
#27 sha256:d01f1dfda1878d804b6afddea776d556b7fbd733e2df30b10a2bf239a38df2b0 87.03MB / 184.63MB 262.9s
#27 sha256:d01f1dfda1878d804b6afddea776d556b7fbd733e2df30b10a2bf239a38df2b0 88.08MB / 184.63MB 268.0s
#27 sha256:d01f1dfda1878d804b6afddea776d556b7fbd733e2df30b10a2bf239a38df2b0 89.13MB / 184.63MB 273.1s
#27 sha256:d01f1dfda1878d804b6afddea776d556b7fbd733e2df30b10a2bf239a38df2b0 90.18MB / 184.63MB 278.2s
#27 sha256:d01f1dfda1878d804b6afddea776d556b7fbd733e2df30b10a2bf239a38df2b0 92.27MB / 184.63MB 283.3s
#27 sha256:d01f1dfda1878d804b6afddea776d556b7fbd733e2df30b10a2bf239a38df2b0 94.37MB / 184.63MB 288.4s
#27 sha256:d01f1dfda1878d804b6afddea776d556b7fbd733e2df30b10a2bf239a38df2b0 96.47MB / 184.63MB 293.5s
#27 sha256:d01f1dfda1878d804b6afddea776d556b7fbd733e2df30b10a2bf239a38df2b0 98.57MB / 184.63MB 298.6s
#27 sha256:d01f1dfda1878d804b6afddea776d556b7fbd733e2df30b10a2bf239a38df2b0 102.76MB / 184.63MB 303.7s
#27 sha256:d01f1dfda1878d804b6afddea776d556b7fbd733e2df30b10a2bf239a38df2b0 105.91MB / 184.63MB 308.8s
#27 sha256:d01f1dfda1878d804b6afddea776d556b7fbd733e2df30b10a2bf239a38df2b0 108.00MB / 184.63MB 313.9s
#27 sha256:d01f1dfda1878d804b6afddea776d556b7fbd733e2df30b10a2bf239a38df2b0 111.15MB / 184.63MB 319.0s
#27 sha256:d01f1dfda1878d804b6afddea776d556b7fbd733e2df30b10a2bf239a38df2b0 114.29MB / 184.63MB 324.1s
#27 sha256:d01f1dfda1878d804b6afddea776d556b7fbd733e2df30b10a2bf239a38df2b0 118.49MB / 184.63MB 329.2s
#27 sha256:d01f1dfda1878d804b6afddea776d556b7fbd733e2df30b10a2bf239a38df2b0 123.73MB / 184.63MB 334.3s
#27 sha256:d01f1dfda1878d804b6afddea776d556b7fbd733e2df30b10a2bf239a38df2b0 127.93MB / 184.63MB 339.4s
#27 sha256:d01f1dfda1878d804b6afddea776d556b7fbd733e2df30b10a2bf239a38df2b0 131.07MB / 184.63MB 344.5s
#27 sha256:d01f1dfda1878d804b6afddea776d556b7fbd733e2df30b10a2bf239a38df2b0 133.17MB / 184.63MB 349.6s
#27 sha256:d01f1dfda1878d804b6afddea776d556b7fbd733e2df30b10a2bf239a38df2b0 135.27MB / 184.63MB 354.7s
#27 sha256:d01f1dfda1878d804b6afddea776d556b7fbd733e2df30b10a2bf239a38df2b0 139.46MB / 184.63MB 359.8s
#27 sha256:d01f1dfda1878d804b6afddea776d556b7fbd733e2df30b10a2bf239a38df2b0 144.70MB / 184.63MB 364.9s
#27 sha256:d01f1dfda1878d804b6afddea776d556b7fbd733e2df30b10a2bf239a38df2b0 147.85MB / 184.63MB 370.0s
#27 sha256:d01f1dfda1878d804b6afddea776d556b7fbd733e2df30b10a2bf239a38df2b0 150.99MB / 184.63MB 375.1s
#27 sha256:d01f1dfda1878d804b6afddea776d556b7fbd733e2df30b10a2bf239a38df2b0 155.19MB / 184.63MB 380.2s
#27 sha256:d01f1dfda1878d804b6afddea776d556b7fbd733e2df30b10a2bf239a38df2b0 158.33MB / 184.63MB 385.3s
#27 sha256:d01f1dfda1878d804b6afddea776d556b7fbd733e2df30b10a2bf239a38df2b0 161.48MB / 184.63MB 390.4s
#27 sha256:d01f1dfda1878d804b6afddea776d556b7fbd733e2df30b10a2bf239a38df2b0 162.53MB / 184.63MB 395.5s
#27 sha256:d01f1dfda1878d804b6afddea776d556b7fbd733e2df30b10a2bf239a38df2b0 165.68MB / 184.63MB 400.6s
#27 sha256:d01f1dfda1878d804b6afddea776d556b7fbd733e2df30b10a2bf239a38df2b0 168.82MB / 184.63MB 405.7s
#27 sha256:d01f1dfda1878d804b6afddea776d556b7fbd733e2df30b10a2bf239a38df2b0 171.97MB / 184.63MB 410.8s
#27 sha256:d01f1dfda1878d804b6afddea776d556b7fbd733e2df30b10a2bf239a38df2b0 177.21MB / 184.63MB 415.9s
#27 sha256:d01f1dfda1878d804b6afddea776d556b7fbd733e2df30b10a2bf239a38df2b0 180.36MB / 184.63MB 421.0s
#27 sha256:d01f1dfda1878d804b6afddea776d556b7fbd733e2df30b10a2bf239a38df2b0 182.45MB / 184.63MB 426.1s
#27 sha256:d01f1dfda1878d804b6afddea776d556b7fbd733e2df30b10a2bf239a38df2b0 184.63MB / 184.63MB 428.2s done
#27 sha256:d01f1dfda1878d804b6afddea776d556b7fbd733e2df30b10a2bf239a38df2b0 184.63MB / 184.63MB 428.2s done
#27 extracting sha256:d01f1dfda1878d804b6afddea776d556b7fbd733e2df30b10a2bf239a38df2b0
#27 extracting sha256:d01f1dfda1878d804b6afddea776d556b7fbd733e2df30b10a2bf239a38df2b0 1.5s done
#27 extracting sha256:d01f1dfda1878d804b6afddea776d556b7fbd733e2df30b10a2bf239a38df2b0 1.5s done
#27 extracting sha256:1fcaa5b17f5f0976daa033eb7b410bdf0b80cf3287e8d2fc224cc98a0c0c00f0 done
#27 extracting sha256:e2d5a88bb0663255f4856a8a2bf6505621b6a78ce8b9bf680d05cf0cd221189c 0.1s done
#27 extracting sha256:e2d5a88bb0663255f4856a8a2bf6505621b6a78ce8b9bf680d05cf0cd221189c 0.1s done
#27 DONE 486.4s

#37 [myb-timesheet build 2/8] WORKDIR /src
#37 DONE 0.3s

#38 [myb-timesheet build 3/7] COPY [src/services/time-sheet/Myb.Timesheet/Myb.Timesheet.csproj, src/services/time-sheet/Myb.Timesheet/]
#38 DONE 0.0s

#39 [myb-payment build  3/11] COPY [src/services/payment-service/Myb.Payment/Myb.Payment.csproj, src/services/payment-service/Myb.Payment/]
#39 DONE 0.0s

#40 [myb-coproperty build  3/17] COPY [src/services/coproperty-management/Myb.Coproperty/Myb.Coproperty.csproj, src/services/coproperty-management/Myb.Coproperty/]
#40 DONE 0.0s

#41 [myb-docmanager build  3/24] COPY [src/services/document-management/Myb.Document/Myb.Document.csproj, src/services/document-management/Myb.Document/]
#41 DONE 0.0s

#42 [myb-usermanager build  3/11] COPY [src/services/user-manager/Myb.UserManager/Myb.UserManager.csproj, src/services/user-manager/Myb.UserManager/]
#42 DONE 0.0s

#43 [myb-notification build 3/8] COPY [src/services/notification-service/Myb.Notification/Myb.Notification.csproj, src/services/notification-service/Myb.Notification/]
#43 DONE 0.0s

#44 [myb-invoice build  3/22] COPY [src/services/invoice-management/Myb.Invoice/Myb.Invoice.csproj, src/services/invoice-management/Myb.Invoice/]
#44 DONE 0.0s

#45 [myb-coproperty build  4/17] COPY [src/common/Myb.Common.Models/Myb.Common.Models.csproj, src/common/Myb.Common.Models/]
#45 DONE 0.0s

#46 [myb-payment build  4/11] COPY [src/common/Myb.Common.Authentification/Myb.Common.Authentification.csproj, src/common/Myb.Common.Authentification/]
#46 DONE 0.0s

#47 [myb-docmanager build  4/24] COPY [src/common/Myb.Common.Models/Myb.Common.Models.csproj, src/common/Myb.Common.Models/]
#47 DONE 0.0s

#48 [myb-invoice build  4/22] COPY [src/common/Myb.Common.Models/Myb.Common.Models.csproj, src/common/Myb.Common.Models/]
#48 DONE 0.0s

#49 [myb-usermanager build  4/11] COPY [src/services/user-manager/Myb.UserManager.Models/Myb.UserManager.Models.csproj, src/services/user-manager/Myb.UserManager.Models/]
#49 DONE 0.0s

#50 [myb-coproperty build  5/17] COPY [src/common/Myb.Common.Repositories/Myb.Common.Repositories.csproj, src/common/Myb.Common.Repositories/]
#50 DONE 0.0s

#51 [myb-docmanager build  5/24] COPY [src/common/Myb.Common.Repositories/Myb.Common.Repositories.csproj, src/common/Myb.Common.Repositories/]
#51 DONE 0.0s

#52 [myb-payment build  5/11] COPY [src/services/payment-service/Myb.Payment.EntityFrameWork.Infra/Myb.Payment.EntityFrameWork.Infra.csproj, src/services/payment-service/Myb.Payment.EntityFrameWork.Infra/]
#52 DONE 0.0s

#53 [myb-invoice build  5/22] COPY [src/common/Myb.Common.Repositories/Myb.Common.Repositories.csproj, src/common/Myb.Common.Repositories/]
#53 DONE 0.0s

#54 [myb-usermanager build  5/11] COPY [src/services/user-manager/Myb.UserManager.Sevices/Myb.UserManager.Sevices.csproj, src/services/user-manager/Myb.UserManager.Sevices/]
#54 DONE 0.0s

#55 [myb-docmanager build  6/24] COPY [src/common/Myb.Common.Authentification/Myb.Common.Authentification.csproj, src/common/Myb.Common.Authentification/]
#55 DONE 0.0s

#56 [myb-usermanager build  6/11] COPY [src/services/user-manager/Myb.UserManager.Data/Myb.UserManager.Data.csproj, src/services/user-manager/Myb.UserManager.Data/]
#56 DONE 0.0s

#57 [myb-coproperty build  6/17] COPY [src/common/Myb.Common.Authentification/Myb.Common.Authentification.csproj, src/common/Myb.Common.Authentification/]
#57 DONE 0.0s

#58 [myb-invoice build  6/22] COPY [src/common/Myb.Common.Authentification/Myb.Common.Authentification.csproj, src/common/Myb.Common.Authentification/]
#58 DONE 0.0s

#59 [myb-docmanager build  7/24] COPY [src/common/Myb.Common.GraphQL.Infra/Myb.Common.GraphQL.Infra.csproj, src/common/Myb.Common.GraphQL.Infra/]
#59 DONE 0.0s

#60 [myb-coproperty build  7/17] COPY [src/common/Myb.Common.GraphQL.Infra/Myb.Common.GraphQL.Infra.csproj, src/common/Myb.Common.GraphQL.Infra/]
#60 DONE 0.0s

#61 [myb-invoice build  7/22] COPY [src/common/Myb.Common.GraphQL.Infra/Myb.Common.GraphQL.Infra.csproj, src/common/Myb.Common.GraphQL.Infra/]
#61 DONE 0.0s

#62 [myb-docmanager build  8/24] COPY [src/common/Myb.Common.Utils/Myb.Common.Utils.csproj, src/common/Myb.Common.Utils/]
#62 DONE 0.0s

#63 [myb-coproperty build  8/17] COPY [src/common/Myb.Common.Utils/Myb.Common.Utils.csproj, src/common/Myb.Common.Utils/]
#63 DONE 0.0s

#64 [myb-invoice build  8/22] COPY [src/common/Myb.Common.Utils/Myb.Common.Utils.csproj, src/common/Myb.Common.Utils/]
#64 DONE 0.0s

#65 [myb-docmanager build  9/24] COPY [src/common/Myb.Common.Stripe/Myb.Common.Stripe.csproj, src/common/Myb.Common.Stripe/]
#65 DONE 0.0s

#66 [myb-coproperty build  9/17] COPY [src/services/user-manager/Myb.UserManager.Models/Myb.UserManager.Models.csproj, src/services/user-manager/Myb.UserManager.Models/]
#66 DONE 0.0s

#67 [myb-invoice build  9/22] COPY [src/common/Myb.Common.Stripe/Myb.Common.Stripe.csproj, src/common/Myb.Common.Stripe/]
#67 DONE 0.0s

#68 [myb-coproperty build 10/17] COPY [src/services/time-sheet/Myb.Timesheet.Infra/Myb.Timesheet.Infra.csproj, src/services/time-sheet/Myb.Timesheet.Infra/]
#68 DONE 0.0s

#69 [myb-docmanager build 10/24] COPY [src/services/document-management/Myb.Document.EntityFrameWork.Infra/Myb.Document.EntityFrameWork.Infra.csproj, src/services/document-management/Myb.Document.EntityFrameWork.Infra/]
#69 DONE 0.0s

#70 [myb-coproperty build 11/17] RUN dotnet restore "src/services/coproperty-management/Myb.Coproperty/Myb.Coproperty.csproj"
#70 ...

#71 [myb-invoice build 10/22] COPY [src/services/invoice-management/Myb.Invoice.EntityFrameWork.Infra/Myb.Invoice.EntityFrameWork.Infra.csproj, src/services/invoice-management/Myb.Invoice.EntityFrameWork.Infra/]
#71 DONE 0.0s

#72 [myb-docmanager build 11/24] COPY [src/services/document-management/Myb.Document.Infra/Myb.Document.Infra.csproj, src/services/document-management/Myb.Document.Infra/]
#72 DONE 0.0s

#73 [myb-invoice build 11/22] COPY [src/services/invoice-management/Myb.Invoice.Infra/Myb.Invoice.Infra.csproj, src/services/invoice-management/Myb.Invoice.Infra/]
#73 DONE 0.0s

#74 [myb-docmanager build 12/24] COPY [src/services/document-management/Myb.document.Model/Myb.document.Model.csproj, src/services/document-management/Myb.document.Model/]
#74 DONE 0.0s

#75 [myb-invoice build 12/22] COPY [src/services/invoice-management/Myb.Invoice.Models/Myb.Invoice.Models.csproj, src/services/invoice-management/Myb.Invoice.Models/]
#75 DONE 0.0s

#76 [myb-docmanager build 13/24] COPY [src/services/document-management/Myb.Document.Services/Myb.Document.Services.csproj, src/services/document-management/Myb.Document.Services/]
#76 DONE 0.0s

#77 [myb-invoice build 13/22] COPY [src/services/invoice-management/Myb.Invoice.Services/Myb.Invoice.Services.csproj, src/services/invoice-management/Myb.Invoice.Services/]
#77 DONE 0.0s

#78 [myb-docmanager build 14/24] COPY [src/services/user-manager/Myb.UserManager.Models/Myb.UserManager.Models.csproj, src/services/user-manager/Myb.UserManager.Models/]
#78 DONE 0.0s

#79 [myb-invoice build 14/22] COPY [src/services/user-manager/Myb.UserManager.Models/Myb.UserManager.Models.csproj, src/services/user-manager/Myb.UserManager.Models/]
#79 DONE 0.0s

#80 [myb-invoice build 15/22] COPY [src/services/time-sheet/Myb.Timesheet.Infra/Myb.Timesheet.Infra.csproj, src/services/time-sheet/Myb.Timesheet.Infra/]
#80 DONE 0.0s

#81 [myb-docmanager build 15/24] COPY [src/services/user-manager/Myb.UserManager.EntityFrameWork.Infra/Myb.UserManager.EntityFrameWork.Infra.csproj, src/services/user-manager/Myb.UserManager.EntityFrameWork.Infra/]
#81 DONE 0.0s

#82 [myb-docmanager build 16/24] COPY [src/services/user-manager/Myb.UserManager.Infra/Myb.UserManager.Infra.csproj, src/services/user-manager/Myb.UserManager.Infra/]
#82 DONE 0.0s

#83 [myb-docmanager build 17/24] COPY [src/services/time-sheet/Myb.Timesheet.Infra/Myb.Timesheet.Infra.csproj, src/services/time-sheet/Myb.Timesheet.Infra/]
#83 DONE 0.0s

#84 [myb-invoice build 16/22] RUN dotnet restore "src/services/invoice-management/Myb.Invoice/Myb.Invoice.csproj"
#84 0.593   Determining projects to restore...
#84 1.184   Skipping project "/src/src/services/time-sheet/Myb.Timesheet.Models/Myb.Timesheet.Models.csproj" because it was not found.
#84 1.184   Skipping project "/src/src/services/time-sheet/Myb.Timesheet.Services/Myb.Timesheet.Services.csproj" because it was not found.
#84 1.597   Skipping project "/src/src/services/time-sheet/Myb.Timesheet.Models/Myb.Timesheet.Models.csproj" because it was not found.
#84 1.597   Skipping project "/src/src/services/time-sheet/Myb.Timesheet.Services/Myb.Timesheet.Services.csproj" because it was not found.
#84 ...

#85 [myb-docmanager build 18/24] RUN dotnet restore "src/services/document-management/Myb.Document/Myb.Document.csproj"
#85 0.649   Determining projects to restore...
#85 1.147 /src/src/services/document-management/Myb.Document.EntityFrameWork.Infra/Myb.Document.EntityFrameWork.Infra.csproj(15,31): error MSB4025: The project file could not be loaded. '\' is an unexpected token. The expected token is '"' or '''. Line 15, position 31.
#85 1.445 /src/src/services/document-management/Myb.Document.EntityFrameWork.Infra/Myb.Document.EntityFrameWork.Infra.csproj(15,31): error MSB4025: The project file could not be loaded. '\' is an unexpected token. The expected token is '"' or '''. Line 15, position 31.
#85 1.462   Skipping project "/src/src/services/user-manager/Myb.UserManager.Sevices/Myb.UserManager.Sevices.csproj" because it was not found.
#85 1.470   Skipping project "/src/src/services/time-sheet/Myb.Timesheet.Models/Myb.Timesheet.Models.csproj" because it was not found.
#85 1.471   Skipping project "/src/src/services/time-sheet/Myb.Timesheet.Services/Myb.Timesheet.Services.csproj" because it was not found.
#85 ERROR: process "/bin/sh -c dotnet restore \"src/services/document-management/Myb.Document/Myb.Document.csproj\"" did not complete successfully: exit code: 1

#86 [myb-timesheet build 4/7] RUN dotnet restore "src/services/time-sheet/Myb.Timesheet/Myb.Timesheet.csproj"
#86 0.620   Determining projects to restore...
#86 0.622   Skipping project "/src/src/common/Myb.Common.Authentification/Myb.Common.Authentification.csproj" because it was not found.
#86 0.622   Skipping project "/src/src/common/Myb.Common.GraphQL.Infra/Myb.Common.GraphQL.Infra.csproj" because it was not found.
#86 0.622   Skipping project "/src/src/services/user-manager/Myb.UserManager.EntityFrameWork.Infra/Myb.UserManager.EntityFrameWork.Infra.csproj" because it was not found.
#86 0.622   Skipping project "/src/src/services/user-manager/Myb.UserManager.Infra/Myb.UserManager.Infra.csproj" because it was not found.
#86 0.622   Skipping project "/src/src/services/time-sheet/Myb.Timesheet.EntityFrameWork.Infra/Myb.Timesheet.EntityFrameWork.Infra.csproj" because it was not found.
#86 0.622   Skipping project "/src/src/services/time-sheet/Myb.Timesheet.Infra/Myb.Timesheet.Infra.csproj" because it was not found.
#86 0.623   Skipping project "/src/src/common/Myb.Common.Authentification/Myb.Common.Authentification.csproj" because it was not found.
#86 0.623   Skipping project "/src/src/common/Myb.Common.GraphQL.Infra/Myb.Common.GraphQL.Infra.csproj" because it was not found.
#86 0.623   Skipping project "/src/src/services/user-manager/Myb.UserManager.EntityFrameWork.Infra/Myb.UserManager.EntityFrameWork.Infra.csproj" because it was not found.
#86 0.623   Skipping project "/src/src/services/user-manager/Myb.UserManager.Infra/Myb.UserManager.Infra.csproj" because it was not found.
#86 0.623   Skipping project "/src/src/services/time-sheet/Myb.Timesheet.EntityFrameWork.Infra/Myb.Timesheet.EntityFrameWork.Infra.csproj" because it was not found.
#86 0.623   Skipping project "/src/src/services/time-sheet/Myb.Timesheet.Infra/Myb.Timesheet.Infra.csproj" because it was not found.
#86 CANCELED

#70 [myb-coproperty build 11/17] RUN dotnet restore "src/services/coproperty-management/Myb.Coproperty/Myb.Coproperty.csproj"
#70 0.576   Determining projects to restore...
#70 CANCELED

#87 [myb-payment build  6/11] RUN dotnet restore "src/services/payment-service/Myb.Payment/Myb.Payment.csproj"
#87 0.619   Determining projects to restore...
#87 0.640   Skipping project "/src/src/services/user-manager/Myb.UserManager.Models/Myb.UserManager.Models.csproj" because it was not found.
#87 0.917   Skipping project "/src/src/services/payment-service/Myb.Payment.Models/Myb.Payment.Models.csproj" because it was not found.
#87 0.928   Skipping project "/src/src/services/user-manager/Myb.UserManager.Models/Myb.UserManager.Models.csproj" because it was not found.
#87 0.928   Skipping project "/src/src/services/payment-service/Myb.Payment.Models/Myb.Payment.Models.csproj" because it was not found.
#87 CANCELED

#84 [myb-invoice build 16/22] RUN dotnet restore "src/services/invoice-management/Myb.Invoice/Myb.Invoice.csproj"
#84 CANCELED

#88 [myb-notification build 4/8] RUN dotnet restore "./src/services/notification-service/Myb.Notification/./Myb.Notification.csproj"
#88 0.598   Determining projects to restore...
#88 0.602   Skipping project "/src/src/common/Myb.Common.Repositories/Myb.Common.Repositories.csproj" because it was not found.
#88 0.605   Skipping project "/src/src/common/Myb.Common.Repositories/Myb.Common.Repositories.csproj" because it was not found.
#88 0.854 /src/src/services/notification-service/Myb.Notification/Myb.Notification.csproj : warning NU1510: PackageReference Microsoft.AspNetCore.SignalR will not be pruned. Consider removing this package from your dependencies, as it is likely unnecessary.
#88 CANCELED

#89 [myb-usermanager build  7/11] RUN dotnet restore "./src/services/user-manager/Myb.UserManager/./Myb.UserManager.csproj"
#89 0.633   Determining projects to restore...
#89 0.637   Skipping project "/src/src/common/Myb.Common.Authentification/Myb.Common.Authentification.csproj" because it was not found.
#89 0.637   Skipping project "/src/src/common/Myb.Common.GraphQL.Infra/Myb.Common.GraphQL.Infra.csproj" because it was not found.
#89 0.637   Skipping project "/src/src/services/user-manager/Myb.UserManager.Infra/Myb.UserManager.Infra.csproj" because it was not found.
#89 0.657   Skipping project "/src/src/common/Myb.Common.Models/Myb.Common.Models.csproj" because it was not found.
#89 0.948   Skipping project "/src/src/common/Myb.Common.Authentification/Myb.Common.Authentification.csproj" because it was not found.
#89 0.948   Skipping project "/src/src/common/Myb.Common.Repositories/Myb.Common.Repositories.csproj" because it was not found.
#89 0.948   Skipping project "/src/src/services/user-manager/Myb.UserManager.EntityFrameWork.Infra/Myb.UserManager.EntityFrameWork.Infra.csproj" because it was not found.
#89 0.982   Skipping project "/src/src/common/Myb.Common.Authentification/Myb.Common.Authentification.csproj" because it was not found.
#89 0.982   Skipping project "/src/src/common/Myb.Common.GraphQL.Infra/Myb.Common.GraphQL.Infra.csproj" because it was not found.
#89 0.982   Skipping project "/src/src/services/user-manager/Myb.UserManager.Infra/Myb.UserManager.Infra.csproj" because it was not found.
#89 0.982   Skipping project "/src/src/common/Myb.Common.Models/Myb.Common.Models.csproj" because it was not found.
#89 0.982   Skipping project "/src/src/common/Myb.Common.Repositories/Myb.Common.Repositories.csproj" because it was not found.
#89 0.982   Skipping project "/src/src/services/user-manager/Myb.UserManager.EntityFrameWork.Infra/Myb.UserManager.EntityFrameWork.Infra.csproj" because it was not found.
#89 1.371 /src/src/services/user-manager/Myb.UserManager/Myb.UserManager.csproj : warning NU1510: PackageReference Microsoft.AspNetCore.Authentication will not be pruned. Consider removing this package from your dependencies, as it is likely unnecessary.
#89 CANCELED
------
 > [myb-front] importing cache manifest from myb-front:latest:
------
------
 > [myb-docmanager build 18/24] RUN dotnet restore "src/services/document-management/Myb.Document/Myb.Document.csproj":
0.649   Determining projects to restore...
1.147 /src/src/services/document-management/Myb.Document.EntityFrameWork.Infra/Myb.Document.EntityFrameWork.Infra.csproj(15,31): error MSB4025: The project file could not be loaded. '\' is an unexpected token. The expected token is '"' or '''. Line 15, position 31.
1.445 /src/src/services/document-management/Myb.Document.EntityFrameWork.Infra/Myb.Document.EntityFrameWork.Infra.csproj(15,31): error MSB4025: The project file could not be loaded. '\' is an unexpected token. The expected token is '"' or '''. Line 15, position 31.
1.462   Skipping project "/src/src/services/user-manager/Myb.UserManager.Sevices/Myb.UserManager.Sevices.csproj" because it was not found.
1.470   Skipping project "/src/src/services/time-sheet/Myb.Timesheet.Models/Myb.Timesheet.Models.csproj" because it was not found.
1.471   Skipping project "/src/src/services/time-sheet/Myb.Timesheet.Services/Myb.Timesheet.Services.csproj" because it was not found.
------
Dockerfile:34

--------------------

  32 |     

  33 |     # Restore dependencies (cached unless csproj changes)

  34 | >>> RUN dotnet restore "src/services/document-management/Myb.Document/Myb.Document.csproj"

  35 |     

  36 |     # Copy all source code

--------------------

target myb-docmanager: failed to solve: process "/bin/sh -c dotnet restore \"src/services/document-management/Myb.Document/Myb.Document.csproj\"" did not complete successfully: exit code: 1

time="2026-01-14T21:49:08+01:00" level=warning msg="/Users/macbook/Workspace/myb/docker-compose.yml: the attribute `version` is obsolete, it will be ignored, please remove it to avoid potential confusion"
 Image postgres:16.2 Pulling 
 Image postgres:16.2 Pulling 
 Image postgres:16.2 Pulling 
 Image postgres:16.2 Pulling 
 Image postgres:16.2 Pulling 
 760b0afee078  
 2a3aee5cff18  
 87cffb22d195  
 22d97f6a5d13  
 50b78e752f7f  
 57095a025f36  
 b3e07fcc12d0  
 545ff1a262fc  
 5884e2123361  
 0533baad3023  
 cccf13a4d744  
 6427dcf47359  
 8545ad4dd4d4  
 a41943a7475b  
 6427dcf47359  
 cccf13a4d744  
 8545ad4dd4d4  
 b3e07fcc12d0  
 5884e2123361  
 0533baad3023  
 a41943a7475b  
 57095a025f36  
 545ff1a262fc  
 2a3aee5cff18  
 87cffb22d195  
 50b78e752f7f  
 22d97f6a5d13  
 760b0afee078  
 22d97f6a5d13  
 50b78e752f7f  
 a41943a7475b  
 6427dcf47359  
 545ff1a262fc  
 57095a025f36  
 b3e07fcc12d0  
 2a3aee5cff18  
 760b0afee078  
 87cffb22d195  
 8545ad4dd4d4  
 0533baad3023  
 5884e2123361  
 cccf13a4d744  
 50b78e752f7f     128B/128B 
 b3e07fcc12d0     171B/171B 
 b3e07fcc12d0  
 50b78e752f7f  
 a41943a7475b  
 b3e07fcc12d0  
 50b78e752f7f  
 a41943a7475b  
 50b78e752f7f  
 b3e07fcc12d0  
 a41943a7475b  
 87cffb22d195  
 87cffb22d195  
 87cffb22d195  
 ed3be8d5a05b  
 ed3be8d5a05b  
 6427dcf47359  
 ed3be8d5a05b  
 6427dcf47359  
 ed3be8d5a05b  
 6427dcf47359  
 ed3be8d5a05b  
 6427dcf47359  
 b3e07fcc12d0  
 87cffb22d195  
 cccf13a4d744  
 22d97f6a5d13  
 2a3aee5cff18  
 760b0afee078  
 50b78e752f7f  
 57095a025f36  
 545ff1a262fc  
 5884e2123361  
 8545ad4dd4d4  
 0533baad3023  
 a41943a7475b  
 6427dcf47359  
 8545ad4dd4d4  
 0533baad3023  
 87cffb22d195  
 2a3aee5cff18  
 b3e07fcc12d0  
 22d97f6a5d13  
 760b0afee078  
 50b78e752f7f  
 57095a025f36  
 545ff1a262fc  
 a41943a7475b  
 cccf13a4d744  
 5884e2123361  
 b3e07fcc12d0  
 8545ad4dd4d4  
 a41943a7475b  
 50b78e752f7f  
 8545ad4dd4d4  
 87cffb22d195  
 6427dcf47359  
 8545ad4dd4d4  
 8545ad4dd4d4  
 6427dcf47359  
 8545ad4dd4d4  
 b3e07fcc12d0  
 50b78e752f7f  
 a41943a7475b  
 87cffb22d195  
 57095a025f36  
 57095a025f36  
 57095a025f36  
 57095a025f36  
 57095a025f36  
 760b0afee078  
 760b0afee078  
 760b0afee078  
 760b0afee078  
 760b0afee078  
 5884e2123361   5.42kB/5.42kB 
 5884e2123361  
 5884e2123361  
 5884e2123361  
 5884e2123361  
 5884e2123361  
 22d97f6a5d13  1.049MB/29.18MB 
 22d97f6a5d13  1.049MB/29.18MB 
 22d97f6a5d13  1.049MB/29.18MB 
 22d97f6a5d13  1.049MB/29.18MB 
 22d97f6a5d13  1.049MB/29.18MB 
 22d97f6a5d13  1.049MB/29.18MB 
 22d97f6a5d13  1.049MB/29.18MB 
 22d97f6a5d13  1.049MB/29.18MB 
 22d97f6a5d13  1.049MB/29.18MB 
 22d97f6a5d13  1.049MB/29.18MB 
 22d97f6a5d13  1.049MB/29.18MB 
 22d97f6a5d13  1.049MB/29.18MB 
 cccf13a4d744  1.049MB/1.382MB 
 cccf13a4d744  1.049MB/1.382MB 
 22d97f6a5d13  1.049MB/29.18MB 
 22d97f6a5d13  1.049MB/29.18MB 
 cccf13a4d744  1.049MB/1.382MB 
 cccf13a4d744  1.049MB/1.382MB 
 22d97f6a5d13  1.049MB/29.18MB 
 cccf13a4d744  1.049MB/1.382MB 
 22d97f6a5d13  1.049MB/29.18MB 
 22d97f6a5d13  1.049MB/29.18MB 
 cccf13a4d744  1.049MB/1.382MB 
 cccf13a4d744  1.049MB/1.382MB 
 22d97f6a5d13  1.049MB/29.18MB 
 22d97f6a5d13  1.049MB/29.18MB 
 22d97f6a5d13  1.049MB/29.18MB 
 cccf13a4d744  1.049MB/1.382MB 
 cccf13a4d744  1.049MB/1.382MB 
 22d97f6a5d13  1.049MB/29.18MB 
 cccf13a4d744  1.049MB/1.382MB 
 22d97f6a5d13  1.049MB/29.18MB 
 cccf13a4d744  1.049MB/1.382MB 
 cccf13a4d744  1.049MB/1.382MB 
 22d97f6a5d13  1.049MB/29.18MB 
 cccf13a4d744  1.049MB/1.382MB 
 22d97f6a5d13  1.049MB/29.18MB 
 22d97f6a5d13  1.049MB/29.18MB 
 cccf13a4d744  1.049MB/1.382MB 
 cccf13a4d744  1.049MB/1.382MB 
 22d97f6a5d13  1.049MB/29.18MB 
 22d97f6a5d13  1.049MB/29.18MB 
 cccf13a4d744  1.049MB/1.382MB 
 cccf13a4d744  1.049MB/1.382MB 
 22d97f6a5d13  1.049MB/29.18MB 
 22d97f6a5d13  1.049MB/29.18MB 
 cccf13a4d744  1.049MB/1.382MB 
 22d97f6a5d13  1.049MB/29.18MB 
 cccf13a4d744  1.049MB/1.382MB 
 22d97f6a5d13  1.049MB/29.18MB 
 cccf13a4d744  1.049MB/1.382MB 
 cccf13a4d744  1.049MB/1.382MB 
 22d97f6a5d13  1.049MB/29.18MB 
 cccf13a4d744  1.049MB/1.382MB 
 22d97f6a5d13  1.049MB/29.18MB 
 22d97f6a5d13  1.049MB/29.18MB 
 cccf13a4d744  1.049MB/1.382MB 
 22d97f6a5d13  1.049MB/29.18MB 
 cccf13a4d744  1.049MB/1.382MB 
 22d97f6a5d13  1.049MB/29.18MB 
 cccf13a4d744  1.049MB/1.382MB 
 22d97f6a5d13  1.049MB/29.18MB 
 cccf13a4d744  1.049MB/1.382MB 
 cccf13a4d744  1.049MB/1.382MB 
 22d97f6a5d13  1.049MB/29.18MB 
 22d97f6a5d13  1.049MB/29.18MB 
 22d97f6a5d13  1.049MB/29.18MB 
 cccf13a4d744  
 cccf13a4d744  
 cccf13a4d744  
 22d97f6a5d13  1.049MB/29.18MB 
 22d97f6a5d13  1.049MB/29.18MB 
 cccf13a4d744  
 cccf13a4d744  
 22d97f6a5d13  1.049MB/29.18MB 
 22d97f6a5d13  1.049MB/29.18MB 
 22d97f6a5d13  1.049MB/29.18MB 
 22d97f6a5d13  1.049MB/29.18MB 
 22d97f6a5d13  1.049MB/29.18MB 
 22d97f6a5d13  1.049MB/29.18MB 
 22d97f6a5d13  1.049MB/29.18MB 
 22d97f6a5d13  1.049MB/29.18MB 
 22d97f6a5d13  1.049MB/29.18MB 
 22d97f6a5d13  1.049MB/29.18MB 
 22d97f6a5d13  1.049MB/29.18MB 
 22d97f6a5d13  1.049MB/29.18MB 
 22d97f6a5d13  1.049MB/29.18MB 
 22d97f6a5d13  1.049MB/29.18MB 
 22d97f6a5d13  1.049MB/29.18MB 
 22d97f6a5d13  1.049MB/29.18MB 
 22d97f6a5d13  1.049MB/29.18MB 
 22d97f6a5d13  1.049MB/29.18MB 
 22d97f6a5d13  1.049MB/29.18MB 
 22d97f6a5d13  1.049MB/29.18MB 
 22d97f6a5d13  1.049MB/29.18MB 
 22d97f6a5d13  1.049MB/29.18MB 
 22d97f6a5d13  1.049MB/29.18MB 
 22d97f6a5d13  1.049MB/29.18MB 
 22d97f6a5d13  1.049MB/29.18MB 
 22d97f6a5d13  2.097MB/29.18MB 
 22d97f6a5d13  2.097MB/29.18MB 
 22d97f6a5d13  2.097MB/29.18MB 
 22d97f6a5d13  2.097MB/29.18MB 
 22d97f6a5d13  2.097MB/29.18MB 
 22d97f6a5d13  2.097MB/29.18MB 
 22d97f6a5d13  2.097MB/29.18MB 
 22d97f6a5d13  2.097MB/29.18MB 
 22d97f6a5d13  2.097MB/29.18MB 
 22d97f6a5d13  2.097MB/29.18MB 
 22d97f6a5d13  2.097MB/29.18MB 
 22d97f6a5d13  2.097MB/29.18MB 
 22d97f6a5d13  2.097MB/29.18MB 
 22d97f6a5d13  2.097MB/29.18MB 
 22d97f6a5d13  2.097MB/29.18MB 
 22d97f6a5d13  2.097MB/29.18MB 
 545ff1a262fc  1.049MB/4.499MB 
 22d97f6a5d13  2.097MB/29.18MB 
 545ff1a262fc  1.049MB/4.499MB 
 22d97f6a5d13  2.097MB/29.18MB 
 545ff1a262fc  1.049MB/4.499MB 
 22d97f6a5d13  2.097MB/29.18MB 
 545ff1a262fc  1.049MB/4.499MB 
 22d97f6a5d13  2.097MB/29.18MB 
 545ff1a262fc  1.049MB/4.499MB 
 22d97f6a5d13  2.097MB/29.18MB 
 545ff1a262fc  1.049MB/4.499MB 
 22d97f6a5d13  2.097MB/29.18MB 
 545ff1a262fc  1.049MB/4.499MB 
 22d97f6a5d13  2.097MB/29.18MB 
 22d97f6a5d13  2.097MB/29.18MB 
 545ff1a262fc  1.049MB/4.499MB 
 22d97f6a5d13  2.097MB/29.18MB 
 545ff1a262fc  1.049MB/4.499MB 
 545ff1a262fc  1.049MB/4.499MB 
 22d97f6a5d13  2.097MB/29.18MB 
 545ff1a262fc  1.049MB/4.499MB 
 22d97f6a5d13  2.097MB/29.18MB 
 545ff1a262fc  1.049MB/4.499MB 
 22d97f6a5d13  2.097MB/29.18MB 
 545ff1a262fc  1.049MB/4.499MB 
 22d97f6a5d13  2.097MB/29.18MB 
 22d97f6a5d13  2.097MB/29.18MB 
 545ff1a262fc  1.049MB/4.499MB 
 22d97f6a5d13  2.097MB/29.18MB 
 545ff1a262fc  1.049MB/4.499MB 
 22d97f6a5d13  2.097MB/29.18MB 
 545ff1a262fc  1.049MB/4.499MB 
 22d97f6a5d13  2.097MB/29.18MB 
 545ff1a262fc  1.049MB/4.499MB 
 545ff1a262fc  1.049MB/4.499MB 
 22d97f6a5d13  2.097MB/29.18MB 
 545ff1a262fc  1.049MB/4.499MB 
 22d97f6a5d13  2.097MB/29.18MB 
 22d97f6a5d13  2.097MB/29.18MB 
 545ff1a262fc  1.049MB/4.499MB 
 545ff1a262fc  1.049MB/4.499MB 
 22d97f6a5d13  2.097MB/29.18MB 
 545ff1a262fc  1.049MB/4.499MB 
 22d97f6a5d13  2.097MB/29.18MB 
 545ff1a262fc  1.049MB/4.499MB 
 0533baad3023  1.049MB/8.069MB 
 22d97f6a5d13  2.097MB/29.18MB 
 22d97f6a5d13  2.097MB/29.18MB 
 0533baad3023  1.049MB/8.069MB 
 545ff1a262fc  1.049MB/4.499MB 
 545ff1a262fc  1.049MB/4.499MB 
 22d97f6a5d13  2.097MB/29.18MB 
 0533baad3023  1.049MB/8.069MB 
 22d97f6a5d13  2.097MB/29.18MB 
 0533baad3023  1.049MB/8.069MB 
 545ff1a262fc  1.049MB/4.499MB 
 545ff1a262fc  1.049MB/4.499MB 
 22d97f6a5d13  2.097MB/29.18MB 
 0533baad3023  1.049MB/8.069MB 
 545ff1a262fc  1.049MB/4.499MB 
 0533baad3023  1.049MB/8.069MB 
 22d97f6a5d13  2.097MB/29.18MB 
 545ff1a262fc  1.049MB/4.499MB 
 22d97f6a5d13  2.097MB/29.18MB 
 0533baad3023  1.049MB/8.069MB 
 545ff1a262fc  1.049MB/4.499MB 
 22d97f6a5d13  2.097MB/29.18MB 
 0533baad3023  1.049MB/8.069MB 
 545ff1a262fc  1.049MB/4.499MB 
 22d97f6a5d13  2.097MB/29.18MB 
 0533baad3023  1.049MB/8.069MB 
 545ff1a262fc  1.049MB/4.499MB 
 22d97f6a5d13  2.097MB/29.18MB 
 0533baad3023  1.049MB/8.069MB 
 545ff1a262fc  1.049MB/4.499MB 
 0533baad3023  1.049MB/8.069MB 
 22d97f6a5d13  2.097MB/29.18MB 
 545ff1a262fc  1.049MB/4.499MB 
 22d97f6a5d13  2.097MB/29.18MB 
 0533baad3023  1.049MB/8.069MB 
 545ff1a262fc  1.049MB/4.499MB 
 22d97f6a5d13  2.097MB/29.18MB 
 0533baad3023  1.049MB/8.069MB 
 22d97f6a5d13  2.097MB/29.18MB 
 0533baad3023  1.049MB/8.069MB 
 545ff1a262fc  1.049MB/4.499MB 
 545ff1a262fc  1.049MB/4.499MB 
 22d97f6a5d13  2.097MB/29.18MB 
 0533baad3023  1.049MB/8.069MB 
 22d97f6a5d13  2.097MB/29.18MB 
 545ff1a262fc  1.049MB/4.499MB 
 0533baad3023  1.049MB/8.069MB 
 545ff1a262fc  1.049MB/4.499MB 
 22d97f6a5d13  2.097MB/29.18MB 
 0533baad3023  1.049MB/8.069MB 
 545ff1a262fc  1.049MB/4.499MB 
 22d97f6a5d13  2.097MB/29.18MB 
 0533baad3023  1.049MB/8.069MB 
 545ff1a262fc  1.049MB/4.499MB 
 22d97f6a5d13  3.146MB/29.18MB 
 0533baad3023  1.049MB/8.069MB 
 545ff1a262fc  1.049MB/4.499MB 
 22d97f6a5d13  3.146MB/29.18MB 
 0533baad3023  1.049MB/8.069MB 
 545ff1a262fc  1.049MB/4.499MB 
 0533baad3023  1.049MB/8.069MB 
 22d97f6a5d13  3.146MB/29.18MB 
 22d97f6a5d13  3.146MB/29.18MB 
 0533baad3023  1.049MB/8.069MB 
 545ff1a262fc  1.049MB/4.499MB 
 545ff1a262fc  1.049MB/4.499MB 
 22d97f6a5d13  3.146MB/29.18MB 
 0533baad3023  1.049MB/8.069MB 
 22d97f6a5d13  3.146MB/29.18MB 
 0533baad3023  1.049MB/8.069MB 
 545ff1a262fc  1.049MB/4.499MB 
 0533baad3023  1.049MB/8.069MB 
 22d97f6a5d13  3.146MB/29.18MB 
 545ff1a262fc  1.049MB/4.499MB 
 22d97f6a5d13  3.146MB/29.18MB 
 545ff1a262fc  1.049MB/4.499MB 
 0533baad3023  1.049MB/8.069MB 
 545ff1a262fc  1.049MB/4.499MB 
 22d97f6a5d13  3.146MB/29.18MB 
 0533baad3023  1.049MB/8.069MB 
 545ff1a262fc  1.049MB/4.499MB 
 22d97f6a5d13  3.146MB/29.18MB 
 0533baad3023  1.049MB/8.069MB 
 0533baad3023  1.049MB/8.069MB 
 545ff1a262fc  1.049MB/4.499MB 
 22d97f6a5d13  3.146MB/29.18MB 
 545ff1a262fc  1.049MB/4.499MB 
 22d97f6a5d13  3.146MB/29.18MB 
 0533baad3023  1.049MB/8.069MB 
 545ff1a262fc  1.049MB/4.499MB 
 0533baad3023  1.049MB/8.069MB 
 22d97f6a5d13  3.146MB/29.18MB 
 0533baad3023  1.049MB/8.069MB 
 545ff1a262fc  1.049MB/4.499MB 
 22d97f6a5d13  3.146MB/29.18MB 
 0533baad3023  1.049MB/8.069MB 
 545ff1a262fc  1.049MB/4.499MB 
 22d97f6a5d13  3.146MB/29.18MB 
 22d97f6a5d13  3.146MB/29.18MB 
 0533baad3023  1.049MB/8.069MB 
 545ff1a262fc  1.049MB/4.499MB 
 0533baad3023  1.049MB/8.069MB 
 545ff1a262fc  1.049MB/4.499MB 
 22d97f6a5d13  3.146MB/29.18MB 
 22d97f6a5d13  3.146MB/29.18MB 
 545ff1a262fc  1.049MB/4.499MB 
 0533baad3023  1.049MB/8.069MB 
 545ff1a262fc  1.049MB/4.499MB 
 22d97f6a5d13  3.146MB/29.18MB 
 0533baad3023  1.049MB/8.069MB 
 0533baad3023  1.049MB/8.069MB 
 545ff1a262fc  1.049MB/4.499MB 
 22d97f6a5d13  3.146MB/29.18MB 
 0533baad3023  1.049MB/8.069MB 
 545ff1a262fc  1.049MB/4.499MB 
 22d97f6a5d13  3.146MB/29.18MB 
 22d97f6a5d13  3.146MB/29.18MB 
 0533baad3023  1.049MB/8.069MB 
 545ff1a262fc  1.049MB/4.499MB 
 545ff1a262fc  1.049MB/4.499MB 
 0533baad3023  1.049MB/8.069MB 
 22d97f6a5d13  3.146MB/29.18MB 
 22d97f6a5d13  3.146MB/29.18MB 
 0533baad3023  1.049MB/8.069MB 
 545ff1a262fc  1.049MB/4.499MB 
 0533baad3023  1.049MB/8.069MB 
 545ff1a262fc  1.049MB/4.499MB 
 22d97f6a5d13  3.146MB/29.18MB 
 545ff1a262fc  1.049MB/4.499MB 
 22d97f6a5d13  3.146MB/29.18MB 
 0533baad3023  1.049MB/8.069MB 
 22d97f6a5d13  3.146MB/29.18MB 
 0533baad3023  1.049MB/8.069MB 
 545ff1a262fc  1.049MB/4.499MB 
 545ff1a262fc  1.049MB/4.499MB 
 0533baad3023  1.049MB/8.069MB 
 22d97f6a5d13  3.146MB/29.18MB 
 545ff1a262fc  1.049MB/4.499MB 
 22d97f6a5d13  3.146MB/29.18MB 
 0533baad3023  1.049MB/8.069MB 
 545ff1a262fc  1.049MB/4.499MB 
 22d97f6a5d13  3.146MB/29.18MB 
 0533baad3023  1.049MB/8.069MB 
 545ff1a262fc  1.049MB/4.499MB 
 22d97f6a5d13  3.146MB/29.18MB 
 0533baad3023  1.049MB/8.069MB 
 22d97f6a5d13  3.146MB/29.18MB 
 0533baad3023  1.049MB/8.069MB 
 545ff1a262fc  1.049MB/4.499MB 
 22d97f6a5d13  3.146MB/29.18MB 
 545ff1a262fc  1.049MB/4.499MB 
 0533baad3023  1.049MB/8.069MB 
 545ff1a262fc  1.049MB/4.499MB 
 22d97f6a5d13  3.146MB/29.18MB 
 0533baad3023  1.049MB/8.069MB 
 545ff1a262fc  1.049MB/4.499MB 
 22d97f6a5d13  3.146MB/29.18MB 
 0533baad3023  1.049MB/8.069MB 
 545ff1a262fc  1.049MB/4.499MB 
 22d97f6a5d13  3.146MB/29.18MB 
 0533baad3023  1.049MB/8.069MB 
 545ff1a262fc  1.049MB/4.499MB 
 22d97f6a5d13  3.146MB/29.18MB 
 0533baad3023  1.049MB/8.069MB 
 22d97f6a5d13  3.146MB/29.18MB 
 545ff1a262fc  1.049MB/4.499MB 
 0533baad3023  1.049MB/8.069MB 
 0533baad3023  1.049MB/8.069MB 
 545ff1a262fc  1.049MB/4.499MB 
 22d97f6a5d13  3.146MB/29.18MB 
 0533baad3023  1.049MB/8.069MB 
 545ff1a262fc  1.049MB/4.499MB 
 22d97f6a5d13  3.146MB/29.18MB 
 545ff1a262fc  1.049MB/4.499MB 
 22d97f6a5d13  3.146MB/29.18MB 
 0533baad3023  1.049MB/8.069MB 
 545ff1a262fc  1.049MB/4.499MB 
 22d97f6a5d13  3.146MB/29.18MB 
 0533baad3023  1.049MB/8.069MB 
 22d97f6a5d13  3.146MB/29.18MB 
 545ff1a262fc  1.049MB/4.499MB 
 0533baad3023  1.049MB/8.069MB 
 545ff1a262fc  1.049MB/4.499MB 
 22d97f6a5d13  3.146MB/29.18MB 
 0533baad3023  1.049MB/8.069MB 
 22d97f6a5d13  3.146MB/29.18MB 
 0533baad3023  1.049MB/8.069MB 
 545ff1a262fc  1.049MB/4.499MB 
 545ff1a262fc  1.049MB/4.499MB 
 22d97f6a5d13  3.146MB/29.18MB 
 0533baad3023  1.049MB/8.069MB 
 0533baad3023  1.049MB/8.069MB 
 545ff1a262fc  1.049MB/4.499MB 
 22d97f6a5d13  3.146MB/29.18MB 
 545ff1a262fc  1.049MB/4.499MB 
 0533baad3023  1.049MB/8.069MB 
 22d97f6a5d13  3.146MB/29.18MB 
 545ff1a262fc  1.049MB/4.499MB 
 22d97f6a5d13  3.146MB/29.18MB 
 0533baad3023  1.049MB/8.069MB 
 0533baad3023  1.049MB/8.069MB 
 545ff1a262fc  1.049MB/4.499MB 
 22d97f6a5d13  3.146MB/29.18MB 
 545ff1a262fc  1.049MB/4.499MB 
 22d97f6a5d13  3.146MB/29.18MB 
 0533baad3023  1.049MB/8.069MB 
 0533baad3023  1.049MB/8.069MB 
 545ff1a262fc  1.049MB/4.499MB 
 22d97f6a5d13  3.146MB/29.18MB 
 22d97f6a5d13  3.146MB/29.18MB 
 545ff1a262fc  1.049MB/4.499MB 
 0533baad3023  1.049MB/8.069MB 
 545ff1a262fc  1.049MB/4.499MB 
 22d97f6a5d13  3.146MB/29.18MB 
 0533baad3023  1.049MB/8.069MB 
 22d97f6a5d13  3.146MB/29.18MB 
 0533baad3023  1.049MB/8.069MB 
 545ff1a262fc  1.049MB/4.499MB 
 0533baad3023  1.049MB/8.069MB 
 545ff1a262fc  1.049MB/4.499MB 
 22d97f6a5d13  3.146MB/29.18MB 
 545ff1a262fc  1.049MB/4.499MB 
 22d97f6a5d13  3.146MB/29.18MB 
 0533baad3023  1.049MB/8.069MB 
 545ff1a262fc  1.049MB/4.499MB 
 0533baad3023  1.049MB/8.069MB 
 22d97f6a5d13  3.146MB/29.18MB 
 22d97f6a5d13  3.146MB/29.18MB 
 0533baad3023  1.049MB/8.069MB 
 545ff1a262fc  1.049MB/4.499MB 
 cbd6b8d70810  1.049MB/5.726MB 
 545ff1a262fc  1.049MB/4.499MB 
 22d97f6a5d13  4.194MB/29.18MB 
 0533baad3023  1.049MB/8.069MB 
 22d97f6a5d13  4.194MB/29.18MB 
 22d97f6a5d13  4.194MB/29.18MB 
 0533baad3023  1.049MB/8.069MB 
 cbd6b8d70810  1.049MB/5.726MB 
 0533baad3023  1.049MB/8.069MB 
 545ff1a262fc  1.049MB/4.499MB 
 cbd6b8d70810  1.049MB/5.726MB 
 545ff1a262fc  1.049MB/4.499MB 
 0533baad3023  1.049MB/8.069MB 
 22d97f6a5d13  4.194MB/29.18MB 
 cbd6b8d70810  1.049MB/5.726MB 
 545ff1a262fc  1.049MB/4.499MB 
 545ff1a262fc  1.049MB/4.499MB 
 cbd6b8d70810  1.049MB/5.726MB 
 22d97f6a5d13  4.194MB/29.18MB 
 0533baad3023  1.049MB/8.069MB 
 22d97f6a5d13  4.194MB/29.18MB 
 0533baad3023  1.049MB/8.069MB 
 cbd6b8d70810  1.049MB/5.726MB 
 545ff1a262fc  1.049MB/4.499MB 
 cbd6b8d70810  1.049MB/5.726MB 
 545ff1a262fc  1.049MB/4.499MB 
 22d97f6a5d13  4.194MB/29.18MB 
 0533baad3023  1.049MB/8.069MB 
 0533baad3023  1.049MB/8.069MB 
 cbd6b8d70810  1.049MB/5.726MB 
 545ff1a262fc  1.049MB/4.499MB 
 22d97f6a5d13  4.194MB/29.18MB 
 cbd6b8d70810  1.049MB/5.726MB 
 545ff1a262fc  1.049MB/4.499MB 
 0533baad3023  1.049MB/8.069MB 
 22d97f6a5d13  4.194MB/29.18MB 
 cbd6b8d70810  1.049MB/5.726MB 
 22d97f6a5d13  4.194MB/29.18MB 
 0533baad3023  1.049MB/8.069MB 
 545ff1a262fc  1.049MB/4.499MB 
 cbd6b8d70810  1.049MB/5.726MB 
 545ff1a262fc  1.049MB/4.499MB 
 22d97f6a5d13  4.194MB/29.18MB 
 0533baad3023  1.049MB/8.069MB 
 22d97f6a5d13  4.194MB/29.18MB 
 0533baad3023  1.049MB/8.069MB 
 cbd6b8d70810  1.049MB/5.726MB 
 545ff1a262fc  1.049MB/4.499MB 
 0533baad3023  1.049MB/8.069MB 
 cbd6b8d70810  1.049MB/5.726MB 
 545ff1a262fc  1.049MB/4.499MB 
 22d97f6a5d13  4.194MB/29.18MB 
 545ff1a262fc  1.049MB/4.499MB 
 0533baad3023  1.049MB/8.069MB 
 22d97f6a5d13  4.194MB/29.18MB 
 cbd6b8d70810  1.049MB/5.726MB 
 545ff1a262fc  1.049MB/4.499MB 
 cbd6b8d70810  1.049MB/5.726MB 
 22d97f6a5d13  4.194MB/29.18MB 
 0533baad3023  1.049MB/8.069MB 
 cbd6b8d70810  1.049MB/5.726MB 
 545ff1a262fc  1.049MB/4.499MB 
 22d97f6a5d13  4.194MB/29.18MB 
 0533baad3023  1.049MB/8.069MB 
 0533baad3023  1.049MB/8.069MB 
 cbd6b8d70810  1.049MB/5.726MB 
 545ff1a262fc  1.049MB/4.499MB 
 22d97f6a5d13  4.194MB/29.18MB 
 cbd6b8d70810  1.049MB/5.726MB 
 545ff1a262fc  1.049MB/4.499MB 
 22d97f6a5d13  4.194MB/29.18MB 
 0533baad3023  1.049MB/8.069MB 
 cbd6b8d70810  1.049MB/5.726MB 
 545ff1a262fc  1.049MB/4.499MB 
 0533baad3023  1.049MB/8.069MB 
 22d97f6a5d13  4.194MB/29.18MB 
 545ff1a262fc  1.049MB/4.499MB 
 cbd6b8d70810  1.049MB/5.726MB 
 22d97f6a5d13  4.194MB/29.18MB 
 0533baad3023  1.049MB/8.069MB 
 545ff1a262fc  1.049MB/4.499MB 
 22d97f6a5d13  4.194MB/29.18MB 
 0533baad3023  1.049MB/8.069MB 
 cbd6b8d70810  1.049MB/5.726MB 
 22d97f6a5d13  4.194MB/29.18MB 
 0533baad3023  1.049MB/8.069MB 
 22d97f6a5d13  4.194MB/29.18MB 
 cbd6b8d70810  1.049MB/5.726MB 
 545ff1a262fc  1.049MB/4.499MB 
 0533baad3023  1.049MB/8.069MB 
 cbd6b8d70810  1.049MB/5.726MB 
 545ff1a262fc  1.049MB/4.499MB 
 22d97f6a5d13  4.194MB/29.18MB 
 cbd6b8d70810  1.049MB/5.726MB 
 545ff1a262fc  1.049MB/4.499MB 
 0533baad3023  1.049MB/8.069MB 
 cbd6b8d70810  1.049MB/5.726MB 
 22d97f6a5d13  4.194MB/29.18MB 
 0533baad3023  1.049MB/8.069MB 
 545ff1a262fc  1.049MB/4.499MB 
 22d97f6a5d13  4.194MB/29.18MB 
 0533baad3023  1.049MB/8.069MB 
 cbd6b8d70810  1.049MB/5.726MB 
 545ff1a262fc  1.049MB/4.499MB 
 0533baad3023  1.049MB/8.069MB 
 cbd6b8d70810  1.049MB/5.726MB 
 545ff1a262fc  1.049MB/4.499MB 
 cbd6b8d70810  1.049MB/5.726MB 
 22d97f6a5d13  4.194MB/29.18MB 
 545ff1a262fc  1.049MB/4.499MB 
 22d97f6a5d13  4.194MB/29.18MB 
 0533baad3023  1.049MB/8.069MB 
 cbd6b8d70810  1.049MB/5.726MB 
 545ff1a262fc  1.049MB/4.499MB 
 0533baad3023  1.049MB/8.069MB 
 22d97f6a5d13  4.194MB/29.18MB 
 0533baad3023  1.049MB/8.069MB 
 545ff1a262fc  1.049MB/4.499MB 
 cbd6b8d70810  1.049MB/5.726MB 
 22d97f6a5d13  4.194MB/29.18MB 
 22d97f6a5d13  4.194MB/29.18MB 
 0533baad3023  1.049MB/8.069MB 
 cbd6b8d70810  1.049MB/5.726MB 
 545ff1a262fc  1.049MB/4.499MB 
 22d97f6a5d13  4.194MB/29.18MB 
 0533baad3023  1.049MB/8.069MB 
 cbd6b8d70810  1.049MB/5.726MB 
 545ff1a262fc  1.049MB/4.499MB 
 0533baad3023  1.049MB/8.069MB 
 cbd6b8d70810  1.049MB/5.726MB 
 545ff1a262fc  1.049MB/4.499MB 
 22d97f6a5d13  4.194MB/29.18MB 
 22d97f6a5d13  4.194MB/29.18MB 
 cbd6b8d70810  1.049MB/5.726MB 
 545ff1a262fc  1.049MB/4.499MB 
 0533baad3023  1.049MB/8.069MB 
 545ff1a262fc  1.049MB/4.499MB 
 cbd6b8d70810  1.049MB/5.726MB 
 22d97f6a5d13  4.194MB/29.18MB 
 0533baad3023  1.049MB/8.069MB 
 22d97f6a5d13  4.194MB/29.18MB 
 0533baad3023  1.049MB/8.069MB 
 cbd6b8d70810  1.049MB/5.726MB 
 545ff1a262fc  1.049MB/4.499MB 
 22d97f6a5d13  4.194MB/29.18MB 
 0533baad3023  1.049MB/8.069MB 
 cbd6b8d70810  1.049MB/5.726MB 
 545ff1a262fc  1.049MB/4.499MB 
 545ff1a262fc  1.049MB/4.499MB 
 22d97f6a5d13  4.194MB/29.18MB 
 0533baad3023  1.049MB/8.069MB 
 cbd6b8d70810  1.049MB/5.726MB 
 22d97f6a5d13  4.194MB/29.18MB 
 cbd6b8d70810  1.049MB/5.726MB 
 545ff1a262fc  1.049MB/4.499MB 
 0533baad3023  1.049MB/8.069MB 
 545ff1a262fc  1.049MB/4.499MB 
 cbd6b8d70810  1.049MB/5.726MB 
 22d97f6a5d13  4.194MB/29.18MB 
 0533baad3023  1.049MB/8.069MB 
 0533baad3023  1.049MB/8.069MB 
 cbd6b8d70810  1.049MB/5.726MB 
 545ff1a262fc  1.049MB/4.499MB 
 22d97f6a5d13  4.194MB/29.18MB 
 22d97f6a5d13  4.194MB/29.18MB 
 0533baad3023  1.049MB/8.069MB 
 cbd6b8d70810  1.049MB/5.726MB 
 cbd6b8d70810  1.049MB/5.726MB 
 545ff1a262fc  1.049MB/4.499MB 
 22d97f6a5d13  4.194MB/29.18MB 
 545ff1a262fc  1.049MB/4.499MB 
 0533baad3023  1.049MB/8.069MB 
 22d97f6a5d13  4.194MB/29.18MB 
 cbd6b8d70810  1.049MB/5.726MB 
 545ff1a262fc  1.049MB/4.499MB 
 0533baad3023  1.049MB/8.069MB 
 545ff1a262fc  1.049MB/4.499MB 
 cbd6b8d70810  1.049MB/5.726MB 
 22d97f6a5d13  4.194MB/29.18MB 
 0533baad3023  1.049MB/8.069MB 
 cbd6b8d70810  1.049MB/5.726MB 
 545ff1a262fc  1.049MB/4.499MB 
 22d97f6a5d13  4.194MB/29.18MB 
 0533baad3023  1.049MB/8.069MB 
 545ff1a262fc  1.049MB/4.499MB 
 22d97f6a5d13  4.194MB/29.18MB 
 22d97f6a5d13  4.194MB/29.18MB 
 0533baad3023  2.097MB/8.069MB 
 cbd6b8d70810  1.049MB/5.726MB 
 0533baad3023  2.097MB/8.069MB 
 cbd6b8d70810  1.049MB/5.726MB 
 545ff1a262fc  1.049MB/4.499MB 
 cbd6b8d70810  1.049MB/5.726MB 
 545ff1a262fc  1.049MB/4.499MB 
 0533baad3023  2.097MB/8.069MB 
 22d97f6a5d13  4.194MB/29.18MB 
 545ff1a262fc  1.049MB/4.499MB 
 cbd6b8d70810  1.049MB/5.726MB 
 22d97f6a5d13  4.194MB/29.18MB 
 0533baad3023  2.097MB/8.069MB 
 cbd6b8d70810  1.049MB/5.726MB 
 545ff1a262fc  1.049MB/4.499MB 
 22d97f6a5d13  4.194MB/29.18MB 
 0533baad3023  2.097MB/8.069MB 
 545ff1a262fc  1.049MB/4.499MB 
 22d97f6a5d13  4.194MB/29.18MB 
 0533baad3023  2.097MB/8.069MB 
 cbd6b8d70810  1.049MB/5.726MB 
 22d97f6a5d13  4.194MB/29.18MB 
 0533baad3023  2.097MB/8.069MB 
 cbd6b8d70810  1.049MB/5.726MB 
 545ff1a262fc  1.049MB/4.499MB 
 cbd6b8d70810  1.049MB/5.726MB 
 545ff1a262fc  1.049MB/4.499MB 
 0533baad3023  2.097MB/8.069MB 
 22d97f6a5d13  4.194MB/29.18MB 
 cbd6b8d70810  1.049MB/5.726MB 
 22d97f6a5d13  4.194MB/29.18MB 
 0533baad3023  2.097MB/8.069MB 
 545ff1a262fc  1.049MB/4.499MB 
 cbd6b8d70810  1.049MB/5.726MB 
 545ff1a262fc  1.049MB/4.499MB 
 22d97f6a5d13  4.194MB/29.18MB 
 0533baad3023  2.097MB/8.069MB 
 cbd6b8d70810  1.049MB/5.726MB 
 545ff1a262fc  1.049MB/4.499MB 
 22d97f6a5d13  4.194MB/29.18MB 
 0533baad3023  2.097MB/8.069MB 
 0533baad3023  2.097MB/8.069MB 
 cbd6b8d70810  1.049MB/5.726MB 
 545ff1a262fc  1.049MB/4.499MB 
 22d97f6a5d13  4.194MB/29.18MB 
 22d97f6a5d13  4.194MB/29.18MB 
 cbd6b8d70810  1.049MB/5.726MB 
 545ff1a262fc  1.049MB/4.499MB 
 0533baad3023  2.097MB/8.069MB 
 545ff1a262fc  1.049MB/4.499MB 
 cbd6b8d70810  1.049MB/5.726MB 
 22d97f6a5d13  4.194MB/29.18MB 
 0533baad3023  2.097MB/8.069MB 
 cbd6b8d70810  1.049MB/5.726MB 
 545ff1a262fc  1.049MB/4.499MB 
 22d97f6a5d13  4.194MB/29.18MB 
 0533baad3023  2.097MB/8.069MB 
 0533baad3023  2.097MB/8.069MB 
 cbd6b8d70810  1.049MB/5.726MB 
 545ff1a262fc  1.049MB/4.499MB 
 22d97f6a5d13  5.243MB/29.18MB 
 545ff1a262fc  1.049MB/4.499MB 
 22d97f6a5d13  5.243MB/29.18MB 
 0533baad3023  2.097MB/8.069MB 
 cbd6b8d70810  1.049MB/5.726MB 
 545ff1a262fc  1.049MB/4.499MB 
 0533baad3023  2.097MB/8.069MB 
 22d97f6a5d13  5.243MB/29.18MB 
 cbd6b8d70810  1.049MB/5.726MB 
 cbd6b8d70810  1.049MB/5.726MB 
 22d97f6a5d13  5.243MB/29.18MB 
 0533baad3023  2.097MB/8.069MB 
 545ff1a262fc  1.049MB/4.499MB 
 22d97f6a5d13  5.243MB/29.18MB 
 0533baad3023  2.097MB/8.069MB 
 cbd6b8d70810  1.049MB/5.726MB 
 545ff1a262fc  1.049MB/4.499MB 
 22d97f6a5d13  5.243MB/29.18MB 
 0533baad3023  2.097MB/8.069MB 
 cbd6b8d70810  1.049MB/5.726MB 
 545ff1a262fc  1.049MB/4.499MB 
 22d97f6a5d13  5.243MB/29.18MB 
 545ff1a262fc  1.049MB/4.499MB 
 0533baad3023  2.097MB/8.069MB 
 cbd6b8d70810  1.049MB/5.726MB 
 22d97f6a5d13  5.243MB/29.18MB 
 cbd6b8d70810  1.049MB/5.726MB 
 545ff1a262fc  1.049MB/4.499MB 
 0533baad3023  2.097MB/8.069MB 
 0533baad3023  2.097MB/8.069MB 
 545ff1a262fc  1.049MB/4.499MB 
 cbd6b8d70810  1.049MB/5.726MB 
 22d97f6a5d13  5.243MB/29.18MB 
 22d97f6a5d13  5.243MB/29.18MB 
 0533baad3023  2.097MB/8.069MB 
 cbd6b8d70810  1.049MB/5.726MB 
 545ff1a262fc  1.049MB/4.499MB 
 545ff1a262fc  1.049MB/4.499MB 
 22d97f6a5d13  5.243MB/29.18MB 
 0533baad3023  2.097MB/8.069MB 
 cbd6b8d70810  1.049MB/5.726MB 
 cbd6b8d70810  1.049MB/5.726MB 
 545ff1a262fc  1.049MB/4.499MB 
 22d97f6a5d13  5.243MB/29.18MB 
 0533baad3023  2.097MB/8.069MB 
 cbd6b8d70810  1.049MB/5.726MB 
 545ff1a262fc  1.049MB/4.499MB 
 0533baad3023  2.097MB/8.069MB 
 22d97f6a5d13  5.243MB/29.18MB 
 cbd6b8d70810  1.049MB/5.726MB 
 22d97f6a5d13  5.243MB/29.18MB 
 0533baad3023  2.097MB/8.069MB 
 545ff1a262fc  1.049MB/4.499MB 
 cbd6b8d70810  1.049MB/5.726MB 
 545ff1a262fc  1.049MB/4.499MB 
 22d97f6a5d13  5.243MB/29.18MB 
 0533baad3023  2.097MB/8.069MB 
 22d97f6a5d13  5.243MB/29.18MB 
 0533baad3023  2.097MB/8.069MB 
 cbd6b8d70810  1.049MB/5.726MB 
 545ff1a262fc  1.049MB/4.499MB 
 545ff1a262fc  1.049MB/4.499MB 
 22d97f6a5d13  5.243MB/29.18MB 
 0533baad3023  2.097MB/8.069MB 
 cbd6b8d70810  1.049MB/5.726MB 
 cbd6b8d70810  1.049MB/5.726MB 
 545ff1a262fc  1.049MB/4.499MB 
 0533baad3023  2.097MB/8.069MB 
 22d97f6a5d13  5.243MB/29.18MB 
 545ff1a262fc  1.049MB/4.499MB 
 cbd6b8d70810  1.049MB/5.726MB 
 22d97f6a5d13  5.243MB/29.18MB 
 0533baad3023  2.097MB/8.069MB 
 cbd6b8d70810  1.049MB/5.726MB 
 545ff1a262fc  1.049MB/4.499MB 
 22d97f6a5d13  5.243MB/29.18MB 
 0533baad3023  2.097MB/8.069MB 
 22d97f6a5d13  5.243MB/29.18MB 
 0533baad3023  2.097MB/8.069MB 
 cbd6b8d70810  1.049MB/5.726MB 
 cbd6b8d70810  1.049MB/5.726MB 
 545ff1a262fc  1.049MB/4.499MB 
 22d97f6a5d13  5.243MB/29.18MB 
 0533baad3023  2.097MB/8.069MB 
 545ff1a262fc  1.049MB/4.499MB 
 cbd6b8d70810  1.049MB/5.726MB 
 545ff1a262fc  1.049MB/4.499MB 
 0533baad3023  2.097MB/8.069MB 
 22d97f6a5d13  5.243MB/29.18MB 
 545ff1a262fc  1.049MB/4.499MB 
 cbd6b8d70810  1.049MB/5.726MB 
 22d97f6a5d13  5.243MB/29.18MB 
 0533baad3023  2.097MB/8.069MB 
 cbd6b8d70810  1.049MB/5.726MB 
 545ff1a262fc  1.049MB/4.499MB 
 22d97f6a5d13  5.243MB/29.18MB 
 0533baad3023  2.097MB/8.069MB 
 22d97f6a5d13  5.243MB/29.18MB 
 0533baad3023  2.097MB/8.069MB 
 cbd6b8d70810  1.049MB/5.726MB 
 cbd6b8d70810  1.049MB/5.726MB 
 545ff1a262fc  1.049MB/4.499MB 
 545ff1a262fc  1.049MB/4.499MB 
 22d97f6a5d13  5.243MB/29.18MB 
 0533baad3023  2.097MB/8.069MB 
 22d97f6a5d13  5.243MB/29.18MB 
 cbd6b8d70810  1.049MB/5.726MB 
 545ff1a262fc  1.049MB/4.499MB 
 0533baad3023  2.097MB/8.069MB 
 cbd6b8d70810  1.049MB/5.726MB 
 22d97f6a5d13  5.243MB/29.18MB 
 0533baad3023  2.097MB/8.069MB 
 545ff1a262fc  1.049MB/4.499MB 
 cbd6b8d70810  1.049MB/5.726MB 
 545ff1a262fc  1.049MB/4.499MB 
 22d97f6a5d13  5.243MB/29.18MB 
 0533baad3023  2.097MB/8.069MB 
 22d97f6a5d13  5.243MB/29.18MB 
 0533baad3023  2.097MB/8.069MB 
 cbd6b8d70810  1.049MB/5.726MB 
 545ff1a262fc  1.049MB/4.499MB 
 0533baad3023  2.097MB/8.069MB 
 cbd6b8d70810  1.049MB/5.726MB 
 545ff1a262fc  1.049MB/4.499MB 
 22d97f6a5d13  5.243MB/29.18MB 
 22d97f6a5d13  5.243MB/29.18MB 
 cbd6b8d70810  1.049MB/5.726MB 
 545ff1a262fc  1.049MB/4.499MB 
 0533baad3023  2.097MB/8.069MB 
 cbd6b8d70810  1.049MB/5.726MB 
 22d97f6a5d13  5.243MB/29.18MB 
 0533baad3023  2.097MB/8.069MB 
 545ff1a262fc  1.049MB/4.499MB 
 0533baad3023  2.097MB/8.069MB 
 cbd6b8d70810  1.049MB/5.726MB 
 545ff1a262fc  1.049MB/4.499MB 
 22d97f6a5d13  5.243MB/29.18MB 
 cbd6b8d70810  1.049MB/5.726MB 
 545ff1a262fc  1.049MB/4.499MB 
 22d97f6a5d13  5.243MB/29.18MB 
 0533baad3023  2.097MB/8.069MB 
 0533baad3023  2.097MB/8.069MB 
 cbd6b8d70810  1.049MB/5.726MB 
 545ff1a262fc  1.049MB/4.499MB 
 22d97f6a5d13  5.243MB/29.18MB 
 cbd6b8d70810  1.049MB/5.726MB 
 545ff1a262fc  1.049MB/4.499MB 
 0533baad3023  2.097MB/8.069MB 
 22d97f6a5d13  5.243MB/29.18MB 
 0533baad3023  2.097MB/8.069MB 
 545ff1a262fc  1.049MB/4.499MB 
 cbd6b8d70810  1.049MB/5.726MB 
 22d97f6a5d13  5.243MB/29.18MB 
 cbd6b8d70810  1.049MB/5.726MB 
 545ff1a262fc  1.049MB/4.499MB 
 22d97f6a5d13  5.243MB/29.18MB 
 0533baad3023  2.097MB/8.069MB 
 22d97f6a5d13  5.243MB/29.18MB 
 0533baad3023  2.097MB/8.069MB 
 cbd6b8d70810  1.049MB/5.726MB 
 cbd6b8d70810  1.049MB/5.726MB 
 545ff1a262fc  2.097MB/4.499MB 
 545ff1a262fc  2.097MB/4.499MB 
 22d97f6a5d13  5.243MB/29.18MB 
 0533baad3023  2.097MB/8.069MB 
 cbd6b8d70810  1.049MB/5.726MB 
 545ff1a262fc  2.097MB/4.499MB 
 0533baad3023  2.097MB/8.069MB 
 22d97f6a5d13  5.243MB/29.18MB 
 0533baad3023  2.097MB/8.069MB 
 545ff1a262fc  2.097MB/4.499MB 
 cbd6b8d70810  1.049MB/5.726MB 
 22d97f6a5d13  5.243MB/29.18MB 
 cbd6b8d70810  1.049MB/5.726MB 
 545ff1a262fc  2.097MB/4.499MB 
 22d97f6a5d13  5.243MB/29.18MB 
 0533baad3023  2.097MB/8.069MB 
 0533baad3023  2.097MB/8.069MB 
 cbd6b8d70810  1.049MB/5.726MB 
 545ff1a262fc  2.097MB/4.499MB 
 22d97f6a5d13  5.243MB/29.18MB 
 cbd6b8d70810  1.049MB/5.726MB 
 545ff1a262fc  2.097MB/4.499MB 
 22d97f6a5d13  5.243MB/29.18MB 
 0533baad3023  2.097MB/8.069MB 
 cbd6b8d70810  1.049MB/5.726MB 
 545ff1a262fc  2.097MB/4.499MB 
 0533baad3023  2.097MB/8.069MB 
 22d97f6a5d13  5.243MB/29.18MB 
 545ff1a262fc  2.097MB/4.499MB 
 cbd6b8d70810  1.049MB/5.726MB 
 22d97f6a5d13  5.243MB/29.18MB 
 0533baad3023  2.097MB/8.069MB 
 545ff1a262fc  2.097MB/4.499MB 
 22d97f6a5d13  5.243MB/29.18MB 
 0533baad3023  2.097MB/8.069MB 
 cbd6b8d70810  1.049MB/5.726MB 
 545ff1a262fc  2.097MB/4.499MB 
 22d97f6a5d13  5.243MB/29.18MB 
 0533baad3023  2.097MB/8.069MB 
 0533baad3023  2.097MB/8.069MB 
 cbd6b8d70810  1.049MB/5.726MB 
 cbd6b8d70810  1.049MB/5.726MB 
 545ff1a262fc  2.097MB/4.499MB 
 22d97f6a5d13  5.243MB/29.18MB 
 22d97f6a5d13  5.243MB/29.18MB 
 cbd6b8d70810  1.049MB/5.726MB 
 545ff1a262fc  2.097MB/4.499MB 
 0533baad3023  2.097MB/8.069MB 
 0533baad3023  2.097MB/8.069MB 
 545ff1a262fc  2.097MB/4.499MB 
 cbd6b8d70810  1.049MB/5.726MB 
 22d97f6a5d13  5.243MB/29.18MB 
 cbd6b8d70810  1.049MB/5.726MB 
 545ff1a262fc  2.097MB/4.499MB 
 22d97f6a5d13  5.243MB/29.18MB 
 0533baad3023  2.097MB/8.069MB 
 545ff1a262fc  2.097MB/4.499MB 
 22d97f6a5d13  5.243MB/29.18MB 
 0533baad3023  2.097MB/8.069MB 
 cbd6b8d70810  1.049MB/5.726MB 
 545ff1a262fc  2.097MB/4.499MB 
 22d97f6a5d13  5.243MB/29.18MB 
 0533baad3023  2.097MB/8.069MB 
 cbd6b8d70810  1.049MB/5.726MB 
 cbd6b8d70810  1.049MB/5.726MB 
 545ff1a262fc  2.097MB/4.499MB 
 0533baad3023  2.097MB/8.069MB 
 22d97f6a5d13  5.243MB/29.18MB 
 cbd6b8d70810  1.049MB/5.726MB 
 22d97f6a5d13  5.243MB/29.18MB 
 0533baad3023  2.097MB/8.069MB 
 545ff1a262fc  2.097MB/4.499MB 
 cbd6b8d70810  1.049MB/5.726MB 
 545ff1a262fc  2.097MB/4.499MB 
 22d97f6a5d13  5.243MB/29.18MB 
 0533baad3023  2.097MB/8.069MB 
 22d97f6a5d13  5.243MB/29.18MB 
 0533baad3023  2.097MB/8.069MB 
 cbd6b8d70810  1.049MB/5.726MB 
 545ff1a262fc  2.097MB/4.499MB 
 22d97f6a5d13  5.243MB/29.18MB 
 0533baad3023  2.097MB/8.069MB 
 cbd6b8d70810  1.049MB/5.726MB 
 545ff1a262fc  2.097MB/4.499MB 
 cbd6b8d70810  1.049MB/5.726MB 
 545ff1a262fc  2.097MB/4.499MB 
 0533baad3023  2.097MB/8.069MB 
 22d97f6a5d13  5.243MB/29.18MB 
 cbd6b8d70810  1.049MB/5.726MB 
 22d97f6a5d13  5.243MB/29.18MB 
 0533baad3023  2.097MB/8.069MB 
 545ff1a262fc  2.097MB/4.499MB 
 cbd6b8d70810  1.049MB/5.726MB 
 545ff1a262fc  2.097MB/4.499MB 
 22d97f6a5d13  5.243MB/29.18MB 
 0533baad3023  2.097MB/8.069MB 
 22d97f6a5d13  5.243MB/29.18MB 
 0533baad3023  2.097MB/8.069MB 
 cbd6b8d70810  1.049MB/5.726MB 
 545ff1a262fc  2.097MB/4.499MB 
 545ff1a262fc  2.097MB/4.499MB 
 22d97f6a5d13  5.243MB/29.18MB 
 0533baad3023  2.097MB/8.069MB 
 cbd6b8d70810  1.049MB/5.726MB 
 22d97f6a5d13  5.243MB/29.18MB 
 cbd6b8d70810  1.049MB/5.726MB 
 545ff1a262fc  2.097MB/4.499MB 
 0533baad3023  2.097MB/8.069MB 
 cbd6b8d70810  1.049MB/5.726MB 
 22d97f6a5d13  5.243MB/29.18MB 
 0533baad3023  2.097MB/8.069MB 
 545ff1a262fc  2.097MB/4.499MB 
 cbd6b8d70810  1.049MB/5.726MB 
 545ff1a262fc  2.097MB/4.499MB 
 22d97f6a5d13  5.243MB/29.18MB 
 0533baad3023  2.097MB/8.069MB 
 22d97f6a5d13  6.291MB/29.18MB 
 0533baad3023  2.097MB/8.069MB 
 cbd6b8d70810  1.049MB/5.726MB 
 545ff1a262fc  2.097MB/4.499MB 
 545ff1a262fc  2.097MB/4.499MB 
 22d97f6a5d13  6.291MB/29.18MB 
 0533baad3023  2.097MB/8.069MB 
 cbd6b8d70810  1.049MB/5.726MB 
 22d97f6a5d13  6.291MB/29.18MB 
 cbd6b8d70810  1.049MB/5.726MB 
 545ff1a262fc  2.097MB/4.499MB 
 0533baad3023  2.097MB/8.069MB 
 0533baad3023  2.097MB/8.069MB 
 545ff1a262fc  2.097MB/4.499MB 
 cbd6b8d70810  1.049MB/5.726MB 
 22d97f6a5d13  6.291MB/29.18MB 
 cbd6b8d70810  1.049MB/5.726MB 
 545ff1a262fc  2.097MB/4.499MB 
 22d97f6a5d13  6.291MB/29.18MB 
 0533baad3023  2.097MB/8.069MB 
 cbd6b8d70810  1.049MB/5.726MB 
 545ff1a262fc  2.097MB/4.499MB 
 22d97f6a5d13  6.291MB/29.18MB 
 0533baad3023  2.097MB/8.069MB 
 cbd6b8d70810  1.049MB/5.726MB 
 545ff1a262fc  2.097MB/4.499MB 
 22d97f6a5d13  6.291MB/29.18MB 
 0533baad3023  2.097MB/8.069MB 
 cbd6b8d70810  1.049MB/5.726MB 
 545ff1a262fc  2.097MB/4.499MB 
 0533baad3023  2.097MB/8.069MB 
 22d97f6a5d13  6.291MB/29.18MB 
 0533baad3023  2.097MB/8.069MB 
 545ff1a262fc  2.097MB/4.499MB 
 cbd6b8d70810  1.049MB/5.726MB 
 22d97f6a5d13  6.291MB/29.18MB 
 cbd6b8d70810  1.049MB/5.726MB 
 545ff1a262fc  2.097MB/4.499MB 
 22d97f6a5d13  6.291MB/29.18MB 
 0533baad3023  2.097MB/8.069MB 
 cbd6b8d70810  1.049MB/5.726MB 
 545ff1a262fc  2.097MB/4.499MB 
 22d97f6a5d13  6.291MB/29.18MB 
 0533baad3023  3.146MB/8.069MB 
 22d97f6a5d13  6.291MB/29.18MB 
 0533baad3023  3.146MB/8.069MB 
 cbd6b8d70810  1.049MB/5.726MB 
 545ff1a262fc  2.097MB/4.499MB 
 cbd6b8d70810  1.049MB/5.726MB 
 545ff1a262fc  2.097MB/4.499MB 
 0533baad3023  3.146MB/8.069MB 
 22d97f6a5d13  6.291MB/29.18MB 
 545ff1a262fc  2.097MB/4.499MB 
 cbd6b8d70810  1.049MB/5.726MB 
 22d97f6a5d13  6.291MB/29.18MB 
 0533baad3023  3.146MB/8.069MB 
 22d97f6a5d13  6.291MB/29.18MB 
 0533baad3023  3.146MB/8.069MB 
 cbd6b8d70810  1.049MB/5.726MB 
 545ff1a262fc  2.097MB/4.499MB 
 cbd6b8d70810  1.049MB/5.726MB 
 545ff1a262fc  2.097MB/4.499MB 
 22d97f6a5d13  6.291MB/29.18MB 
 0533baad3023  3.146MB/8.069MB 
 22d97f6a5d13  6.291MB/29.18MB 
 0533baad3023  3.146MB/8.069MB 
 cbd6b8d70810  1.049MB/5.726MB 
 545ff1a262fc  2.097MB/4.499MB 
 cbd6b8d70810  1.049MB/5.726MB 
 545ff1a262fc  2.097MB/4.499MB 
 0533baad3023  3.146MB/8.069MB 
 22d97f6a5d13  6.291MB/29.18MB 
 545ff1a262fc  2.097MB/4.499MB 
 cbd6b8d70810  1.049MB/5.726MB 
 22d97f6a5d13  6.291MB/29.18MB 
 0533baad3023  3.146MB/8.069MB 
 cbd6b8d70810  1.049MB/5.726MB 
 545ff1a262fc  2.097MB/4.499MB 
 22d97f6a5d13  6.291MB/29.18MB 
 0533baad3023  3.146MB/8.069MB 
 545ff1a262fc  2.097MB/4.499MB 
 22d97f6a5d13  6.291MB/29.18MB 
 2a3aee5cff18  1.049MB/107.3MB 
 0533baad3023  3.146MB/8.069MB 
 cbd6b8d70810  1.049MB/5.726MB 
 cbd6b8d70810  1.049MB/5.726MB 
 2a3aee5cff18  1.049MB/107.3MB 
 545ff1a262fc  2.097MB/4.499MB 
 22d97f6a5d13  6.291MB/29.18MB 
 0533baad3023  3.146MB/8.069MB 
 2a3aee5cff18  1.049MB/107.3MB 
 cbd6b8d70810  1.049MB/5.726MB 
 545ff1a262fc  2.097MB/4.499MB 
 0533baad3023  3.146MB/8.069MB 
 22d97f6a5d13  6.291MB/29.18MB 
 cbd6b8d70810  1.049MB/5.726MB 
 22d97f6a5d13  6.291MB/29.18MB 
 0533baad3023  3.146MB/8.069MB 
 2a3aee5cff18  1.049MB/107.3MB 
 545ff1a262fc  2.097MB/4.499MB 
 2a3aee5cff18  1.049MB/107.3MB 
 22d97f6a5d13  6.291MB/29.18MB 
 0533baad3023  3.146MB/8.069MB 
 cbd6b8d70810  1.049MB/5.726MB 
 545ff1a262fc  2.097MB/4.499MB 
 cbd6b8d70810  1.049MB/5.726MB 
 545ff1a262fc  2.097MB/4.499MB 
 22d97f6a5d13  6.291MB/29.18MB 
 2a3aee5cff18  1.049MB/107.3MB 
 0533baad3023  3.146MB/8.069MB 
 22d97f6a5d13  6.291MB/29.18MB 
 0533baad3023  3.146MB/8.069MB 
 cbd6b8d70810  1.049MB/5.726MB 
 2a3aee5cff18  1.049MB/107.3MB 
 545ff1a262fc  2.097MB/4.499MB 
 22d97f6a5d13  6.291MB/29.18MB 
 2a3aee5cff18  1.049MB/107.3MB 
 cbd6b8d70810  1.049MB/5.726MB 
 545ff1a262fc  2.097MB/4.499MB 
 0533baad3023  3.146MB/8.069MB 
 2a3aee5cff18  1.049MB/107.3MB 
 545ff1a262fc  2.097MB/4.499MB 
 cbd6b8d70810  1.049MB/5.726MB 
 22d97f6a5d13  6.291MB/29.18MB 
 0533baad3023  3.146MB/8.069MB 
 cbd6b8d70810  1.049MB/5.726MB 
 545ff1a262fc  2.097MB/4.499MB 
 2a3aee5cff18  1.049MB/107.3MB 
 22d97f6a5d13  6.291MB/29.18MB 
 0533baad3023  3.146MB/8.069MB 
 545ff1a262fc  2.097MB/4.499MB 
 0533baad3023  3.146MB/8.069MB 
 cbd6b8d70810  1.049MB/5.726MB 
 2a3aee5cff18  1.049MB/107.3MB 
 545ff1a262fc  2.097MB/4.499MB 
 22d97f6a5d13  6.291MB/29.18MB 
 22d97f6a5d13  6.291MB/29.18MB 
 2a3aee5cff18  1.049MB/107.3MB 
 0533baad3023  3.146MB/8.069MB 
 cbd6b8d70810  1.049MB/5.726MB 
 22d97f6a5d13  6.291MB/29.18MB 
 2a3aee5cff18  1.049MB/107.3MB 
 cbd6b8d70810  1.049MB/5.726MB 
 545ff1a262fc  2.097MB/4.499MB 
 0533baad3023  3.146MB/8.069MB 
 cbd6b8d70810  1.049MB/5.726MB 
 22d97f6a5d13  6.291MB/29.18MB 
 0533baad3023  3.146MB/8.069MB 
 2a3aee5cff18  1.049MB/107.3MB 
 545ff1a262fc  2.097MB/4.499MB 
 0533baad3023  3.146MB/8.069MB 
 cbd6b8d70810  1.049MB/5.726MB 
 545ff1a262fc  2.097MB/4.499MB 
 2a3aee5cff18  1.049MB/107.3MB 
 22d97f6a5d13  6.291MB/29.18MB 
 22d97f6a5d13  6.291MB/29.18MB 
 0533baad3023  3.146MB/8.069MB 
 cbd6b8d70810  1.049MB/5.726MB 
 0533baad3023  3.146MB/8.069MB 
 2a3aee5cff18  1.049MB/107.3MB 
 545ff1a262fc  2.097MB/4.499MB 
 cbd6b8d70810  1.049MB/5.726MB 
 545ff1a262fc  2.097MB/4.499MB 
 22d97f6a5d13  6.291MB/29.18MB 
 2a3aee5cff18  1.049MB/107.3MB 
 cbd6b8d70810  1.049MB/5.726MB 
 545ff1a262fc  2.097MB/4.499MB 
 0533baad3023  3.146MB/8.069MB 
 22d97f6a5d13  6.291MB/29.18MB 
 2a3aee5cff18  1.049MB/107.3MB 
 cbd6b8d70810  1.049MB/5.726MB 
 22d97f6a5d13  6.291MB/29.18MB 
 0533baad3023  3.146MB/8.069MB 
 2a3aee5cff18  1.049MB/107.3MB 
 545ff1a262fc  2.097MB/4.499MB 
 0533baad3023  3.146MB/8.069MB 
 cbd6b8d70810  1.049MB/5.726MB 
 545ff1a262fc  2.097MB/4.499MB 
 2a3aee5cff18  1.049MB/107.3MB 
 22d97f6a5d13  6.291MB/29.18MB 
 22d97f6a5d13  6.291MB/29.18MB 
 2a3aee5cff18  1.049MB/107.3MB 
 0533baad3023  3.146MB/8.069MB 
 cbd6b8d70810  1.049MB/5.726MB 
 545ff1a262fc  2.097MB/4.499MB 
 cbd6b8d70810  1.049MB/5.726MB 
 2a3aee5cff18  1.049MB/107.3MB 
 545ff1a262fc  2.097MB/4.499MB 
 22d97f6a5d13  6.291MB/29.18MB 
 0533baad3023  3.146MB/8.069MB 
 22d97f6a5d13  6.291MB/29.18MB 
 2a3aee5cff18  1.049MB/107.3MB 
 cbd6b8d70810  1.049MB/5.726MB 
 545ff1a262fc  2.097MB/4.499MB 
 0533baad3023  3.146MB/8.069MB 
 cbd6b8d70810  1.049MB/5.726MB 
 22d97f6a5d13  6.291MB/29.18MB 
 0533baad3023  3.146MB/8.069MB 
 2a3aee5cff18  1.049MB/107.3MB 
 545ff1a262fc  2.097MB/4.499MB 
 22d97f6a5d13  6.291MB/29.18MB 
 0533baad3023  3.146MB/8.069MB 
 cbd6b8d70810  1.049MB/5.726MB 
 545ff1a262fc  2.097MB/4.499MB 
 2a3aee5cff18  1.049MB/107.3MB 
 22d97f6a5d13  6.291MB/29.18MB 
 0533baad3023  3.146MB/8.069MB 
 cbd6b8d70810  1.049MB/5.726MB 
 2a3aee5cff18  1.049MB/107.3MB 
 22d97f6a5d13  6.291MB/29.18MB 
 545ff1a262fc  2.097MB/4.499MB 
 2a3aee5cff18  1.049MB/107.3MB 
 0533baad3023  3.146MB/8.069MB 
 cbd6b8d70810  1.049MB/5.726MB 
 545ff1a262fc  2.097MB/4.499MB 
 545ff1a262fc  2.097MB/4.499MB 
 0533baad3023  3.146MB/8.069MB 
 22d97f6a5d13  6.291MB/29.18MB 
 2a3aee5cff18  1.049MB/107.3MB 
 cbd6b8d70810  1.049MB/5.726MB 
 545ff1a262fc  2.097MB/4.499MB 
 cbd6b8d70810  1.049MB/5.726MB 
 22d97f6a5d13  6.291MB/29.18MB 
 0533baad3023  3.146MB/8.069MB 
 2a3aee5cff18  1.049MB/107.3MB 
 2a3aee5cff18  1.049MB/107.3MB 
 22d97f6a5d13  6.291MB/29.18MB 
 0533baad3023  3.146MB/8.069MB 
 cbd6b8d70810  1.049MB/5.726MB 
 545ff1a262fc  2.097MB/4.499MB 
 0533baad3023  3.146MB/8.069MB 
 cbd6b8d70810  1.049MB/5.726MB 
 22d97f6a5d13  6.291MB/29.18MB 
 545ff1a262fc  2.097MB/4.499MB 
 22d97f6a5d13  6.291MB/29.18MB 
 0533baad3023  3.146MB/8.069MB 
 2a3aee5cff18  1.049MB/107.3MB 
 cbd6b8d70810  1.049MB/5.726MB 
 2a3aee5cff18  1.049MB/107.3MB 
 545ff1a262fc  2.097MB/4.499MB 
 22d97f6a5d13  6.291MB/29.18MB 
 2a3aee5cff18  1.049MB/107.3MB 
 cbd6b8d70810  1.049MB/5.726MB 
 545ff1a262fc  2.097MB/4.499MB 
 0533baad3023  3.146MB/8.069MB 
 545ff1a262fc  2.097MB/4.499MB 
 cbd6b8d70810  1.049MB/5.726MB 
 22d97f6a5d13  6.291MB/29.18MB 
 0533baad3023  3.146MB/8.069MB 
 2a3aee5cff18  1.049MB/107.3MB 
 cbd6b8d70810  1.049MB/5.726MB 
 545ff1a262fc  2.097MB/4.499MB 
 2a3aee5cff18  1.049MB/107.3MB 
 22d97f6a5d13  6.291MB/29.18MB 
 0533baad3023  3.146MB/8.069MB 
 545ff1a262fc  2.097MB/4.499MB 
 22d97f6a5d13  6.291MB/29.18MB 
 0533baad3023  3.146MB/8.069MB 
 cbd6b8d70810  1.049MB/5.726MB 
 2a3aee5cff18  1.049MB/107.3MB 
 cbd6b8d70810  1.049MB/5.726MB 
 545ff1a262fc  2.097MB/4.499MB 
 22d97f6a5d13  6.291MB/29.18MB 
 2a3aee5cff18  1.049MB/107.3MB 
 0533baad3023  3.146MB/8.069MB 
 cbd6b8d70810  1.049MB/5.726MB 
 545ff1a262fc  2.097MB/4.499MB 
 0533baad3023  3.146MB/8.069MB 
 22d97f6a5d13  6.291MB/29.18MB 
 2a3aee5cff18  1.049MB/107.3MB 
 0533baad3023  3.146MB/8.069MB 
 2a3aee5cff18  1.049MB/107.3MB 
 545ff1a262fc  2.097MB/4.499MB 
 cbd6b8d70810  1.049MB/5.726MB 
 22d97f6a5d13  6.291MB/29.18MB 
 cbd6b8d70810  1.049MB/5.726MB 
 545ff1a262fc  2.097MB/4.499MB 
 2a3aee5cff18  1.049MB/107.3MB 
 22d97f6a5d13  6.291MB/29.18MB 
 0533baad3023  3.146MB/8.069MB 
 22d97f6a5d13  6.291MB/29.18MB 
 0533baad3023  3.146MB/8.069MB 
 cbd6b8d70810  1.049MB/5.726MB 
 2a3aee5cff18  1.049MB/107.3MB 
 545ff1a262fc  2.097MB/4.499MB 
 cbd6b8d70810  1.049MB/5.726MB 
 545ff1a262fc  2.097MB/4.499MB 
 22d97f6a5d13  6.291MB/29.18MB 
 2a3aee5cff18  1.049MB/107.3MB 
 0533baad3023  3.146MB/8.069MB 
 2a3aee5cff18  1.049MB/107.3MB 
 cbd6b8d70810  1.049MB/5.726MB 
 545ff1a262fc  2.097MB/4.499MB 
 0533baad3023  3.146MB/8.069MB 
 22d97f6a5d13  6.291MB/29.18MB 
 22d97f6a5d13  6.291MB/29.18MB 
 0533baad3023  3.146MB/8.069MB 
 2a3aee5cff18  1.049MB/107.3MB 
 545ff1a262fc  2.097MB/4.499MB 
 cbd6b8d70810  1.049MB/5.726MB 
 cbd6b8d70810  1.049MB/5.726MB 
 545ff1a262fc  2.097MB/4.499MB 
 2a3aee5cff18  1.049MB/107.3MB 
 22d97f6a5d13  6.291MB/29.18MB 
 0533baad3023  3.146MB/8.069MB 
 0533baad3023  3.146MB/8.069MB 
 cbd6b8d70810  1.049MB/5.726MB 
 2a3aee5cff18  1.049MB/107.3MB 
 545ff1a262fc  2.097MB/4.499MB 
 22d97f6a5d13  6.291MB/29.18MB 
 22d97f6a5d13  6.291MB/29.18MB 
 2a3aee5cff18  1.049MB/107.3MB 
 0533baad3023  3.146MB/8.069MB 
 cbd6b8d70810  1.049MB/5.726MB 
 545ff1a262fc  2.097MB/4.499MB 
 cbd6b8d70810  1.049MB/5.726MB 
 545ff1a262fc  2.097MB/4.499MB 
 0533baad3023  3.146MB/8.069MB 
 22d97f6a5d13  6.291MB/29.18MB 
 2a3aee5cff18  1.049MB/107.3MB 
 545ff1a262fc  2.097MB/4.499MB 
 cbd6b8d70810  1.049MB/5.726MB 
 22d97f6a5d13  6.291MB/29.18MB 
 0533baad3023  3.146MB/8.069MB 
 2a3aee5cff18  1.049MB/107.3MB 
 22d97f6a5d13  6.291MB/29.18MB 
 0533baad3023  3.146MB/8.069MB 
 cbd6b8d70810  1.049MB/5.726MB 
 545ff1a262fc  2.097MB/4.499MB 
 2a3aee5cff18  1.049MB/107.3MB 
 0533baad3023  3.146MB/8.069MB 
 cbd6b8d70810  1.049MB/5.726MB 
 545ff1a262fc  2.097MB/4.499MB 
 545ff1a262fc  2.097MB/4.499MB 
 22d97f6a5d13  6.291MB/29.18MB 
 22d97f6a5d13  6.291MB/29.18MB 
 2a3aee5cff18  1.049MB/107.3MB 
 0533baad3023  3.146MB/8.069MB 
 cbd6b8d70810  1.049MB/5.726MB 
 2a3aee5cff18  1.049MB/107.3MB 
 545ff1a262fc  2.097MB/4.499MB 
 0533baad3023  3.146MB/8.069MB 
 22d97f6a5d13  6.291MB/29.18MB 
 2a3aee5cff18  1.049MB/107.3MB 
 cbd6b8d70810  1.049MB/5.726MB 
 545ff1a262fc  2.097MB/4.499MB 
 cbd6b8d70810  1.049MB/5.726MB 
 22d97f6a5d13  6.291MB/29.18MB 
 0533baad3023  3.146MB/8.069MB 
 2a3aee5cff18  1.049MB/107.3MB 
 0533baad3023  3.146MB/8.069MB 
 cbd6b8d70810  1.049MB/5.726MB 
 545ff1a262fc  2.097MB/4.499MB 
 2a3aee5cff18  1.049MB/107.3MB 
 22d97f6a5d13  6.291MB/29.18MB 
 22d97f6a5d13  6.291MB/29.18MB 
 0533baad3023  3.146MB/8.069MB 
 cbd6b8d70810  1.049MB/5.726MB 
 2a3aee5cff18  1.049MB/107.3MB 
 545ff1a262fc  2.097MB/4.499MB 
 2a3aee5cff18  1.049MB/107.3MB 
 0533baad3023  3.146MB/8.069MB 
 cbd6b8d70810  1.049MB/5.726MB 
 545ff1a262fc  2.097MB/4.499MB 
 22d97f6a5d13  6.291MB/29.18MB 
 2a3aee5cff18  1.049MB/107.3MB 
 cbd6b8d70810  1.049MB/5.726MB 
 545ff1a262fc  2.097MB/4.499MB 
 0533baad3023  3.146MB/8.069MB 
 22d97f6a5d13  6.291MB/29.18MB 
 545ff1a262fc  2.097MB/4.499MB 
 cbd6b8d70810  1.049MB/5.726MB 
 22d97f6a5d13  6.291MB/29.18MB 
 0533baad3023  3.146MB/8.069MB 
 2a3aee5cff18  1.049MB/107.3MB 
 545ff1a262fc  2.097MB/4.499MB 
 2a3aee5cff18  1.049MB/107.3MB 
 22d97f6a5d13  6.291MB/29.18MB 
 0533baad3023  3.146MB/8.069MB 
 cbd6b8d70810  1.049MB/5.726MB 
 22d97f6a5d13  6.291MB/29.18MB 
 0533baad3023  3.146MB/8.069MB 
 cbd6b8d70810  1.049MB/5.726MB 
 2a3aee5cff18  1.049MB/107.3MB 
 545ff1a262fc  2.097MB/4.499MB 
 0533baad3023  3.146MB/8.069MB 
 cbd6b8d70810  1.049MB/5.726MB 
 545ff1a262fc  2.097MB/4.499MB 
 22d97f6a5d13  6.291MB/29.18MB 
 2a3aee5cff18  1.049MB/107.3MB 
 cbd6b8d70810  1.049MB/5.726MB 
 545ff1a262fc  2.097MB/4.499MB 
 0533baad3023  3.146MB/8.069MB 
 22d97f6a5d13  6.291MB/29.18MB 
 2a3aee5cff18  1.049MB/107.3MB 
 545ff1a262fc  2.097MB/4.499MB 
 cbd6b8d70810  1.049MB/5.726MB 
 22d97f6a5d13  6.291MB/29.18MB 
 0533baad3023  3.146MB/8.069MB 
 2a3aee5cff18  1.049MB/107.3MB 
 0533baad3023  3.146MB/8.069MB 
 cbd6b8d70810  1.049MB/5.726MB 
 545ff1a262fc  2.097MB/4.499MB 
 2a3aee5cff18  1.049MB/107.3MB 
 22d97f6a5d13  6.291MB/29.18MB 
 cbd6b8d70810  1.049MB/5.726MB 
 2a3aee5cff18  1.049MB/107.3MB 
 545ff1a262fc  2.097MB/4.499MB 
 22d97f6a5d13   7.34MB/29.18MB 
 0533baad3023  3.146MB/8.069MB 
 0533baad3023  3.146MB/8.069MB 
 cbd6b8d70810  1.049MB/5.726MB 
 545ff1a262fc  2.097MB/4.499MB 
 22d97f6a5d13   7.34MB/29.18MB 
 2a3aee5cff18  1.049MB/107.3MB 
 22d97f6a5d13   7.34MB/29.18MB 
 2a3aee5cff18  1.049MB/107.3MB 
 cbd6b8d70810  1.049MB/5.726MB 
 545ff1a262fc  2.097MB/4.499MB 
 0533baad3023  3.146MB/8.069MB 
 545ff1a262fc  2.097MB/4.499MB 
 cbd6b8d70810  1.049MB/5.726MB 
 22d97f6a5d13   7.34MB/29.18MB 
 0533baad3023  3.146MB/8.069MB 
 2a3aee5cff18  1.049MB/107.3MB 
 cbd6b8d70810  1.049MB/5.726MB 
 545ff1a262fc  2.097MB/4.499MB 
 2a3aee5cff18  1.049MB/107.3MB 
 22d97f6a5d13   7.34MB/29.18MB 
 0533baad3023  3.146MB/8.069MB 
 22d97f6a5d13   7.34MB/29.18MB 
 2a3aee5cff18  1.049MB/107.3MB 
 0533baad3023  3.146MB/8.069MB 
 cbd6b8d70810  2.097MB/5.726MB 
 545ff1a262fc  2.097MB/4.499MB 
 545ff1a262fc  2.097MB/4.499MB 
 22d97f6a5d13   7.34MB/29.18MB 
 0533baad3023  3.146MB/8.069MB 
 cbd6b8d70810  2.097MB/5.726MB 
 2a3aee5cff18  1.049MB/107.3MB 
 545ff1a262fc  2.097MB/4.499MB 
 0533baad3023  3.146MB/8.069MB 
 22d97f6a5d13   7.34MB/29.18MB 
 2a3aee5cff18  1.049MB/107.3MB 
 cbd6b8d70810  2.097MB/5.726MB 
 cbd6b8d70810  2.097MB/5.726MB 
 22d97f6a5d13   7.34MB/29.18MB 
 0533baad3023  3.146MB/8.069MB 
 2a3aee5cff18  1.049MB/107.3MB 
 545ff1a262fc  2.097MB/4.499MB 
 cbd6b8d70810  2.097MB/5.726MB 
 545ff1a262fc  2.097MB/4.499MB 
 2a3aee5cff18  1.049MB/107.3MB 
 22d97f6a5d13   7.34MB/29.18MB 
 0533baad3023  3.146MB/8.069MB 
 545ff1a262fc  2.097MB/4.499MB 
 22d97f6a5d13   7.34MB/29.18MB 
 2a3aee5cff18  1.049MB/107.3MB 
 0533baad3023  3.146MB/8.069MB 
 cbd6b8d70810  2.097MB/5.726MB 
 0533baad3023  3.146MB/8.069MB 
 cbd6b8d70810  2.097MB/5.726MB 
 2a3aee5cff18  1.049MB/107.3MB 
 545ff1a262fc  2.097MB/4.499MB 
 22d97f6a5d13   7.34MB/29.18MB 
 22d97f6a5d13   7.34MB/29.18MB 
 2a3aee5cff18  1.049MB/107.3MB 
 cbd6b8d70810  2.097MB/5.726MB 
 545ff1a262fc  2.097MB/4.499MB 
 0533baad3023  3.146MB/8.069MB 
 0533baad3023  3.146MB/8.069MB 
 2a3aee5cff18  1.049MB/107.3MB 
 545ff1a262fc  2.097MB/4.499MB 
 cbd6b8d70810  2.097MB/5.726MB 
 22d97f6a5d13   7.34MB/29.18MB 
 0533baad3023  3.146MB/8.069MB 
 cbd6b8d70810  2.097MB/5.726MB 
 545ff1a262fc  2.097MB/4.499MB 
 2a3aee5cff18  1.049MB/107.3MB 
 22d97f6a5d13   7.34MB/29.18MB 
 cbd6b8d70810  2.097MB/5.726MB 
 545ff1a262fc  2.097MB/4.499MB 
 22d97f6a5d13   7.34MB/29.18MB 
 2a3aee5cff18  1.049MB/107.3MB 
 0533baad3023  3.146MB/8.069MB 
 0533baad3023  3.146MB/8.069MB 
 cbd6b8d70810  2.097MB/5.726MB 
 2a3aee5cff18  1.049MB/107.3MB 
 545ff1a262fc  2.097MB/4.499MB 
 22d97f6a5d13   7.34MB/29.18MB 
 2a3aee5cff18  1.049MB/107.3MB 
 cbd6b8d70810  2.097MB/5.726MB 
 545ff1a262fc  2.097MB/4.499MB 
 0533baad3023  3.146MB/8.069MB 
 22d97f6a5d13   7.34MB/29.18MB 
 545ff1a262fc  2.097MB/4.499MB 
 cbd6b8d70810  2.097MB/5.726MB 
 22d97f6a5d13   7.34MB/29.18MB 
 0533baad3023  3.146MB/8.069MB 
 2a3aee5cff18  1.049MB/107.3MB 
 0533baad3023  3.146MB/8.069MB 
 cbd6b8d70810  2.097MB/5.726MB 
 545ff1a262fc  2.097MB/4.499MB 
 2a3aee5cff18  1.049MB/107.3MB 
 22d97f6a5d13   7.34MB/29.18MB 
 22d97f6a5d13   7.34MB/29.18MB 
 0533baad3023  3.146MB/8.069MB 
 22d97f6a5d13   7.34MB/29.18MB 
 2a3aee5cff18  1.049MB/107.3MB 
 0533baad3023  3.146MB/8.069MB 
 cbd6b8d70810  2.097MB/5.726MB 
 545ff1a262fc  2.097MB/4.499MB 
 cbd6b8d70810  2.097MB/5.726MB 
 2a3aee5cff18  1.049MB/107.3MB 
 545ff1a262fc  2.097MB/4.499MB 
 22d97f6a5d13   7.34MB/29.18MB 
 2a3aee5cff18  1.049MB/107.3MB 
 cbd6b8d70810  2.097MB/5.726MB 
 545ff1a262fc  2.097MB/4.499MB 
 0533baad3023  3.146MB/8.069MB 
 0533baad3023  3.146MB/8.069MB 
 2a3aee5cff18  1.049MB/107.3MB 
 545ff1a262fc  2.097MB/4.499MB 
 cbd6b8d70810  2.097MB/5.726MB 
 22d97f6a5d13   7.34MB/29.18MB 
 2a3aee5cff18  1.049MB/107.3MB 
 22d97f6a5d13   7.34MB/29.18MB 
 0533baad3023  3.146MB/8.069MB 
 cbd6b8d70810  2.097MB/5.726MB 
 545ff1a262fc  2.097MB/4.499MB 
 545ff1a262fc  2.097MB/4.499MB 
 22d97f6a5d13   7.34MB/29.18MB 
 2a3aee5cff18  1.049MB/107.3MB 
 22d97f6a5d13   7.34MB/29.18MB 
 0533baad3023  3.146MB/8.069MB 
 cbd6b8d70810  2.097MB/5.726MB 
 0533baad3023  3.146MB/8.069MB 
 cbd6b8d70810  2.097MB/5.726MB 
 2a3aee5cff18  1.049MB/107.3MB 
 545ff1a262fc  2.097MB/4.499MB 
 cbd6b8d70810  2.097MB/5.726MB 
 545ff1a262fc  2.097MB/4.499MB 
 0533baad3023  3.146MB/8.069MB 
 22d97f6a5d13   7.34MB/29.18MB 
 2a3aee5cff18  1.049MB/107.3MB 
 cbd6b8d70810  2.097MB/5.726MB 
 22d97f6a5d13   7.34MB/29.18MB 
 0533baad3023  3.146MB/8.069MB 
 2a3aee5cff18  1.049MB/107.3MB 
 545ff1a262fc  2.097MB/4.499MB 
 cbd6b8d70810  2.097MB/5.726MB 
 545ff1a262fc  2.097MB/4.499MB 
 2a3aee5cff18  1.049MB/107.3MB 
 22d97f6a5d13   7.34MB/29.18MB 
 0533baad3023  3.146MB/8.069MB 
 cbd6b8d70810  2.097MB/5.726MB 
 2a3aee5cff18  1.049MB/107.3MB 
 0533baad3023  3.146MB/8.069MB 
 545ff1a262fc  2.097MB/4.499MB 
 22d97f6a5d13   7.34MB/29.18MB 
 0533baad3023  3.146MB/8.069MB 
 cbd6b8d70810  2.097MB/5.726MB 
 545ff1a262fc  2.097MB/4.499MB 
 22d97f6a5d13   7.34MB/29.18MB 
 2a3aee5cff18  1.049MB/107.3MB 
 2a3aee5cff18  1.049MB/107.3MB 
 cbd6b8d70810  2.097MB/5.726MB 
 545ff1a262fc  2.097MB/4.499MB 
 0533baad3023  3.146MB/8.069MB 
 22d97f6a5d13   7.34MB/29.18MB 
 545ff1a262fc  2.097MB/4.499MB 
 cbd6b8d70810  2.097MB/5.726MB 
 22d97f6a5d13   7.34MB/29.18MB 
 0533baad3023  3.146MB/8.069MB 
 2a3aee5cff18  1.049MB/107.3MB 
 cbd6b8d70810  2.097MB/5.726MB 
 545ff1a262fc  2.097MB/4.499MB 
 2a3aee5cff18  1.049MB/107.3MB 
 22d97f6a5d13   7.34MB/29.18MB 
 0533baad3023  3.146MB/8.069MB 
 0533baad3023  3.146MB/8.069MB 
 cbd6b8d70810  2.097MB/5.726MB 
 0533baad3023  3.146MB/8.069MB 
 cbd6b8d70810  2.097MB/5.726MB 
 545ff1a262fc  2.097MB/4.499MB 
 2a3aee5cff18  1.049MB/107.3MB 
 545ff1a262fc  2.097MB/4.499MB 
 22d97f6a5d13   7.34MB/29.18MB 
 2a3aee5cff18  1.049MB/107.3MB 
 22d97f6a5d13   7.34MB/29.18MB 
 545ff1a262fc  3.146MB/4.499MB 
 0533baad3023  3.146MB/8.069MB 
 22d97f6a5d13   7.34MB/29.18MB 
 2a3aee5cff18  1.049MB/107.3MB 
 cbd6b8d70810  2.097MB/5.726MB 
 0533baad3023  3.146MB/8.069MB 
 2a3aee5cff18  1.049MB/107.3MB 
 545ff1a262fc  3.146MB/4.499MB 
 cbd6b8d70810  2.097MB/5.726MB 
 22d97f6a5d13   7.34MB/29.18MB 
 cbd6b8d70810  2.097MB/5.726MB 
 545ff1a262fc  3.146MB/4.499MB 
 2a3aee5cff18  1.049MB/107.3MB 
 22d97f6a5d13   7.34MB/29.18MB 
 0533baad3023  3.146MB/8.069MB 
 22d97f6a5d13   7.34MB/29.18MB 
 2a3aee5cff18  1.049MB/107.3MB 
 cbd6b8d70810  2.097MB/5.726MB 
 0533baad3023  3.146MB/8.069MB 
 2a3aee5cff18  1.049MB/107.3MB 
 cbd6b8d70810  2.097MB/5.726MB 
 545ff1a262fc  3.146MB/4.499MB 
 545ff1a262fc  3.146MB/4.499MB 
 22d97f6a5d13   7.34MB/29.18MB 
 0533baad3023  3.146MB/8.069MB 
 22d97f6a5d13   7.34MB/29.18MB 
 2a3aee5cff18  1.049MB/107.3MB 
 cbd6b8d70810  2.097MB/5.726MB 
 545ff1a262fc  3.146MB/4.499MB 
 0533baad3023  3.146MB/8.069MB 
 2a3aee5cff18  1.049MB/107.3MB 
 545ff1a262fc  3.146MB/4.499MB 
 cbd6b8d70810  2.097MB/5.726MB 
 22d97f6a5d13   7.34MB/29.18MB 
 0533baad3023  3.146MB/8.069MB 
 cbd6b8d70810  2.097MB/5.726MB 
 545ff1a262fc  3.146MB/4.499MB 
 2a3aee5cff18  1.049MB/107.3MB 
 22d97f6a5d13   7.34MB/29.18MB 
 0533baad3023  3.146MB/8.069MB 
 cbd6b8d70810  2.097MB/5.726MB 
 2a3aee5cff18  1.049MB/107.3MB 
 0533baad3023  3.146MB/8.069MB 
 545ff1a262fc  3.146MB/4.499MB 
 22d97f6a5d13   7.34MB/29.18MB 
 0533baad3023  3.146MB/8.069MB 
 cbd6b8d70810  2.097MB/5.726MB 
 545ff1a262fc  3.146MB/4.499MB 
 22d97f6a5d13   7.34MB/29.18MB 
 2a3aee5cff18  1.049MB/107.3MB 
 22d97f6a5d13   7.34MB/29.18MB 
 2a3aee5cff18  1.049MB/107.3MB 
 cbd6b8d70810  2.097MB/5.726MB 
 545ff1a262fc  3.146MB/4.499MB 
 0533baad3023  3.146MB/8.069MB 
 545ff1a262fc  3.146MB/4.499MB 
 cbd6b8d70810  2.097MB/5.726MB 
 22d97f6a5d13   7.34MB/29.18MB 
 0533baad3023  3.146MB/8.069MB 
 2a3aee5cff18  1.049MB/107.3MB 
 cbd6b8d70810  2.097MB/5.726MB 
 545ff1a262fc  3.146MB/4.499MB 
 2a3aee5cff18  1.049MB/107.3MB 
 22d97f6a5d13   7.34MB/29.18MB 
 0533baad3023  3.146MB/8.069MB 
 0533baad3023  4.194MB/8.069MB 
 cbd6b8d70810  2.097MB/5.726MB 
 545ff1a262fc  3.146MB/4.499MB 
 22d97f6a5d13   7.34MB/29.18MB 
 2a3aee5cff18  1.049MB/107.3MB 
 22d97f6a5d13   7.34MB/29.18MB 
 0533baad3023  4.194MB/8.069MB 
 cbd6b8d70810  2.097MB/5.726MB 
 2a3aee5cff18  1.049MB/107.3MB 
 545ff1a262fc  3.146MB/4.499MB 
 22d97f6a5d13   7.34MB/29.18MB 
 2a3aee5cff18  1.049MB/107.3MB 
 cbd6b8d70810  2.097MB/5.726MB 
 545ff1a262fc  3.146MB/4.499MB 
 0533baad3023  4.194MB/8.069MB 
 545ff1a262fc  3.146MB/4.499MB 
 cbd6b8d70810  2.097MB/5.726MB 
 22d97f6a5d13   7.34MB/29.18MB 
 0533baad3023  4.194MB/8.069MB 
 2a3aee5cff18  1.049MB/107.3MB 
 22d97f6a5d13   7.34MB/29.18MB 
 0533baad3023  4.194MB/8.069MB 
 cbd6b8d70810  2.097MB/5.726MB 
 545ff1a262fc  3.146MB/4.499MB 
 2a3aee5cff18  1.049MB/107.3MB 
 cbd6b8d70810  2.097MB/5.726MB 
 0533baad3023  4.194MB/8.069MB 
 cbd6b8d70810  2.097MB/5.726MB 
 2a3aee5cff18  1.049MB/107.3MB 
 545ff1a262fc  3.146MB/4.499MB 
 22d97f6a5d13   7.34MB/29.18MB 
 0533baad3023  4.194MB/8.069MB 
 545ff1a262fc  3.146MB/4.499MB 
 22d97f6a5d13   7.34MB/29.18MB 
 2a3aee5cff18  1.049MB/107.3MB 
 2a3aee5cff18  1.049MB/107.3MB 
 cbd6b8d70810  2.097MB/5.726MB 
 545ff1a262fc  3.146MB/4.499MB 
 0533baad3023  4.194MB/8.069MB 
 22d97f6a5d13   7.34MB/29.18MB 
 545ff1a262fc  3.146MB/4.499MB 
 cbd6b8d70810  2.097MB/5.726MB 
 22d97f6a5d13   7.34MB/29.18MB 
 0533baad3023  4.194MB/8.069MB 
 2a3aee5cff18  1.049MB/107.3MB 
 0533baad3023  4.194MB/8.069MB 
 cbd6b8d70810  2.097MB/5.726MB 
 545ff1a262fc  3.146MB/4.499MB 
 2a3aee5cff18  1.049MB/107.3MB 
 22d97f6a5d13   7.34MB/29.18MB 
 cbd6b8d70810  2.097MB/5.726MB 
 545ff1a262fc  3.146MB/4.499MB 
 22d97f6a5d13   7.34MB/29.18MB 
 2a3aee5cff18  1.049MB/107.3MB 
 22d97f6a5d13   7.34MB/29.18MB 
 0533baad3023  4.194MB/8.069MB 
 0533baad3023  4.194MB/8.069MB 
 cbd6b8d70810  2.097MB/5.726MB 
 2a3aee5cff18  1.049MB/107.3MB 
 545ff1a262fc  3.146MB/4.499MB 
 0533baad3023  4.194MB/8.069MB 
 22d97f6a5d13   7.34MB/29.18MB 
 2a3aee5cff18  1.049MB/107.3MB 
 cbd6b8d70810  2.097MB/5.726MB 
 545ff1a262fc  3.146MB/4.499MB 
 2a3aee5cff18  1.049MB/107.3MB 
 545ff1a262fc  3.146MB/4.499MB 
 cbd6b8d70810  2.097MB/5.726MB 
 22d97f6a5d13   7.34MB/29.18MB 
 0533baad3023  4.194MB/8.069MB 
 cbd6b8d70810  2.097MB/5.726MB 
 545ff1a262fc  3.146MB/4.499MB 
 2a3aee5cff18  1.049MB/107.3MB 
 22d97f6a5d13   7.34MB/29.18MB 
 0533baad3023  4.194MB/8.069MB 
 545ff1a262fc  3.146MB/4.499MB 
 22d97f6a5d13   7.34MB/29.18MB 
 22d97f6a5d13   7.34MB/29.18MB 
 2a3aee5cff18  1.049MB/107.3MB 
 0533baad3023  4.194MB/8.069MB 
 0533baad3023  4.194MB/8.069MB 
 cbd6b8d70810  2.097MB/5.726MB 
 cbd6b8d70810  2.097MB/5.726MB 
 2a3aee5cff18  1.049MB/107.3MB 
 545ff1a262fc  3.146MB/4.499MB 
 2a3aee5cff18  1.049MB/107.3MB 
 cbd6b8d70810  2.097MB/5.726MB 
 545ff1a262fc  3.146MB/4.499MB 
 0533baad3023  4.194MB/8.069MB 
 22d97f6a5d13   7.34MB/29.18MB 
 0533baad3023  4.194MB/8.069MB 
 2a3aee5cff18  1.049MB/107.3MB 
 545ff1a262fc  3.146MB/4.499MB 
 cbd6b8d70810  2.097MB/5.726MB 
 22d97f6a5d13   7.34MB/29.18MB 
 cbd6b8d70810  2.097MB/5.726MB 
 545ff1a262fc  3.146MB/4.499MB 
 2a3aee5cff18  1.049MB/107.3MB 
 22d97f6a5d13   7.34MB/29.18MB 
 0533baad3023  4.194MB/8.069MB 
 22d97f6a5d13  8.389MB/29.18MB 
 0533baad3023  4.194MB/8.069MB 
 cbd6b8d70810  2.097MB/5.726MB 
 2a3aee5cff18  1.049MB/107.3MB 
 545ff1a262fc  3.146MB/4.499MB 
 cbd6b8d70810  2.097MB/5.726MB 
 545ff1a262fc  3.146MB/4.499MB 
 22d97f6a5d13  8.389MB/29.18MB 
 2a3aee5cff18  1.049MB/107.3MB 
 0533baad3023  4.194MB/8.069MB 
 22d97f6a5d13  8.389MB/29.18MB 
 2a3aee5cff18  1.049MB/107.3MB 
 cbd6b8d70810  2.097MB/5.726MB 
 545ff1a262fc  3.146MB/4.499MB 
 0533baad3023  4.194MB/8.069MB 
 545ff1a262fc  3.146MB/4.499MB 
 cbd6b8d70810  2.097MB/5.726MB 
 22d97f6a5d13  8.389MB/29.18MB 
 0533baad3023  4.194MB/8.069MB 
 2a3aee5cff18  1.049MB/107.3MB 
 cbd6b8d70810  2.097MB/5.726MB 
 545ff1a262fc  3.146MB/4.499MB 
 2a3aee5cff18  1.049MB/107.3MB 
 22d97f6a5d13  8.389MB/29.18MB 
 0533baad3023  4.194MB/8.069MB 
 0533baad3023  4.194MB/8.069MB 
 cbd6b8d70810  2.097MB/5.726MB 
 2a3aee5cff18  1.049MB/107.3MB 
 545ff1a262fc  3.146MB/4.499MB 
 22d97f6a5d13  8.389MB/29.18MB 
 cbd6b8d70810  2.097MB/5.726MB 
 545ff1a262fc  3.146MB/4.499MB 
 22d97f6a5d13  8.389MB/29.18MB 
 2a3aee5cff18  1.049MB/107.3MB 
 0533baad3023  4.194MB/8.069MB 
 cbd6b8d70810  2.097MB/5.726MB 
 545ff1a262fc  3.146MB/4.499MB 
 0533baad3023  4.194MB/8.069MB 
 22d97f6a5d13  8.389MB/29.18MB 
 2a3aee5cff18  1.049MB/107.3MB 
 0533baad3023  4.194MB/8.069MB 
 2a3aee5cff18  1.049MB/107.3MB 
 545ff1a262fc  3.146MB/4.499MB 
 cbd6b8d70810  2.097MB/5.726MB 
 22d97f6a5d13  8.389MB/29.18MB 
 0533baad3023  4.194MB/8.069MB 
 cbd6b8d70810  2.097MB/5.726MB 
 545ff1a262fc  3.146MB/4.499MB 
 2a3aee5cff18  1.049MB/107.3MB 
 22d97f6a5d13  8.389MB/29.18MB 
 545ff1a262fc  3.146MB/4.499MB 
 22d97f6a5d13  8.389MB/29.18MB 
 2a3aee5cff18  1.049MB/107.3MB 
 0533baad3023  4.194MB/8.069MB 
 22d97f6a5d13  8.389MB/29.18MB 
 cbd6b8d70810  2.097MB/5.726MB 
 0533baad3023  4.194MB/8.069MB 
 cbd6b8d70810  2.097MB/5.726MB 
 2a3aee5cff18  1.049MB/107.3MB 
 545ff1a262fc  3.146MB/4.499MB 
 cbd6b8d70810  2.097MB/5.726MB 
 545ff1a262fc  3.146MB/4.499MB 
 0533baad3023  4.194MB/8.069MB 
 22d97f6a5d13  8.389MB/29.18MB 
 2a3aee5cff18  1.049MB/107.3MB 
 545ff1a262fc  3.146MB/4.499MB 
 cbd6b8d70810  2.097MB/5.726MB 
 22d97f6a5d13  8.389MB/29.18MB 
 0533baad3023  4.194MB/8.069MB 
 2a3aee5cff18  1.049MB/107.3MB 
 22d97f6a5d13  8.389MB/29.18MB 
 0533baad3023  4.194MB/8.069MB 
 cbd6b8d70810  2.097MB/5.726MB 
 545ff1a262fc  3.146MB/4.499MB 
 2a3aee5cff18  1.049MB/107.3MB 
 0533baad3023  4.194MB/8.069MB 
 cbd6b8d70810  2.097MB/5.726MB 
 2a3aee5cff18  1.049MB/107.3MB 
 545ff1a262fc  3.146MB/4.499MB 
 22d97f6a5d13  8.389MB/29.18MB 
 0533baad3023  4.194MB/8.069MB 
 cbd6b8d70810  2.097MB/5.726MB 
 545ff1a262fc  3.146MB/4.499MB 
 22d97f6a5d13  8.389MB/29.18MB 
 2a3aee5cff18  1.049MB/107.3MB 
 cbd6b8d70810  2.097MB/5.726MB 
 545ff1a262fc  3.146MB/4.499MB 
 0533baad3023  4.194MB/8.069MB 
 22d97f6a5d13  8.389MB/29.18MB 
 2a3aee5cff18  1.049MB/107.3MB 
 545ff1a262fc  3.146MB/4.499MB 
 cbd6b8d70810  2.097MB/5.726MB 
 22d97f6a5d13  8.389MB/29.18MB 
 0533baad3023  4.194MB/8.069MB 
 2a3aee5cff18  1.049MB/107.3MB 
 0533baad3023  4.194MB/8.069MB 
 cbd6b8d70810  2.097MB/5.726MB 
 545ff1a262fc  3.146MB/4.499MB 
 2a3aee5cff18  1.049MB/107.3MB 
 22d97f6a5d13  8.389MB/29.18MB 
 0533baad3023  4.194MB/8.069MB 
 cbd6b8d70810  2.097MB/5.726MB 
 2a3aee5cff18  1.049MB/107.3MB 
 545ff1a262fc  3.146MB/4.499MB 
 22d97f6a5d13  8.389MB/29.18MB 
 0533baad3023  4.194MB/8.069MB 
 cbd6b8d70810  2.097MB/5.726MB 
 545ff1a262fc  3.146MB/4.499MB 
 22d97f6a5d13  8.389MB/29.18MB 
 2a3aee5cff18  1.049MB/107.3MB 
 cbd6b8d70810  2.097MB/5.726MB 
 545ff1a262fc  3.146MB/4.499MB 
 0533baad3023  4.194MB/8.069MB 
 22d97f6a5d13  8.389MB/29.18MB 
 2a3aee5cff18  1.049MB/107.3MB 
 545ff1a262fc  3.146MB/4.499MB 
 cbd6b8d70810  2.097MB/5.726MB 
 22d97f6a5d13  8.389MB/29.18MB 
 0533baad3023  4.194MB/8.069MB 
 2a3aee5cff18  1.049MB/107.3MB 
 0533baad3023  4.194MB/8.069MB 
 cbd6b8d70810  2.097MB/5.726MB 
 545ff1a262fc  3.146MB/4.499MB 
 2a3aee5cff18  1.049MB/107.3MB 
 22d97f6a5d13  8.389MB/29.18MB 
 cbd6b8d70810  2.097MB/5.726MB 
 545ff1a262fc  3.146MB/4.499MB 
 22d97f6a5d13  8.389MB/29.18MB 
 2a3aee5cff18  1.049MB/107.3MB 
 0533baad3023  4.194MB/8.069MB 
 0533baad3023  4.194MB/8.069MB 
 cbd6b8d70810  2.097MB/5.726MB 
 2a3aee5cff18  1.049MB/107.3MB 
 545ff1a262fc  3.146MB/4.499MB 
 22d97f6a5d13  8.389MB/29.18MB 
 cbd6b8d70810  2.097MB/5.726MB 
 545ff1a262fc  3.146MB/4.499MB 
 0533baad3023  4.194MB/8.069MB 
 22d97f6a5d13  8.389MB/29.18MB 
 2a3aee5cff18  1.049MB/107.3MB 
 545ff1a262fc  3.146MB/4.499MB 
 cbd6b8d70810  2.097MB/5.726MB 
 22d97f6a5d13  8.389MB/29.18MB 
 0533baad3023  4.194MB/8.069MB 
 2a3aee5cff18  1.049MB/107.3MB 
 cbd6b8d70810  2.097MB/5.726MB 
 545ff1a262fc  3.146MB/4.499MB 
 2a3aee5cff18  1.049MB/107.3MB 
 22d97f6a5d13  8.389MB/29.18MB 
 0533baad3023  4.194MB/8.069MB 
 cbd6b8d70810  2.097MB/5.726MB 
 2a3aee5cff18  1.049MB/107.3MB 
 545ff1a262fc  3.146MB/4.499MB 
 22d97f6a5d13  8.389MB/29.18MB 
 0533baad3023  4.194MB/8.069MB 
 2a3aee5cff18  1.049MB/107.3MB 
 0533baad3023  4.194MB/8.069MB 
 cbd6b8d70810  2.097MB/5.726MB 
 545ff1a262fc  3.146MB/4.499MB 
 22d97f6a5d13  8.389MB/29.18MB 
 cbd6b8d70810  2.097MB/5.726MB 
 545ff1a262fc  3.146MB/4.499MB 
 0533baad3023  4.194MB/8.069MB 
 22d97f6a5d13  8.389MB/29.18MB 
 2a3aee5cff18  1.049MB/107.3MB 
 2a3aee5cff18  1.049MB/107.3MB 
 545ff1a262fc  3.146MB/4.499MB 
 cbd6b8d70810  2.097MB/5.726MB 
 22d97f6a5d13  8.389MB/29.18MB 
 0533baad3023  4.194MB/8.069MB 
 22d97f6a5d13  8.389MB/29.18MB 
 0533baad3023  4.194MB/8.069MB 
 cbd6b8d70810  2.097MB/5.726MB 
 545ff1a262fc  3.146MB/4.499MB 
 2a3aee5cff18  1.049MB/107.3MB 
 22d97f6a5d13  8.389MB/29.18MB 
 0533baad3023  4.194MB/8.069MB 
 cbd6b8d70810  2.097MB/5.726MB 
 2a3aee5cff18  1.049MB/107.3MB 
 545ff1a262fc  3.146MB/4.499MB 
 0533baad3023  4.194MB/8.069MB 
 cbd6b8d70810  2.097MB/5.726MB 
 545ff1a262fc  3.146MB/4.499MB 
 22d97f6a5d13  8.389MB/29.18MB 
 2a3aee5cff18  1.049MB/107.3MB 
 22d97f6a5d13  8.389MB/29.18MB 
 2a3aee5cff18  1.049MB/107.3MB 
 cbd6b8d70810  2.097MB/5.726MB 
 545ff1a262fc  3.146MB/4.499MB 
 0533baad3023  4.194MB/8.069MB 
 cbd6b8d70810  2.097MB/5.726MB 
 22d97f6a5d13  8.389MB/29.18MB 
 0533baad3023  4.194MB/8.069MB 
 2a3aee5cff18  1.049MB/107.3MB 
 545ff1a262fc  3.146MB/4.499MB 
 0533baad3023  4.194MB/8.069MB 
 cbd6b8d70810  2.097MB/5.726MB 
 545ff1a262fc  3.146MB/4.499MB 
 2a3aee5cff18  1.049MB/107.3MB 
 22d97f6a5d13  8.389MB/29.18MB 
 cbd6b8d70810  2.097MB/5.726MB 
 545ff1a262fc  3.146MB/4.499MB 
 22d97f6a5d13  8.389MB/29.18MB 
 2a3aee5cff18  1.049MB/107.3MB 
 0533baad3023  4.194MB/8.069MB 
 0533baad3023  4.194MB/8.069MB 
 cbd6b8d70810  2.097MB/5.726MB 
 2a3aee5cff18  1.049MB/107.3MB 
 545ff1a262fc  3.146MB/4.499MB 
 22d97f6a5d13  8.389MB/29.18MB 
 545ff1a262fc  3.146MB/4.499MB 
 0533baad3023  4.194MB/8.069MB 
 22d97f6a5d13  8.389MB/29.18MB 
 2a3aee5cff18  1.049MB/107.3MB 
 cbd6b8d70810  2.097MB/5.726MB 
 2a3aee5cff18  1.049MB/107.3MB 
 545ff1a262fc  3.146MB/4.499MB 
 cbd6b8d70810  2.097MB/5.726MB 
 22d97f6a5d13  8.389MB/29.18MB 
 0533baad3023  4.194MB/8.069MB 
 cbd6b8d70810  2.097MB/5.726MB 
 545ff1a262fc  3.146MB/4.499MB 
 2a3aee5cff18  1.049MB/107.3MB 
 22d97f6a5d13  8.389MB/29.18MB 
 0533baad3023  4.194MB/8.069MB 
 22d97f6a5d13  8.389MB/29.18MB 
 0533baad3023  4.194MB/8.069MB 
 cbd6b8d70810  2.097MB/5.726MB 
 2a3aee5cff18  1.049MB/107.3MB 
 545ff1a262fc  3.146MB/4.499MB 
 22d97f6a5d13  8.389MB/29.18MB 
 2a3aee5cff18  1.049MB/107.3MB 
 0533baad3023  4.194MB/8.069MB 
 cbd6b8d70810  2.097MB/5.726MB 
 545ff1a262fc  3.146MB/4.499MB 
 545ff1a262fc  3.146MB/4.499MB 
 0533baad3023  4.194MB/8.069MB 
 22d97f6a5d13  8.389MB/29.18MB 
 2a3aee5cff18  1.049MB/107.3MB 
 cbd6b8d70810  2.097MB/5.726MB 
 0533baad3023  4.194MB/8.069MB 
 2a3aee5cff18  1.049MB/107.3MB 
 545ff1a262fc  3.146MB/4.499MB 
 cbd6b8d70810  2.097MB/5.726MB 
 22d97f6a5d13  8.389MB/29.18MB 
 22d97f6a5d13  8.389MB/29.18MB 
 0533baad3023  4.194MB/8.069MB 
 cbd6b8d70810  2.097MB/5.726MB 
 545ff1a262fc  3.146MB/4.499MB 
 2a3aee5cff18  1.049MB/107.3MB 
 0533baad3023  4.194MB/8.069MB 
 cbd6b8d70810  2.097MB/5.726MB 
 2a3aee5cff18  1.049MB/107.3MB 
 545ff1a262fc  3.146MB/4.499MB 
 22d97f6a5d13  8.389MB/29.18MB 
 545ff1a262fc  3.146MB/4.499MB 
 22d97f6a5d13  8.389MB/29.18MB 
 2a3aee5cff18  1.049MB/107.3MB 
 0533baad3023  4.194MB/8.069MB 
 cbd6b8d70810  2.097MB/5.726MB 
 cbd6b8d70810  2.097MB/5.726MB 
 545ff1a262fc  3.146MB/4.499MB 
 0533baad3023  4.194MB/8.069MB 
 22d97f6a5d13  8.389MB/29.18MB 
 2a3aee5cff18  1.049MB/107.3MB 
 545ff1a262fc  3.146MB/4.499MB 
 cbd6b8d70810  2.097MB/5.726MB 
 22d97f6a5d13  8.389MB/29.18MB 
 0533baad3023  4.194MB/8.069MB 
 2a3aee5cff18  1.049MB/107.3MB 
 cbd6b8d70810  2.097MB/5.726MB 
 545ff1a262fc  3.146MB/4.499MB 
 2a3aee5cff18  1.049MB/107.3MB 
 22d97f6a5d13  8.389MB/29.18MB 
 0533baad3023  4.194MB/8.069MB 
 22d97f6a5d13  8.389MB/29.18MB 
 2a3aee5cff18  1.049MB/107.3MB 
 0533baad3023  4.194MB/8.069MB 
 cbd6b8d70810  2.097MB/5.726MB 
 545ff1a262fc  3.146MB/4.499MB 
 22d97f6a5d13  8.389MB/29.18MB 
 0533baad3023  4.194MB/8.069MB 
 cbd6b8d70810  2.097MB/5.726MB 
 2a3aee5cff18  1.049MB/107.3MB 
 545ff1a262fc  3.146MB/4.499MB 
 22d97f6a5d13  8.389MB/29.18MB 
 2a3aee5cff18  1.049MB/107.3MB 
 cbd6b8d70810  2.097MB/5.726MB 
 545ff1a262fc  3.146MB/4.499MB 
 0533baad3023  4.194MB/8.069MB 
 0533baad3023  4.194MB/8.069MB 
 2a3aee5cff18  1.049MB/107.3MB 
 545ff1a262fc  3.146MB/4.499MB 
 cbd6b8d70810  2.097MB/5.726MB 
 22d97f6a5d13  8.389MB/29.18MB 
 0533baad3023  4.194MB/8.069MB 
 cbd6b8d70810  2.097MB/5.726MB 
 545ff1a262fc  3.146MB/4.499MB 
 2a3aee5cff18  1.049MB/107.3MB 
 22d97f6a5d13  8.389MB/29.18MB 
 cbd6b8d70810  2.097MB/5.726MB 
 545ff1a262fc  3.146MB/4.499MB 
 22d97f6a5d13  8.389MB/29.18MB 
 2a3aee5cff18  1.049MB/107.3MB 
 0533baad3023  4.194MB/8.069MB 
 cbd6b8d70810  2.097MB/5.726MB 
 0533baad3023  4.194MB/8.069MB 
 2a3aee5cff18  1.049MB/107.3MB 
 545ff1a262fc  3.146MB/4.499MB 
 22d97f6a5d13  8.389MB/29.18MB 
 22d97f6a5d13  8.389MB/29.18MB 
 2a3aee5cff18  1.049MB/107.3MB 
 cbd6b8d70810  2.097MB/5.726MB 
 545ff1a262fc  3.146MB/4.499MB 
 0533baad3023  4.194MB/8.069MB 
 2a3aee5cff18  1.049MB/107.3MB 
 545ff1a262fc  3.146MB/4.499MB 
 cbd6b8d70810  2.097MB/5.726MB 
 22d97f6a5d13  8.389MB/29.18MB 
 0533baad3023  4.194MB/8.069MB 
 cbd6b8d70810  2.097MB/5.726MB 
 545ff1a262fc  3.146MB/4.499MB 
 2a3aee5cff18  1.049MB/107.3MB 
 22d97f6a5d13  8.389MB/29.18MB 
 0533baad3023  4.194MB/8.069MB 
 22d97f6a5d13  8.389MB/29.18MB 
 2a3aee5cff18  1.049MB/107.3MB 
 0533baad3023  4.194MB/8.069MB 
 cbd6b8d70810  2.097MB/5.726MB 
 545ff1a262fc  3.146MB/4.499MB 
 545ff1a262fc  3.146MB/4.499MB 
 22d97f6a5d13  8.389MB/29.18MB 
 0533baad3023  4.194MB/8.069MB 
 cbd6b8d70810  2.097MB/5.726MB 
 2a3aee5cff18  1.049MB/107.3MB 
 2a3aee5cff18  1.049MB/107.3MB 
 cbd6b8d70810  2.097MB/5.726MB 
 545ff1a262fc  3.146MB/4.499MB 
 0533baad3023  4.194MB/8.069MB 
 22d97f6a5d13  8.389MB/29.18MB 
 22d97f6a5d13  8.389MB/29.18MB 
 0533baad3023  4.194MB/8.069MB 
 2a3aee5cff18  1.049MB/107.3MB 
 545ff1a262fc  3.146MB/4.499MB 
 cbd6b8d70810  2.097MB/5.726MB 
 cbd6b8d70810  2.097MB/5.726MB 
 545ff1a262fc  3.146MB/4.499MB 
 2a3aee5cff18  1.049MB/107.3MB 
 22d97f6a5d13  8.389MB/29.18MB 
 0533baad3023  4.194MB/8.069MB 
 22d97f6a5d13  8.389MB/29.18MB 
 0533baad3023  4.194MB/8.069MB 
 cbd6b8d70810  2.097MB/5.726MB 
 0533baad3023  4.194MB/8.069MB 
 2a3aee5cff18  1.049MB/107.3MB 
 545ff1a262fc  3.146MB/4.499MB 
 cbd6b8d70810  2.097MB/5.726MB 
 545ff1a262fc  3.146MB/4.499MB 
 22d97f6a5d13  8.389MB/29.18MB 
 2a3aee5cff18  1.049MB/107.3MB 
 545ff1a262fc  3.146MB/4.499MB 
 0533baad3023  4.194MB/8.069MB 
 22d97f6a5d13  8.389MB/29.18MB 
 2a3aee5cff18  1.049MB/107.3MB 
 cbd6b8d70810  2.097MB/5.726MB 
 cbd6b8d70810  2.097MB/5.726MB 
 22d97f6a5d13  8.389MB/29.18MB 
 0533baad3023  4.194MB/8.069MB 
 2a3aee5cff18  1.049MB/107.3MB 
 545ff1a262fc  3.146MB/4.499MB 
 2a3aee5cff18  1.049MB/107.3MB 
 22d97f6a5d13  8.389MB/29.18MB 
 0533baad3023  4.194MB/8.069MB 
 cbd6b8d70810  2.097MB/5.726MB 
 545ff1a262fc  3.146MB/4.499MB 
 22d97f6a5d13  8.389MB/29.18MB 
 2a3aee5cff18  1.049MB/107.3MB 
 0533baad3023  4.194MB/8.069MB 
 22d97f6a5d13  8.389MB/29.18MB 
 cbd6b8d70810  2.097MB/5.726MB 
 545ff1a262fc  3.146MB/4.499MB 
 0533baad3023  4.194MB/8.069MB 
 cbd6b8d70810  2.097MB/5.726MB 
 2a3aee5cff18  1.049MB/107.3MB 
 545ff1a262fc  3.146MB/4.499MB 
 545ff1a262fc  3.146MB/4.499MB 
 0533baad3023  4.194MB/8.069MB 
 22d97f6a5d13  8.389MB/29.18MB 
 2a3aee5cff18  1.049MB/107.3MB 
 cbd6b8d70810  2.097MB/5.726MB 
 545ff1a262fc  3.146MB/4.499MB 
 cbd6b8d70810  2.097MB/5.726MB 
 22d97f6a5d13  8.389MB/29.18MB 
 0533baad3023  4.194MB/8.069MB 
 2a3aee5cff18  1.049MB/107.3MB 
 22d97f6a5d13  8.389MB/29.18MB 
 0533baad3023  4.194MB/8.069MB 
 cbd6b8d70810  2.097MB/5.726MB 
 545ff1a262fc  3.146MB/4.499MB 
 2a3aee5cff18  1.049MB/107.3MB 
 22d97f6a5d13  9.437MB/29.18MB 
 2a3aee5cff18  1.049MB/107.3MB 
 22d97f6a5d13  9.437MB/29.18MB 
 0533baad3023  4.194MB/8.069MB 
 0533baad3023  4.194MB/8.069MB 
 cbd6b8d70810  2.097MB/5.726MB 
 cbd6b8d70810  2.097MB/5.726MB 
 545ff1a262fc  3.146MB/4.499MB 
 2a3aee5cff18  1.049MB/107.3MB 
 545ff1a262fc  3.146MB/4.499MB 
 cbd6b8d70810  2.097MB/5.726MB 
 545ff1a262fc  3.146MB/4.499MB 
 0533baad3023  4.194MB/8.069MB 
 22d97f6a5d13  9.437MB/29.18MB 
 2a3aee5cff18  1.049MB/107.3MB 
 0533baad3023  4.194MB/8.069MB 
 2a3aee5cff18  1.049MB/107.3MB 
 545ff1a262fc  3.146MB/4.499MB 
 cbd6b8d70810  2.097MB/5.726MB 
 22d97f6a5d13  9.437MB/29.18MB 
 cbd6b8d70810  2.097MB/5.726MB 
 545ff1a262fc  3.146MB/4.499MB 
 2a3aee5cff18  1.049MB/107.3MB 
 22d97f6a5d13  9.437MB/29.18MB 
 0533baad3023  4.194MB/8.069MB 
 0533baad3023  4.194MB/8.069MB 
 cbd6b8d70810  2.097MB/5.726MB 
 2a3aee5cff18  1.049MB/107.3MB 
 0533baad3023  4.194MB/8.069MB 
 cbd6b8d70810  2.097MB/5.726MB 
 545ff1a262fc  3.146MB/4.499MB 
 22d97f6a5d13  9.437MB/29.18MB 
 545ff1a262fc  3.146MB/4.499MB 
 22d97f6a5d13  9.437MB/29.18MB 
 2a3aee5cff18  1.049MB/107.3MB 
 2a3aee5cff18  1.049MB/107.3MB 
 cbd6b8d70810  2.097MB/5.726MB 
 545ff1a262fc  3.146MB/4.499MB 
 0533baad3023  4.194MB/8.069MB 
 22d97f6a5d13  9.437MB/29.18MB 
 cbd6b8d70810  2.097MB/5.726MB 
 22d97f6a5d13  9.437MB/29.18MB 
 0533baad3023  4.194MB/8.069MB 
 2a3aee5cff18  1.049MB/107.3MB 
 545ff1a262fc  3.146MB/4.499MB 
 cbd6b8d70810  2.097MB/5.726MB 
 545ff1a262fc  3.146MB/4.499MB 
 2a3aee5cff18  1.049MB/107.3MB 
 22d97f6a5d13  9.437MB/29.18MB 
 0533baad3023  4.194MB/8.069MB 
 0533baad3023  4.194MB/8.069MB 
 22d97f6a5d13  9.437MB/29.18MB 
 cbd6b8d70810  2.097MB/5.726MB 
 2a3aee5cff18  1.049MB/107.3MB 
 2a3aee5cff18  1.049MB/107.3MB 
 545ff1a262fc  3.146MB/4.499MB 
 0533baad3023  4.194MB/8.069MB 
 22d97f6a5d13  9.437MB/29.18MB 
 cbd6b8d70810  2.097MB/5.726MB 
 545ff1a262fc  3.146MB/4.499MB 
 22d97f6a5d13  9.437MB/29.18MB 
 2a3aee5cff18  1.049MB/107.3MB 
 cbd6b8d70810  2.097MB/5.726MB 
 545ff1a262fc  3.146MB/4.499MB 
 0533baad3023  4.194MB/8.069MB 
 2a3aee5cff18  1.049MB/107.3MB 
 545ff1a262fc  3.146MB/4.499MB 
 cbd6b8d70810  2.097MB/5.726MB 
 22d97f6a5d13  9.437MB/29.18MB 
 0533baad3023  4.194MB/8.069MB 
 22d97f6a5d13  9.437MB/29.18MB 
 0533baad3023  4.194MB/8.069MB 
 cbd6b8d70810  2.097MB/5.726MB 
 545ff1a262fc  3.146MB/4.499MB 
 2a3aee5cff18  1.049MB/107.3MB 
 545ff1a262fc  3.146MB/4.499MB 
 22d97f6a5d13  9.437MB/29.18MB 
 2a3aee5cff18  1.049MB/107.3MB 
 0533baad3023  4.194MB/8.069MB 
 cbd6b8d70810  2.097MB/5.726MB 
 2a3aee5cff18  1.049MB/107.3MB 
 545ff1a262fc  3.146MB/4.499MB 
 22d97f6a5d13  9.437MB/29.18MB 
 0533baad3023  4.194MB/8.069MB 
 cbd6b8d70810  2.097MB/5.726MB 
 545ff1a262fc  3.146MB/4.499MB 
 0533baad3023  4.194MB/8.069MB 
 22d97f6a5d13  9.437MB/29.18MB 
 2a3aee5cff18  1.049MB/107.3MB 
 cbd6b8d70810  2.097MB/5.726MB 
 2a3aee5cff18  1.049MB/107.3MB 
 545ff1a262fc  3.146MB/4.499MB 
 cbd6b8d70810  2.097MB/5.726MB 
 22d97f6a5d13  9.437MB/29.18MB 
 0533baad3023  4.194MB/8.069MB 
 cbd6b8d70810  2.097MB/5.726MB 
 545ff1a262fc  3.146MB/4.499MB 
 2a3aee5cff18  1.049MB/107.3MB 
 22d97f6a5d13  9.437MB/29.18MB 
 0533baad3023  4.194MB/8.069MB 
 cbd6b8d70810  2.097MB/5.726MB 
 2a3aee5cff18  1.049MB/107.3MB 
 545ff1a262fc  3.146MB/4.499MB 
 22d97f6a5d13  9.437MB/29.18MB 
 0533baad3023  4.194MB/8.069MB 
 545ff1a262fc  3.146MB/4.499MB 
 22d97f6a5d13  9.437MB/29.18MB 
 2a3aee5cff18  1.049MB/107.3MB 
 0533baad3023  4.194MB/8.069MB 
 cbd6b8d70810  2.097MB/5.726MB 
 cbd6b8d70810  2.097MB/5.726MB 
 545ff1a262fc  3.146MB/4.499MB 
 0533baad3023  4.194MB/8.069MB 
 22d97f6a5d13  9.437MB/29.18MB 
 2a3aee5cff18  1.049MB/107.3MB 
 545ff1a262fc  3.146MB/4.499MB 
 cbd6b8d70810  2.097MB/5.726MB 
 22d97f6a5d13  9.437MB/29.18MB 
 0533baad3023  4.194MB/8.069MB 
 2a3aee5cff18  1.049MB/107.3MB 
 cbd6b8d70810  2.097MB/5.726MB 
 545ff1a262fc  3.146MB/4.499MB 
 2a3aee5cff18  1.049MB/107.3MB 
 22d97f6a5d13  9.437MB/29.18MB 
 0533baad3023  4.194MB/8.069MB 
 0533baad3023  4.194MB/8.069MB 
 cbd6b8d70810  2.896MB/5.726MB 
 2a3aee5cff18  1.049MB/107.3MB 
 545ff1a262fc  3.146MB/4.499MB 
 22d97f6a5d13  9.437MB/29.18MB 
 0533baad3023  4.194MB/8.069MB 
 cbd6b8d70810  3.146MB/5.726MB 
 545ff1a262fc  3.146MB/4.499MB 
 22d97f6a5d13  9.437MB/29.18MB 
 2a3aee5cff18  1.049MB/107.3MB 
 545ff1a262fc  4.194MB/4.499MB 
 0533baad3023  4.194MB/8.069MB 
 22d97f6a5d13  9.437MB/29.18MB 
 2a3aee5cff18  1.049MB/107.3MB 
 cbd6b8d70810  3.146MB/5.726MB 
 545ff1a262fc  4.194MB/4.499MB 
 cbd6b8d70810  3.146MB/5.726MB 
 22d97f6a5d13  9.437MB/29.18MB 
 0533baad3023  4.194MB/8.069MB 
 2a3aee5cff18  1.049MB/107.3MB 
 22d97f6a5d13  9.437MB/29.18MB 
 0533baad3023  4.194MB/8.069MB 
 cbd6b8d70810  3.146MB/5.726MB 
 545ff1a262fc  4.194MB/4.499MB 
 2a3aee5cff18  1.049MB/107.3MB 
 cbd6b8d70810  3.146MB/5.726MB 
 545ff1a262fc  4.194MB/4.499MB 
 22d97f6a5d13  9.437MB/29.18MB 
 2a3aee5cff18  1.049MB/107.3MB 
 0533baad3023  4.194MB/8.069MB 
 cbd6b8d70810  3.146MB/5.726MB 
 2a3aee5cff18  1.049MB/107.3MB 
 545ff1a262fc  4.194MB/4.499MB 
 22d97f6a5d13  9.437MB/29.18MB 
 0533baad3023  4.194MB/8.069MB 
 22d97f6a5d13  9.437MB/29.18MB 
 2a3aee5cff18  1.049MB/107.3MB 
 cbd6b8d70810  3.146MB/5.726MB 
 545ff1a262fc  4.194MB/4.499MB 
 0533baad3023  4.194MB/8.069MB 
 545ff1a262fc  4.194MB/4.499MB 
 cbd6b8d70810  3.146MB/5.726MB 
 22d97f6a5d13  9.437MB/29.18MB 
 0533baad3023  4.194MB/8.069MB 
 2a3aee5cff18  1.049MB/107.3MB 
 cbd6b8d70810  3.146MB/5.726MB 
 545ff1a262fc  4.194MB/4.499MB 
 2a3aee5cff18  1.049MB/107.3MB 
 22d97f6a5d13  9.437MB/29.18MB 
 0533baad3023  4.194MB/8.069MB 
 545ff1a262fc  4.194MB/4.499MB 
 22d97f6a5d13  9.437MB/29.18MB 
 2a3aee5cff18  1.049MB/107.3MB 
 0533baad3023  4.194MB/8.069MB 
 cbd6b8d70810  3.146MB/5.726MB 
 545ff1a262fc  4.194MB/4.499MB 
 22d97f6a5d13  9.437MB/29.18MB 
 0533baad3023  4.194MB/8.069MB 
 cbd6b8d70810  3.146MB/5.726MB 
 2a3aee5cff18  1.049MB/107.3MB 
 cbd6b8d70810  3.146MB/5.726MB 
 545ff1a262fc  4.194MB/4.499MB 
 0533baad3023  4.194MB/8.069MB 
 22d97f6a5d13  9.437MB/29.18MB 
 2a3aee5cff18  1.049MB/107.3MB 
 cbd6b8d70810  3.146MB/5.726MB 
 22d97f6a5d13  9.437MB/29.18MB 
 0533baad3023  4.194MB/8.069MB 
 2a3aee5cff18  1.049MB/107.3MB 
 545ff1a262fc  4.194MB/4.499MB 
 22d97f6a5d13  9.437MB/29.18MB 
 0533baad3023  4.194MB/8.069MB 
 cbd6b8d70810  3.146MB/5.726MB 
 545ff1a262fc  4.194MB/4.499MB 
 2a3aee5cff18  1.049MB/107.3MB 
 cbd6b8d70810  3.146MB/5.726MB 
 2a3aee5cff18  1.049MB/107.3MB 
 545ff1a262fc  4.194MB/4.499MB 
 22d97f6a5d13  9.437MB/29.18MB 
 0533baad3023  4.194MB/8.069MB 
 545ff1a262fc  4.194MB/4.499MB 
 22d97f6a5d13  9.437MB/29.18MB 
 2a3aee5cff18  1.049MB/107.3MB 
 0533baad3023  4.194MB/8.069MB 
 cbd6b8d70810  3.146MB/5.726MB 
 545ff1a262fc  4.194MB/4.499MB 
 0533baad3023  4.194MB/8.069MB 
 22d97f6a5d13  9.437MB/29.18MB 
 2a3aee5cff18  1.049MB/107.3MB 
 cbd6b8d70810  3.146MB/5.726MB 
 cbd6b8d70810  3.146MB/5.726MB 
 22d97f6a5d13  9.437MB/29.18MB 
 0533baad3023  4.194MB/8.069MB 
 2a3aee5cff18  1.049MB/107.3MB 
 545ff1a262fc  4.194MB/4.499MB 
 22d97f6a5d13  9.437MB/29.18MB 
 0533baad3023  4.194MB/8.069MB 
 cbd6b8d70810  3.146MB/5.726MB 
 545ff1a262fc  4.194MB/4.499MB 
 2a3aee5cff18  1.049MB/107.3MB 
 22d97f6a5d13  9.437MB/29.18MB 
 0533baad3023  5.243MB/8.069MB 
 cbd6b8d70810  3.146MB/5.726MB 
 2a3aee5cff18  1.049MB/107.3MB 
 545ff1a262fc  4.194MB/4.499MB 
 545ff1a262fc  4.194MB/4.499MB 
 22d97f6a5d13  9.437MB/29.18MB 
 2a3aee5cff18  1.049MB/107.3MB 
 0533baad3023  5.243MB/8.069MB 
 cbd6b8d70810  3.146MB/5.726MB 
 545ff1a262fc  4.194MB/4.499MB 
 0533baad3023  5.243MB/8.069MB 
 22d97f6a5d13  9.437MB/29.18MB 
 2a3aee5cff18  1.049MB/107.3MB 
 cbd6b8d70810  3.146MB/5.726MB 
 0533baad3023  5.243MB/8.069MB 
 2a3aee5cff18  1.049MB/107.3MB 
 545ff1a262fc  4.194MB/4.499MB 
 cbd6b8d70810  3.146MB/5.726MB 
 22d97f6a5d13  9.437MB/29.18MB 
 0533baad3023  5.243MB/8.069MB 
 cbd6b8d70810  3.146MB/5.726MB 
 545ff1a262fc  4.194MB/4.499MB 
 2a3aee5cff18  1.049MB/107.3MB 
 22d97f6a5d13  9.437MB/29.18MB 
 22d97f6a5d13  9.437MB/29.18MB 
 0533baad3023  5.243MB/8.069MB 
 cbd6b8d70810  3.146MB/5.726MB 
 2a3aee5cff18  1.049MB/107.3MB 
 22d97f6a5d13  9.437MB/29.18MB 
 545ff1a262fc  4.194MB/4.499MB 
 2a3aee5cff18  1.049MB/107.3MB 
 0533baad3023  5.243MB/8.069MB 
 cbd6b8d70810  3.146MB/5.726MB 
 545ff1a262fc  4.194MB/4.499MB 
 22d97f6a5d13  9.437MB/29.18MB 
 2a3aee5cff18  1.049MB/107.3MB 
 cbd6b8d70810  3.146MB/5.726MB 
 545ff1a262fc  4.194MB/4.499MB 
 0533baad3023  5.243MB/8.069MB 
 0533baad3023  5.243MB/8.069MB 
 2a3aee5cff18  1.049MB/107.3MB 
 545ff1a262fc  4.194MB/4.499MB 
 cbd6b8d70810  3.146MB/5.726MB 
 22d97f6a5d13  9.437MB/29.18MB 
 22d97f6a5d13  9.437MB/29.18MB 
 0533baad3023  5.243MB/8.069MB 
 cbd6b8d70810  3.146MB/5.726MB 
 545ff1a262fc  4.194MB/4.499MB 
 2a3aee5cff18  1.049MB/107.3MB 
 22d97f6a5d13  9.437MB/29.18MB 
 2a3aee5cff18  2.097MB/107.3MB 
 0533baad3023  5.243MB/8.069MB 
 cbd6b8d70810  3.146MB/5.726MB 
 22d97f6a5d13  9.437MB/29.18MB 
 545ff1a262fc  4.194MB/4.499MB 
 0533baad3023  5.243MB/8.069MB 
 cbd6b8d70810  3.146MB/5.726MB 
 2a3aee5cff18  2.097MB/107.3MB 
 545ff1a262fc  4.194MB/4.499MB 
 22d97f6a5d13  9.437MB/29.18MB 
 2a3aee5cff18  2.097MB/107.3MB 
 cbd6b8d70810  3.146MB/5.726MB 
 545ff1a262fc  4.194MB/4.499MB 
 0533baad3023  5.243MB/8.069MB 
 545ff1a262fc  4.194MB/4.499MB 
 cbd6b8d70810  3.146MB/5.726MB 
 22d97f6a5d13  9.437MB/29.18MB 
 0533baad3023  5.243MB/8.069MB 
 2a3aee5cff18  2.097MB/107.3MB 
 22d97f6a5d13  9.437MB/29.18MB 
 0533baad3023  5.243MB/8.069MB 
 cbd6b8d70810  3.146MB/5.726MB 
 545ff1a262fc  4.194MB/4.499MB 
 2a3aee5cff18  2.097MB/107.3MB 
 22d97f6a5d13  9.437MB/29.18MB 
 0533baad3023  5.243MB/8.069MB 
 0533baad3023  5.243MB/8.069MB 
 cbd6b8d70810  3.146MB/5.726MB 
 cbd6b8d70810  3.146MB/5.726MB 
 2a3aee5cff18  2.097MB/107.3MB 
 545ff1a262fc  4.194MB/4.499MB 
 545ff1a262fc  4.194MB/4.499MB 
 22d97f6a5d13  9.437MB/29.18MB 
 2a3aee5cff18  2.097MB/107.3MB 
 2a3aee5cff18  2.097MB/107.3MB 
 cbd6b8d70810  3.146MB/5.726MB 
 545ff1a262fc  4.194MB/4.499MB 
 0533baad3023  5.243MB/8.069MB 
 22d97f6a5d13  9.437MB/29.18MB 
 0533baad3023  5.243MB/8.069MB 
 2a3aee5cff18  2.097MB/107.3MB 
 545ff1a262fc  4.194MB/4.499MB 
 cbd6b8d70810  3.146MB/5.726MB 
 22d97f6a5d13  9.437MB/29.18MB 
 0533baad3023  5.243MB/8.069MB 
 cbd6b8d70810  3.146MB/5.726MB 
 545ff1a262fc  4.194MB/4.499MB 
 2a3aee5cff18  2.097MB/107.3MB 
 22d97f6a5d13  9.437MB/29.18MB 
 cbd6b8d70810  3.146MB/5.726MB 
 2a3aee5cff18  2.097MB/107.3MB 
 545ff1a262fc  4.194MB/4.499MB 
 22d97f6a5d13  9.437MB/29.18MB 
 0533baad3023  5.243MB/8.069MB 
 0533baad3023  5.243MB/8.069MB 
 cbd6b8d70810  3.146MB/5.726MB 
 545ff1a262fc  4.194MB/4.499MB 
 22d97f6a5d13  9.437MB/29.18MB 
 2a3aee5cff18  2.097MB/107.3MB 
 22d97f6a5d13  9.437MB/29.18MB 
 2a3aee5cff18  2.097MB/107.3MB 
 cbd6b8d70810  3.146MB/5.726MB 
 545ff1a262fc  4.194MB/4.499MB 
 0533baad3023  5.243MB/8.069MB 
 cbd6b8d70810  3.146MB/5.726MB 
 22d97f6a5d13  9.437MB/29.18MB 
 0533baad3023  5.243MB/8.069MB 
 2a3aee5cff18  2.097MB/107.3MB 
 545ff1a262fc  4.194MB/4.499MB 
 cbd6b8d70810  3.146MB/5.726MB 
 545ff1a262fc  4.194MB/4.499MB 
 2a3aee5cff18  2.097MB/107.3MB 
 22d97f6a5d13  9.437MB/29.18MB 
 0533baad3023  5.243MB/8.069MB 
 cbd6b8d70810  3.146MB/5.726MB 
 545ff1a262fc  4.194MB/4.499MB 
 22d97f6a5d13  9.437MB/29.18MB 
 2a3aee5cff18  2.097MB/107.3MB 
 0533baad3023  5.243MB/8.069MB 
 22d97f6a5d13  9.437MB/29.18MB 
 0533baad3023  5.243MB/8.069MB 
 cbd6b8d70810  3.146MB/5.726MB 
 2a3aee5cff18  2.097MB/107.3MB 
 545ff1a262fc  4.194MB/4.499MB 
 22d97f6a5d13  9.437MB/29.18MB 
 2a3aee5cff18  2.097MB/107.3MB 
 cbd6b8d70810  3.146MB/5.726MB 
 545ff1a262fc  4.194MB/4.499MB 
 0533baad3023  5.243MB/8.069MB 
 0533baad3023  5.243MB/8.069MB 
 2a3aee5cff18  2.097MB/107.3MB 
 545ff1a262fc  4.194MB/4.499MB 
 cbd6b8d70810  3.146MB/5.726MB 
 22d97f6a5d13  9.437MB/29.18MB 
 22d97f6a5d13  9.437MB/29.18MB 
 0533baad3023  5.243MB/8.069MB 
 cbd6b8d70810  3.146MB/5.726MB 
 545ff1a262fc  4.194MB/4.499MB 
 2a3aee5cff18  2.097MB/107.3MB 
 22d97f6a5d13  9.437MB/29.18MB 
 2a3aee5cff18  2.097MB/107.3MB 
 0533baad3023  5.243MB/8.069MB 
 0533baad3023  5.243MB/8.069MB 
 cbd6b8d70810  3.146MB/5.726MB 
 2a3aee5cff18  2.097MB/107.3MB 
 cbd6b8d70810  3.146MB/5.726MB 
 545ff1a262fc  4.194MB/4.499MB 
 545ff1a262fc  4.194MB/4.499MB 
 22d97f6a5d13  9.437MB/29.18MB 
 22d97f6a5d13  9.437MB/29.18MB 
 2a3aee5cff18  2.097MB/107.3MB 
 cbd6b8d70810  3.146MB/5.726MB 
 545ff1a262fc  4.194MB/4.499MB 
 0533baad3023  5.243MB/8.069MB 
 545ff1a262fc  4.194MB/4.499MB 
 cbd6b8d70810  3.146MB/5.726MB 
 22d97f6a5d13  9.437MB/29.18MB 
 0533baad3023  5.243MB/8.069MB 
 2a3aee5cff18  2.097MB/107.3MB 
 0533baad3023  5.243MB/8.069MB 
 cbd6b8d70810  3.146MB/5.726MB 
 545ff1a262fc  4.194MB/4.499MB 
 2a3aee5cff18  2.097MB/107.3MB 
 22d97f6a5d13  9.437MB/29.18MB 
 22d97f6a5d13  9.437MB/29.18MB 
 2a3aee5cff18  2.097MB/107.3MB 
 0533baad3023  5.243MB/8.069MB 
 22d97f6a5d13  9.437MB/29.18MB 
 cbd6b8d70810  3.146MB/5.726MB 
 0533baad3023  5.243MB/8.069MB 
 cbd6b8d70810  3.146MB/5.726MB 
 2a3aee5cff18  2.097MB/107.3MB 
 545ff1a262fc  
 545ff1a262fc  
 2a3aee5cff18  2.097MB/107.3MB 
 cbd6b8d70810  3.146MB/5.726MB 
 545ff1a262fc  
 0533baad3023  5.243MB/8.069MB 
 22d97f6a5d13  9.437MB/29.18MB 
 0533baad3023  5.243MB/8.069MB 
 2a3aee5cff18  2.097MB/107.3MB 
 545ff1a262fc  
 cbd6b8d70810  3.146MB/5.726MB 
 22d97f6a5d13  9.437MB/29.18MB 
 545ff1a262fc  
 2a3aee5cff18  2.097MB/107.3MB 
 22d97f6a5d13  9.437MB/29.18MB 
 0533baad3023  5.243MB/8.069MB 
 cbd6b8d70810  3.146MB/5.726MB 
 cbd6b8d70810  3.146MB/5.726MB 
 2a3aee5cff18  2.097MB/107.3MB 
 22d97f6a5d13  9.437MB/29.18MB 
 0533baad3023  5.243MB/8.069MB 
 cbd6b8d70810  3.146MB/5.726MB 
 22d97f6a5d13  9.437MB/29.18MB 
 2a3aee5cff18  2.097MB/107.3MB 
 0533baad3023  5.243MB/8.069MB 
 cbd6b8d70810  3.146MB/5.726MB 
 0533baad3023  5.243MB/8.069MB 
 22d97f6a5d13  9.437MB/29.18MB 
 2a3aee5cff18  2.097MB/107.3MB 
 cbd6b8d70810  3.146MB/5.726MB 
 22d97f6a5d13  9.437MB/29.18MB 
 0533baad3023  5.243MB/8.069MB 
 2a3aee5cff18  2.097MB/107.3MB 
 cbd6b8d70810  3.146MB/5.726MB 
 2a3aee5cff18  2.097MB/107.3MB 
 22d97f6a5d13  9.437MB/29.18MB 
 0533baad3023  5.243MB/8.069MB 
 22d97f6a5d13  9.437MB/29.18MB 
 2a3aee5cff18  2.097MB/107.3MB 
 0533baad3023  5.243MB/8.069MB 
 cbd6b8d70810  3.146MB/5.726MB 
 22d97f6a5d13  9.437MB/29.18MB 
 0533baad3023  5.243MB/8.069MB 
 cbd6b8d70810  3.146MB/5.726MB 
 2a3aee5cff18  2.097MB/107.3MB 
 22d97f6a5d13  9.437MB/29.18MB 
 2a3aee5cff18  2.097MB/107.3MB 
 cbd6b8d70810  3.146MB/5.726MB 
 0533baad3023  5.243MB/8.069MB 
 cbd6b8d70810  3.146MB/5.726MB 
 22d97f6a5d13  9.437MB/29.18MB 
 0533baad3023  5.243MB/8.069MB 
 2a3aee5cff18  2.097MB/107.3MB 
 cbd6b8d70810  3.146MB/5.726MB 
 2a3aee5cff18  2.097MB/107.3MB 
 22d97f6a5d13  10.49MB/29.18MB 
 0533baad3023  5.243MB/8.069MB 
 0533baad3023  5.243MB/8.069MB 
 cbd6b8d70810  3.146MB/5.726MB 
 22d97f6a5d13  10.49MB/29.18MB 
 2a3aee5cff18  2.097MB/107.3MB 
 22d97f6a5d13  10.49MB/29.18MB 
 0533baad3023  5.243MB/8.069MB 
 cbd6b8d70810  3.146MB/5.726MB 
 2a3aee5cff18  2.097MB/107.3MB 
 22d97f6a5d13  10.49MB/29.18MB 
 2a3aee5cff18  2.097MB/107.3MB 
 cbd6b8d70810  3.146MB/5.726MB 
 0533baad3023  5.243MB/8.069MB 
 cbd6b8d70810  3.146MB/5.726MB 
 22d97f6a5d13  10.49MB/29.18MB 
 0533baad3023  5.243MB/8.069MB 
 2a3aee5cff18  2.097MB/107.3MB 
 2a3aee5cff18  2.097MB/107.3MB 
 22d97f6a5d13  10.49MB/29.18MB 
 0533baad3023  5.243MB/8.069MB 
 cbd6b8d70810  3.146MB/5.726MB 
 0533baad3023  5.243MB/8.069MB 
 cbd6b8d70810  3.146MB/5.726MB 
 22d97f6a5d13  10.49MB/29.18MB 
 2a3aee5cff18  2.097MB/107.3MB 
 2a3aee5cff18  2.097MB/107.3MB 
 22d97f6a5d13  10.49MB/29.18MB 
 0533baad3023  5.243MB/8.069MB 
 cbd6b8d70810  3.146MB/5.726MB 
 0533baad3023  5.243MB/8.069MB 
 22d97f6a5d13  10.49MB/29.18MB 
 2a3aee5cff18  2.097MB/107.3MB 
 cbd6b8d70810  3.146MB/5.726MB 
 cbd6b8d70810  3.146MB/5.726MB 
 22d97f6a5d13  10.49MB/29.18MB 
 0533baad3023  5.243MB/8.069MB 
 2a3aee5cff18  2.097MB/107.3MB 
 cbd6b8d70810  3.146MB/5.726MB 
 2a3aee5cff18  2.097MB/107.3MB 
 22d97f6a5d13  10.49MB/29.18MB 
 0533baad3023  5.243MB/8.069MB 
 cbd6b8d70810  3.146MB/5.726MB 
 22d97f6a5d13  10.49MB/29.18MB 
 2a3aee5cff18  2.097MB/107.3MB 
 0533baad3023  5.243MB/8.069MB 
 0533baad3023  5.243MB/8.069MB 
 cbd6b8d70810  3.146MB/5.726MB 
 2a3aee5cff18  2.097MB/107.3MB 
 22d97f6a5d13  10.49MB/29.18MB 
 cbd6b8d70810  3.146MB/5.726MB 
 0533baad3023  5.243MB/8.069MB 
 22d97f6a5d13  10.49MB/29.18MB 
 2a3aee5cff18  2.097MB/107.3MB 
 0533baad3023  5.243MB/8.069MB 
 2a3aee5cff18  2.097MB/107.3MB 
 cbd6b8d70810  3.146MB/5.726MB 
 22d97f6a5d13  10.49MB/29.18MB 
 2a3aee5cff18  2.097MB/107.3MB 
 22d97f6a5d13  10.49MB/29.18MB 
 0533baad3023  5.243MB/8.069MB 
 cbd6b8d70810  3.146MB/5.726MB 
 22d97f6a5d13  10.49MB/29.18MB 
 2a3aee5cff18  2.097MB/107.3MB 
 cbd6b8d70810  3.146MB/5.726MB 
 0533baad3023  5.243MB/8.069MB 
 cbd6b8d70810  3.146MB/5.726MB 
 2a3aee5cff18  2.097MB/107.3MB 
 22d97f6a5d13  10.49MB/29.18MB 
 0533baad3023  5.243MB/8.069MB 
 22d97f6a5d13  10.49MB/29.18MB 
 2a3aee5cff18  2.097MB/107.3MB 
 cbd6b8d70810  3.146MB/5.726MB 
 0533baad3023  5.243MB/8.069MB 
 cbd6b8d70810  3.146MB/5.726MB 
 22d97f6a5d13  10.49MB/29.18MB 
 0533baad3023  5.243MB/8.069MB 
 2a3aee5cff18  2.097MB/107.3MB 
 0533baad3023  5.243MB/8.069MB 
 cbd6b8d70810  3.146MB/5.726MB 
 2a3aee5cff18  2.097MB/107.3MB 
 22d97f6a5d13  10.49MB/29.18MB 
 cbd6b8d70810  3.146MB/5.726MB 
 22d97f6a5d13  10.49MB/29.18MB 
 2a3aee5cff18  2.097MB/107.3MB 
 0533baad3023  5.243MB/8.069MB 
 0533baad3023  5.243MB/8.069MB 
 cbd6b8d70810  3.146MB/5.726MB 
 2a3aee5cff18  2.097MB/107.3MB 
 22d97f6a5d13  10.49MB/29.18MB 
 0533baad3023  5.243MB/8.069MB 
 22d97f6a5d13  10.49MB/29.18MB 
 2a3aee5cff18  2.097MB/107.3MB 
 cbd6b8d70810  3.146MB/5.726MB 
 cbd6b8d70810  3.146MB/5.726MB 
 22d97f6a5d13  10.49MB/29.18MB 
 0533baad3023  5.243MB/8.069MB 
 2a3aee5cff18  2.097MB/107.3MB 
 22d97f6a5d13  10.49MB/29.18MB 
 0533baad3023  5.243MB/8.069MB 
 cbd6b8d70810  3.146MB/5.726MB 
 2a3aee5cff18  2.097MB/107.3MB 
 22d97f6a5d13  10.49MB/29.18MB 
 2a3aee5cff18  2.097MB/107.3MB 
 0533baad3023  5.243MB/8.069MB 
 cbd6b8d70810  3.146MB/5.726MB 
 22d97f6a5d13  10.49MB/29.18MB 
 0533baad3023  5.243MB/8.069MB 
 cbd6b8d70810  3.146MB/5.726MB 
 2a3aee5cff18  2.097MB/107.3MB 
 22d97f6a5d13  10.49MB/29.18MB 
 2a3aee5cff18  2.097MB/107.3MB 
 cbd6b8d70810  3.146MB/5.726MB 
 0533baad3023  5.243MB/8.069MB 
 cbd6b8d70810  3.146MB/5.726MB 
 22d97f6a5d13  10.49MB/29.18MB 
 0533baad3023  5.243MB/8.069MB 
 2a3aee5cff18  2.097MB/107.3MB 
 0533baad3023  5.243MB/8.069MB 
 cbd6b8d70810  3.146MB/5.726MB 
 2a3aee5cff18  2.097MB/107.3MB 
 22d97f6a5d13  10.49MB/29.18MB 
 22d97f6a5d13  10.49MB/29.18MB 
 2a3aee5cff18  2.097MB/107.3MB 
 0533baad3023  5.243MB/8.069MB 
 cbd6b8d70810  3.146MB/5.726MB 
 cbd6b8d70810  3.146MB/5.726MB 
 2a3aee5cff18  2.097MB/107.3MB 
 22d97f6a5d13  10.49MB/29.18MB 
 0533baad3023  5.243MB/8.069MB 
 0533baad3023  5.243MB/8.069MB 
 22d97f6a5d13  10.49MB/29.18MB 
 2a3aee5cff18  2.097MB/107.3MB 
 cbd6b8d70810  3.146MB/5.726MB 
 2a3aee5cff18  2.097MB/107.3MB 
 cbd6b8d70810  3.146MB/5.726MB 
 22d97f6a5d13  10.49MB/29.18MB 
 0533baad3023  5.243MB/8.069MB 
 2a3aee5cff18  2.097MB/107.3MB 
 22d97f6a5d13  10.49MB/29.18MB 
 0533baad3023  5.243MB/8.069MB 
 cbd6b8d70810  3.146MB/5.726MB 
 cbd6b8d70810  3.146MB/5.726MB 
 2a3aee5cff18  2.097MB/107.3MB 
 22d97f6a5d13  10.49MB/29.18MB 
 0533baad3023  5.243MB/8.069MB 
 2a3aee5cff18  2.097MB/107.3MB 
 0533baad3023  5.243MB/8.069MB 
 cbd6b8d70810  3.146MB/5.726MB 
 22d97f6a5d13  10.49MB/29.18MB 
 0533baad3023  5.243MB/8.069MB 
 22d97f6a5d13  10.49MB/29.18MB 
 2a3aee5cff18  2.097MB/107.3MB 
 cbd6b8d70810  3.146MB/5.726MB 
 2a3aee5cff18  2.097MB/107.3MB 
 cbd6b8d70810  3.146MB/5.726MB 
 22d97f6a5d13  10.49MB/29.18MB 
 0533baad3023  5.243MB/8.069MB 
 cbd6b8d70810  3.146MB/5.726MB 
 2a3aee5cff18  2.097MB/107.3MB 
 22d97f6a5d13  10.49MB/29.18MB 
 0533baad3023  5.243MB/8.069MB 
 22d97f6a5d13  10.49MB/29.18MB 
 2a3aee5cff18  2.097MB/107.3MB 
 0533baad3023  5.243MB/8.069MB 
 cbd6b8d70810  3.146MB/5.726MB 
 0533baad3023  5.243MB/8.069MB 
 cbd6b8d70810  3.146MB/5.726MB 
 2a3aee5cff18  2.097MB/107.3MB 
 22d97f6a5d13  10.49MB/29.18MB 
 cbd6b8d70810  3.146MB/5.726MB 
 0533baad3023  5.243MB/8.069MB 
 22d97f6a5d13  10.49MB/29.18MB 
 2a3aee5cff18  2.097MB/107.3MB 
 cbd6b8d70810  3.146MB/5.726MB 
 22d97f6a5d13  10.49MB/29.18MB 
 0533baad3023  5.243MB/8.069MB 
 2a3aee5cff18  2.097MB/107.3MB 
 cbd6b8d70810  3.146MB/5.726MB 
 2a3aee5cff18  2.097MB/107.3MB 
 22d97f6a5d13  10.49MB/29.18MB 
 0533baad3023  5.243MB/8.069MB 
 0533baad3023  5.243MB/8.069MB 
 cbd6b8d70810  3.146MB/5.726MB 
 22d97f6a5d13  10.49MB/29.18MB 
 2a3aee5cff18  2.097MB/107.3MB 
 2a3aee5cff18  2.097MB/107.3MB 
 22d97f6a5d13  10.49MB/29.18MB 
 0533baad3023  5.243MB/8.069MB 
 cbd6b8d70810  3.146MB/5.726MB 
 22d97f6a5d13  10.49MB/29.18MB 
 2a3aee5cff18  2.097MB/107.3MB 
 cbd6b8d70810  3.146MB/5.726MB 
 0533baad3023  5.243MB/8.069MB 
 0533baad3023  5.243MB/8.069MB 
 2a3aee5cff18  2.097MB/107.3MB 
 cbd6b8d70810  3.146MB/5.726MB 
 22d97f6a5d13  10.49MB/29.18MB 
 cbd6b8d70810  3.146MB/5.726MB 
 2a3aee5cff18  2.097MB/107.3MB 
 22d97f6a5d13  10.49MB/29.18MB 
 0533baad3023  5.243MB/8.069MB 
 22d97f6a5d13  10.49MB/29.18MB 
 2a3aee5cff18  2.097MB/107.3MB 
 0533baad3023  5.243MB/8.069MB 
 cbd6b8d70810  3.146MB/5.726MB 
 cbd6b8d70810  3.146MB/5.726MB 
 2a3aee5cff18  2.097MB/107.3MB 
 22d97f6a5d13  10.49MB/29.18MB 
 0533baad3023  5.243MB/8.069MB 
 22d97f6a5d13  10.49MB/29.18MB 
 2a3aee5cff18  2.097MB/107.3MB 
 cbd6b8d70810  3.146MB/5.726MB 
 0533baad3023  5.243MB/8.069MB 
 22d97f6a5d13  10.49MB/29.18MB 
 0533baad3023  5.243MB/8.069MB 
 2a3aee5cff18  2.097MB/107.3MB 
 cbd6b8d70810  3.146MB/5.726MB 
 0533baad3023  5.243MB/8.069MB 
 cbd6b8d70810  3.146MB/5.726MB 
 2a3aee5cff18  2.097MB/107.3MB 
 22d97f6a5d13  10.49MB/29.18MB 
 cbd6b8d70810  3.146MB/5.726MB 
 22d97f6a5d13  10.49MB/29.18MB 
 2a3aee5cff18  2.097MB/107.3MB 
 0533baad3023  5.243MB/8.069MB 
 0533baad3023  5.243MB/8.069MB 
 cbd6b8d70810  3.146MB/5.726MB 
 2a3aee5cff18  2.097MB/107.3MB 
 22d97f6a5d13  10.49MB/29.18MB 
 2a3aee5cff18  2.097MB/107.3MB 
 cbd6b8d70810  3.146MB/5.726MB 
 0533baad3023  5.243MB/8.069MB 
 22d97f6a5d13  10.49MB/29.18MB 
 cbd6b8d70810  3.146MB/5.726MB 
 22d97f6a5d13  10.49MB/29.18MB 
 0533baad3023  5.243MB/8.069MB 
 2a3aee5cff18  2.097MB/107.3MB 
 22d97f6a5d13  10.49MB/29.18MB 
 0533baad3023  5.243MB/8.069MB 
 cbd6b8d70810  3.146MB/5.726MB 
 2a3aee5cff18  2.097MB/107.3MB 
 22d97f6a5d13  10.49MB/29.18MB 
 2a3aee5cff18  2.097MB/107.3MB 
 0533baad3023  5.243MB/8.069MB 
 cbd6b8d70810  3.146MB/5.726MB 
 22d97f6a5d13  10.49MB/29.18MB 
 0533baad3023  5.243MB/8.069MB 
 cbd6b8d70810  3.146MB/5.726MB 
 2a3aee5cff18  2.097MB/107.3MB 
 cbd6b8d70810  3.146MB/5.726MB 
 0533baad3023  5.243MB/8.069MB 
 22d97f6a5d13  10.49MB/29.18MB 
 2a3aee5cff18  2.097MB/107.3MB 
 cbd6b8d70810  3.146MB/5.726MB 
 22d97f6a5d13  10.49MB/29.18MB 
 0533baad3023  5.243MB/8.069MB 
 2a3aee5cff18  2.097MB/107.3MB 
 cbd6b8d70810  3.146MB/5.726MB 
 2a3aee5cff18  2.097MB/107.3MB 
 22d97f6a5d13  10.49MB/29.18MB 
 0533baad3023  5.243MB/8.069MB 
 22d97f6a5d13  10.49MB/29.18MB 
 2a3aee5cff18  2.097MB/107.3MB 
 0533baad3023  5.243MB/8.069MB 
 cbd6b8d70810  3.146MB/5.726MB 
 22d97f6a5d13  10.49MB/29.18MB 
 0533baad3023  5.243MB/8.069MB 
 cbd6b8d70810  3.146MB/5.726MB 
 2a3aee5cff18  2.097MB/107.3MB 
 22d97f6a5d13  10.49MB/29.18MB 
 2a3aee5cff18  2.097MB/107.3MB 
 cbd6b8d70810  3.146MB/5.726MB 
 0533baad3023  5.243MB/8.069MB 
 cbd6b8d70810  3.146MB/5.726MB 
 22d97f6a5d13  10.49MB/29.18MB 
 0533baad3023  5.243MB/8.069MB 
 2a3aee5cff18  2.097MB/107.3MB 
 cbd6b8d70810  3.146MB/5.726MB 
 2a3aee5cff18  2.097MB/107.3MB 
 22d97f6a5d13  10.49MB/29.18MB 
 0533baad3023  5.243MB/8.069MB 
 0533baad3023  5.243MB/8.069MB 
 cbd6b8d70810  3.146MB/5.726MB 
 22d97f6a5d13  11.53MB/29.18MB 
 2a3aee5cff18  2.097MB/107.3MB 
 22d97f6a5d13  11.53MB/29.18MB 
 0533baad3023  5.243MB/8.069MB 
 cbd6b8d70810  3.146MB/5.726MB 
 2a3aee5cff18  2.097MB/107.3MB 
 22d97f6a5d13  11.53MB/29.18MB 
 2a3aee5cff18  2.097MB/107.3MB 
 cbd6b8d70810  3.146MB/5.726MB 
 0533baad3023  5.243MB/8.069MB 
 cbd6b8d70810  3.146MB/5.726MB 
 22d97f6a5d13  11.53MB/29.18MB 
 0533baad3023  5.243MB/8.069MB 
 2a3aee5cff18  2.097MB/107.3MB 
 cbd6b8d70810  3.146MB/5.726MB 
 2a3aee5cff18  2.097MB/107.3MB 
 22d97f6a5d13  11.53MB/29.18MB 
 0533baad3023  5.243MB/8.069MB 
 22d97f6a5d13  11.53MB/29.18MB 
 0533baad3023  6.291MB/8.069MB 
 cbd6b8d70810  3.146MB/5.726MB 
 2a3aee5cff18  2.097MB/107.3MB 
 22d97f6a5d13  11.53MB/29.18MB 
 2a3aee5cff18  2.097MB/107.3MB 
 0533baad3023  6.291MB/8.069MB 
 cbd6b8d70810  3.146MB/5.726MB 
 22d97f6a5d13  11.53MB/29.18MB 
 2a3aee5cff18  2.097MB/107.3MB 
 cbd6b8d70810  3.146MB/5.726MB 
 0533baad3023  6.291MB/8.069MB 
 cbd6b8d70810  3.146MB/5.726MB 
 22d97f6a5d13  11.53MB/29.18MB 
 0533baad3023  6.291MB/8.069MB 
 2a3aee5cff18  2.097MB/107.3MB 
 cbd6b8d70810  3.146MB/5.726MB 
 2a3aee5cff18  2.097MB/107.3MB 
 22d97f6a5d13  11.53MB/29.18MB 
 0533baad3023  6.291MB/8.069MB 
 22d97f6a5d13  11.53MB/29.18MB 
 2a3aee5cff18  2.097MB/107.3MB 
 0533baad3023  6.291MB/8.069MB 
 0533baad3023  6.291MB/8.069MB 
 cbd6b8d70810  4.194MB/5.726MB 
 cbd6b8d70810  4.194MB/5.726MB 
 2a3aee5cff18  2.097MB/107.3MB 
 22d97f6a5d13  11.53MB/29.18MB 
 22d97f6a5d13  11.53MB/29.18MB 
 2a3aee5cff18  2.097MB/107.3MB 
 cbd6b8d70810  4.194MB/5.726MB 
 0533baad3023  6.291MB/8.069MB 
 2a3aee5cff18  2.097MB/107.3MB 
 cbd6b8d70810  4.194MB/5.726MB 
 22d97f6a5d13  11.53MB/29.18MB 
 0533baad3023  6.291MB/8.069MB 
 22d97f6a5d13  11.53MB/29.18MB 
 0533baad3023  6.291MB/8.069MB 
 cbd6b8d70810  4.194MB/5.726MB 
 2a3aee5cff18  2.097MB/107.3MB 
 0533baad3023  6.291MB/8.069MB 
 cbd6b8d70810  4.194MB/5.726MB 
 2a3aee5cff18  2.097MB/107.3MB 
 22d97f6a5d13  11.53MB/29.18MB 
 0533baad3023  6.291MB/8.069MB 
 cbd6b8d70810  4.194MB/5.726MB 
 22d97f6a5d13  11.53MB/29.18MB 
 2a3aee5cff18  2.097MB/107.3MB 
 22d97f6a5d13  11.53MB/29.18MB 
 2a3aee5cff18  2.097MB/107.3MB 
 cbd6b8d70810  4.194MB/5.726MB 
 0533baad3023  6.291MB/8.069MB 
 cbd6b8d70810  4.194MB/5.726MB 
 22d97f6a5d13  11.53MB/29.18MB 
 0533baad3023  6.291MB/8.069MB 
 2a3aee5cff18  2.097MB/107.3MB 
 cbd6b8d70810  4.194MB/5.726MB 
 2a3aee5cff18  2.097MB/107.3MB 
 22d97f6a5d13  11.53MB/29.18MB 
 0533baad3023  6.291MB/8.069MB 
 22d97f6a5d13  11.53MB/29.18MB 
 2a3aee5cff18  2.097MB/107.3MB 
 0533baad3023  6.291MB/8.069MB 
 cbd6b8d70810  4.194MB/5.726MB 
 0533baad3023  6.291MB/8.069MB 
 cbd6b8d70810  4.194MB/5.726MB 
 2a3aee5cff18  2.097MB/107.3MB 
 22d97f6a5d13  11.53MB/29.18MB 
 cbd6b8d70810  4.194MB/5.726MB 
 0533baad3023  6.291MB/8.069MB 
 22d97f6a5d13  11.53MB/29.18MB 
 2a3aee5cff18  2.097MB/107.3MB 
 cbd6b8d70810  4.194MB/5.726MB 
 22d97f6a5d13  11.53MB/29.18MB 
 0533baad3023  6.291MB/8.069MB 
 2a3aee5cff18  2.097MB/107.3MB 
 0533baad3023  6.291MB/8.069MB 
 cbd6b8d70810  4.194MB/5.726MB 
 2a3aee5cff18  2.097MB/107.3MB 
 22d97f6a5d13  11.53MB/29.18MB 
 0533baad3023  6.291MB/8.069MB 
 cbd6b8d70810  4.194MB/5.726MB 
 2a3aee5cff18  2.097MB/107.3MB 
 22d97f6a5d13  11.53MB/29.18MB 
 cbd6b8d70810  4.194MB/5.726MB 
 22d97f6a5d13  11.53MB/29.18MB 
 2a3aee5cff18  2.097MB/107.3MB 
 0533baad3023  6.291MB/8.069MB 
 cbd6b8d70810  4.194MB/5.726MB 
 0533baad3023  6.291MB/8.069MB 
 22d97f6a5d13  11.53MB/29.18MB 
 2a3aee5cff18  2.097MB/107.3MB 
 cbd6b8d70810  4.194MB/5.726MB 
 22d97f6a5d13  11.53MB/29.18MB 
 0533baad3023  6.291MB/8.069MB 
 2a3aee5cff18  2.097MB/107.3MB 
 0533baad3023  6.291MB/8.069MB 
 cbd6b8d70810  4.194MB/5.726MB 
 2a3aee5cff18  2.097MB/107.3MB 
 22d97f6a5d13  11.53MB/29.18MB 
 0533baad3023  6.291MB/8.069MB 
 cbd6b8d70810  4.194MB/5.726MB 
 2a3aee5cff18  2.097MB/107.3MB 
 22d97f6a5d13  11.53MB/29.18MB 
 22d97f6a5d13  11.53MB/29.18MB 
 2a3aee5cff18  2.097MB/107.3MB 
 0533baad3023  6.291MB/8.069MB 
 cbd6b8d70810  4.194MB/5.726MB 
 22d97f6a5d13  11.53MB/29.18MB 
 2a3aee5cff18  2.097MB/107.3MB 
 cbd6b8d70810  4.194MB/5.726MB 
 0533baad3023  6.291MB/8.069MB 
 0533baad3023  6.291MB/8.069MB 
 2a3aee5cff18  2.097MB/107.3MB 
 cbd6b8d70810  4.194MB/5.726MB 
 22d97f6a5d13  11.53MB/29.18MB 
 2a3aee5cff18  2.097MB/107.3MB 
 22d97f6a5d13  11.53MB/29.18MB 
 0533baad3023  6.291MB/8.069MB 
 cbd6b8d70810  4.194MB/5.726MB 
 cbd6b8d70810  4.194MB/5.726MB 
 22d97f6a5d13  11.53MB/29.18MB 
 2a3aee5cff18  2.097MB/107.3MB 
 0533baad3023  6.291MB/8.069MB 
 0533baad3023  6.291MB/8.069MB 
 cbd6b8d70810  4.194MB/5.726MB 
 2a3aee5cff18  2.097MB/107.3MB 
 22d97f6a5d13  11.53MB/29.18MB 
 cbd6b8d70810  4.194MB/5.726MB 
 0533baad3023  6.291MB/8.069MB 
 22d97f6a5d13  11.53MB/29.18MB 
 2a3aee5cff18  2.097MB/107.3MB 
 2a3aee5cff18  2.097MB/107.3MB 
 cbd6b8d70810  4.194MB/5.726MB 
 22d97f6a5d13  11.53MB/29.18MB 
 0533baad3023  6.291MB/8.069MB 
 cbd6b8d70810  4.194MB/5.726MB 
 2a3aee5cff18  2.097MB/107.3MB 
 22d97f6a5d13  11.53MB/29.18MB 
 0533baad3023  6.291MB/8.069MB 
 22d97f6a5d13  11.53MB/29.18MB 
 2a3aee5cff18  2.097MB/107.3MB 
 0533baad3023  6.291MB/8.069MB 
 22d97f6a5d13  11.53MB/29.18MB 
 cbd6b8d70810  4.194MB/5.726MB 
 0533baad3023  6.291MB/8.069MB 
 cbd6b8d70810  4.194MB/5.726MB 
 2a3aee5cff18  2.097MB/107.3MB 
 0533baad3023  6.291MB/8.069MB 
 22d97f6a5d13  11.53MB/29.18MB 
 2a3aee5cff18  2.097MB/107.3MB 
 cbd6b8d70810  4.194MB/5.726MB 
 cbd6b8d70810  4.194MB/5.726MB 
 22d97f6a5d13  11.53MB/29.18MB 
 0533baad3023  6.291MB/8.069MB 
 2a3aee5cff18  2.097MB/107.3MB 
 cbd6b8d70810  4.194MB/5.726MB 
 2a3aee5cff18  2.097MB/107.3MB 
 22d97f6a5d13  11.53MB/29.18MB 
 0533baad3023  6.291MB/8.069MB 
 22d97f6a5d13  11.53MB/29.18MB 
 cbd6b8d70810  4.194MB/5.726MB 
 22d97f6a5d13  11.53MB/29.18MB 
 2a3aee5cff18  2.097MB/107.3MB 
 0533baad3023  6.291MB/8.069MB 
 0533baad3023  6.291MB/8.069MB 
 cbd6b8d70810  4.194MB/5.726MB 
 2a3aee5cff18  2.097MB/107.3MB 
 22d97f6a5d13  11.53MB/29.18MB 
 2a3aee5cff18  2.097MB/107.3MB 
 cbd6b8d70810  4.194MB/5.726MB 
 0533baad3023  6.291MB/8.069MB 
 cbd6b8d70810  4.194MB/5.726MB 
 22d97f6a5d13  11.53MB/29.18MB 
 0533baad3023  6.291MB/8.069MB 
 2a3aee5cff18  2.097MB/107.3MB 
 0533baad3023  6.291MB/8.069MB 
 cbd6b8d70810  4.194MB/5.726MB 
 2a3aee5cff18  2.097MB/107.3MB 
 22d97f6a5d13  11.53MB/29.18MB 
 0533baad3023  6.291MB/8.069MB 
 cbd6b8d70810  4.194MB/5.726MB 
 22d97f6a5d13  11.53MB/29.18MB 
 2a3aee5cff18  2.097MB/107.3MB 
 cbd6b8d70810  4.194MB/5.726MB 
 2a3aee5cff18  2.097MB/107.3MB 
 22d97f6a5d13  11.53MB/29.18MB 
 0533baad3023  6.291MB/8.069MB 
 22d97f6a5d13  11.53MB/29.18MB 
 2a3aee5cff18  2.097MB/107.3MB 
 cbd6b8d70810  4.194MB/5.726MB 
 0533baad3023  6.291MB/8.069MB 
 2a3aee5cff18  2.097MB/107.3MB 
 cbd6b8d70810  4.194MB/5.726MB 
 22d97f6a5d13  11.53MB/29.18MB 
 0533baad3023  6.291MB/8.069MB 
 cbd6b8d70810  4.194MB/5.726MB 
 2a3aee5cff18  2.097MB/107.3MB 
 22d97f6a5d13  11.53MB/29.18MB 
 0533baad3023  6.291MB/8.069MB 
 cbd6b8d70810  4.194MB/5.726MB 
 22d97f6a5d13  11.53MB/29.18MB 
 2a3aee5cff18  2.097MB/107.3MB 
 0533baad3023  6.291MB/8.069MB 
 cbd6b8d70810  4.194MB/5.726MB 
 2a3aee5cff18  2.097MB/107.3MB 
 22d97f6a5d13  11.53MB/29.18MB 
 0533baad3023  6.291MB/8.069MB 
 2a3aee5cff18  2.097MB/107.3MB 
 cbd6b8d70810  4.194MB/5.726MB 
 0533baad3023  6.291MB/8.069MB 
 22d97f6a5d13  11.53MB/29.18MB 
 cbd6b8d70810  4.194MB/5.726MB 
 22d97f6a5d13  11.53MB/29.18MB 
 0533baad3023  6.291MB/8.069MB 
 2a3aee5cff18  2.097MB/107.3MB 
 cbd6b8d70810  4.194MB/5.726MB 
 2a3aee5cff18  2.097MB/107.3MB 
 22d97f6a5d13  11.53MB/29.18MB 
 0533baad3023  6.291MB/8.069MB 
 22d97f6a5d13  11.53MB/29.18MB 
 0533baad3023  6.291MB/8.069MB 
 cbd6b8d70810  4.194MB/5.726MB 
 2a3aee5cff18  2.097MB/107.3MB 
 22d97f6a5d13  11.53MB/29.18MB 
 2a3aee5cff18  2.097MB/107.3MB 
 0533baad3023  6.291MB/8.069MB 
 cbd6b8d70810  4.194MB/5.726MB 
 22d97f6a5d13  11.53MB/29.18MB 
 2a3aee5cff18  2.097MB/107.3MB 
 cbd6b8d70810  4.194MB/5.726MB 
 0533baad3023  6.291MB/8.069MB 
 cbd6b8d70810  4.194MB/5.726MB 
 22d97f6a5d13  11.53MB/29.18MB 
 0533baad3023  6.291MB/8.069MB 
 2a3aee5cff18  2.097MB/107.3MB 
 cbd6b8d70810  4.194MB/5.726MB 
 2a3aee5cff18  2.097MB/107.3MB 
 22d97f6a5d13  11.53MB/29.18MB 
 0533baad3023  6.291MB/8.069MB 
 22d97f6a5d13  11.53MB/29.18MB 
 2a3aee5cff18  2.097MB/107.3MB 
 0533baad3023  6.291MB/8.069MB 
 cbd6b8d70810  4.194MB/5.726MB 
 22d97f6a5d13  11.53MB/29.18MB 
 0533baad3023  6.291MB/8.069MB 
 cbd6b8d70810  4.194MB/5.726MB 
 2a3aee5cff18  2.097MB/107.3MB 
 22d97f6a5d13  11.53MB/29.18MB 
 2a3aee5cff18  2.097MB/107.3MB 
 cbd6b8d70810  4.194MB/5.726MB 
 0533baad3023  6.291MB/8.069MB 
 cbd6b8d70810  4.194MB/5.726MB 
 22d97f6a5d13  11.53MB/29.18MB 
 0533baad3023  6.291MB/8.069MB 
 2a3aee5cff18  2.097MB/107.3MB 
 2a3aee5cff18  2.097MB/107.3MB 
 22d97f6a5d13  11.53MB/29.18MB 
 0533baad3023  6.291MB/8.069MB 
 cbd6b8d70810  4.194MB/5.726MB 
 22d97f6a5d13  11.53MB/29.18MB 
 0533baad3023  6.291MB/8.069MB 
 cbd6b8d70810  4.194MB/5.726MB 
 2a3aee5cff18  2.097MB/107.3MB 
 0533baad3023  6.291MB/8.069MB 
 cbd6b8d70810  4.194MB/5.726MB 
 22d97f6a5d13  11.53MB/29.18MB 
 2a3aee5cff18  2.097MB/107.3MB 
 cbd6b8d70810  4.194MB/5.726MB 
 0533baad3023  6.291MB/8.069MB 
 22d97f6a5d13  11.53MB/29.18MB 
 2a3aee5cff18  2.097MB/107.3MB 
 cbd6b8d70810  4.194MB/5.726MB 
 22d97f6a5d13  11.53MB/29.18MB 
 0533baad3023  6.291MB/8.069MB 
 2a3aee5cff18  2.097MB/107.3MB 
 0533baad3023  6.291MB/8.069MB 
 cbd6b8d70810  4.194MB/5.726MB 
 2a3aee5cff18  2.097MB/107.3MB 
 22d97f6a5d13  11.53MB/29.18MB 
 22d97f6a5d13  11.53MB/29.18MB 
 0533baad3023  6.291MB/8.069MB 
 cbd6b8d70810  4.194MB/5.726MB 
 22d97f6a5d13  11.53MB/29.18MB 
 2a3aee5cff18  2.097MB/107.3MB 
 0533baad3023  6.291MB/8.069MB 
 cbd6b8d70810  4.194MB/5.726MB 
 2a3aee5cff18  2.097MB/107.3MB 
 22d97f6a5d13  11.53MB/29.18MB 
 2a3aee5cff18  2.097MB/107.3MB 
 cbd6b8d70810  4.194MB/5.726MB 
 0533baad3023  6.291MB/8.069MB 
 2a3aee5cff18  2.097MB/107.3MB 
 cbd6b8d70810  4.194MB/5.726MB 
 22d97f6a5d13  11.53MB/29.18MB 
 0533baad3023  6.291MB/8.069MB 
 cbd6b8d70810  4.194MB/5.726MB 
 2a3aee5cff18  2.097MB/107.3MB 
 22d97f6a5d13  11.53MB/29.18MB 
 0533baad3023  6.291MB/8.069MB 
 0533baad3023  6.291MB/8.069MB 
 cbd6b8d70810  4.194MB/5.726MB 
 2a3aee5cff18  2.097MB/107.3MB 
 22d97f6a5d13  11.53MB/29.18MB 
 22d97f6a5d13  11.53MB/29.18MB 
 2a3aee5cff18  2.097MB/107.3MB 
 0533baad3023  6.291MB/8.069MB 
 cbd6b8d70810  4.194MB/5.726MB 
 0533baad3023  6.291MB/8.069MB 
 22d97f6a5d13  11.53MB/29.18MB 
 2a3aee5cff18  2.097MB/107.3MB 
 cbd6b8d70810  4.194MB/5.726MB 
 cbd6b8d70810  4.194MB/5.726MB 
 22d97f6a5d13  12.58MB/29.18MB 
 0533baad3023  6.291MB/8.069MB 
 2a3aee5cff18  2.097MB/107.3MB 
 cbd6b8d70810  4.194MB/5.726MB 
 2a3aee5cff18  2.097MB/107.3MB 
 22d97f6a5d13  12.58MB/29.18MB 
 0533baad3023  6.291MB/8.069MB 
 22d97f6a5d13  12.58MB/29.18MB 
 0533baad3023  6.291MB/8.069MB 
 cbd6b8d70810  4.194MB/5.726MB 
 2a3aee5cff18  2.097MB/107.3MB 
 22d97f6a5d13  12.58MB/29.18MB 
 2a3aee5cff18  2.097MB/107.3MB 
 0533baad3023  6.291MB/8.069MB 
 cbd6b8d70810  4.194MB/5.726MB 
 22d97f6a5d13  12.58MB/29.18MB 
 2a3aee5cff18  2.097MB/107.3MB 
 cbd6b8d70810  4.194MB/5.726MB 
 0533baad3023  6.291MB/8.069MB 
 cbd6b8d70810  4.194MB/5.726MB 
 22d97f6a5d13  12.58MB/29.18MB 
 0533baad3023  6.291MB/8.069MB 
 2a3aee5cff18  2.097MB/107.3MB 
 cbd6b8d70810  4.194MB/5.726MB 
 2a3aee5cff18  2.097MB/107.3MB 
 22d97f6a5d13  12.58MB/29.18MB 
 0533baad3023  6.291MB/8.069MB 
 22d97f6a5d13  12.58MB/29.18MB 
 0533baad3023  6.291MB/8.069MB 
 cbd6b8d70810  4.194MB/5.726MB 
 2a3aee5cff18  2.097MB/107.3MB 
 22d97f6a5d13  12.58MB/29.18MB 
 2a3aee5cff18  2.097MB/107.3MB 
 0533baad3023  6.291MB/8.069MB 
 cbd6b8d70810  4.194MB/5.726MB 
 22d97f6a5d13  12.58MB/29.18MB 
 2a3aee5cff18  2.097MB/107.3MB 
 cbd6b8d70810  4.194MB/5.726MB 
 0533baad3023  6.291MB/8.069MB 
 cbd6b8d70810  4.194MB/5.726MB 
 22d97f6a5d13  12.58MB/29.18MB 
 0533baad3023  6.291MB/8.069MB 
 2a3aee5cff18  2.097MB/107.3MB 
 2a3aee5cff18  2.097MB/107.3MB 
 22d97f6a5d13  12.58MB/29.18MB 
 0533baad3023  6.291MB/8.069MB 
 cbd6b8d70810  4.194MB/5.726MB 
 2a3aee5cff18  2.097MB/107.3MB 
 0533baad3023  6.291MB/8.069MB 
 cbd6b8d70810  4.194MB/5.726MB 
 22d97f6a5d13  12.58MB/29.18MB 
 0533baad3023  6.291MB/8.069MB 
 cbd6b8d70810  4.194MB/5.726MB 
 2a3aee5cff18  2.097MB/107.3MB 
 22d97f6a5d13  12.58MB/29.18MB 
 22d97f6a5d13  12.58MB/29.18MB 
 2a3aee5cff18  2.097MB/107.3MB 
 cbd6b8d70810  4.194MB/5.726MB 
 0533baad3023  6.291MB/8.069MB 
 cbd6b8d70810  4.194MB/5.726MB 
 22d97f6a5d13  12.58MB/29.18MB 
 0533baad3023  6.291MB/8.069MB 
 2a3aee5cff18  2.097MB/107.3MB 
 22d97f6a5d13  12.58MB/29.18MB 
 0533baad3023  6.291MB/8.069MB 
 cbd6b8d70810  4.194MB/5.726MB 
 2a3aee5cff18  2.097MB/107.3MB 
 22d97f6a5d13  12.58MB/29.18MB 
 2a3aee5cff18  2.097MB/107.3MB 
 0533baad3023  6.291MB/8.069MB 
 cbd6b8d70810  4.194MB/5.726MB 
 cbd6b8d70810  4.194MB/5.726MB 
 2a3aee5cff18  2.097MB/107.3MB 
 22d97f6a5d13  12.58MB/29.18MB 
 0533baad3023  6.291MB/8.069MB 
 0533baad3023  6.291MB/8.069MB 
 22d97f6a5d13  12.58MB/29.18MB 
 2a3aee5cff18  2.097MB/107.3MB 
 cbd6b8d70810  4.194MB/5.726MB 
 cbd6b8d70810  4.194MB/5.726MB 
 22d97f6a5d13  12.58MB/29.18MB 
 0533baad3023  6.291MB/8.069MB 
 2a3aee5cff18  2.097MB/107.3MB 
 22d97f6a5d13  12.58MB/29.18MB 
 0533baad3023  6.291MB/8.069MB 
 cbd6b8d70810  4.194MB/5.726MB 
 2a3aee5cff18  2.097MB/107.3MB 
 0533baad3023  6.291MB/8.069MB 
 cbd6b8d70810  4.194MB/5.726MB 
 2a3aee5cff18  2.097MB/107.3MB 
 22d97f6a5d13  12.58MB/29.18MB 
 22d97f6a5d13  12.58MB/29.18MB 
 2a3aee5cff18  2.097MB/107.3MB 
 0533baad3023  6.291MB/8.069MB 
 cbd6b8d70810  4.194MB/5.726MB 
 0533baad3023  6.291MB/8.069MB 
 22d97f6a5d13  12.58MB/29.18MB 
 2a3aee5cff18  2.097MB/107.3MB 
 cbd6b8d70810  4.194MB/5.726MB 
 cbd6b8d70810  4.194MB/5.726MB 
 22d97f6a5d13  12.58MB/29.18MB 
 0533baad3023  6.291MB/8.069MB 
 2a3aee5cff18  2.097MB/107.3MB 
 22d97f6a5d13  12.58MB/29.18MB 
 0533baad3023  6.291MB/8.069MB 
 cbd6b8d70810  4.194MB/5.726MB 
 2a3aee5cff18  2.097MB/107.3MB 
 22d97f6a5d13  12.58MB/29.18MB 
 2a3aee5cff18  2.097MB/107.3MB 
 22d97f6a5d13  12.58MB/29.18MB 
 0533baad3023  6.291MB/8.069MB 
 cbd6b8d70810  4.194MB/5.726MB 
 0533baad3023  6.291MB/8.069MB 
 cbd6b8d70810  4.194MB/5.726MB 
 2a3aee5cff18  2.097MB/107.3MB 
 0533baad3023  6.291MB/8.069MB 
 22d97f6a5d13  12.58MB/29.18MB 
 2a3aee5cff18  2.097MB/107.3MB 
 cbd6b8d70810  4.194MB/5.726MB 
 cbd6b8d70810  4.194MB/5.726MB 
 22d97f6a5d13  12.58MB/29.18MB 
 0533baad3023  6.291MB/8.069MB 
 2a3aee5cff18  2.097MB/107.3MB 
 cbd6b8d70810  4.194MB/5.726MB 
 2a3aee5cff18  2.097MB/107.3MB 
 22d97f6a5d13  12.58MB/29.18MB 
 0533baad3023  6.291MB/8.069MB 
 0533baad3023  6.291MB/8.069MB 
 cbd6b8d70810  4.194MB/5.726MB 
 22d97f6a5d13  12.58MB/29.18MB 
 2a3aee5cff18  2.097MB/107.3MB 
 0533baad3023  6.291MB/8.069MB 
 cbd6b8d70810  4.194MB/5.726MB 
 2a3aee5cff18  2.097MB/107.3MB 
 22d97f6a5d13  12.58MB/29.18MB 
 0533baad3023  6.291MB/8.069MB 
 22d97f6a5d13  12.58MB/29.18MB 
 2a3aee5cff18  2.097MB/107.3MB 
 cbd6b8d70810  4.194MB/5.726MB 
 0533baad3023  6.291MB/8.069MB 
 2a3aee5cff18  2.097MB/107.3MB 
 cbd6b8d70810  4.194MB/5.726MB 
 22d97f6a5d13  12.58MB/29.18MB 
 2a3aee5cff18  2.097MB/107.3MB 
 22d97f6a5d13  12.58MB/29.18MB 
 0533baad3023  6.291MB/8.069MB 
 cbd6b8d70810  4.194MB/5.726MB 
 cbd6b8d70810  4.194MB/5.726MB 
 2a3aee5cff18  2.097MB/107.3MB 
 22d97f6a5d13  12.58MB/29.18MB 
 0533baad3023  6.291MB/8.069MB 
 22d97f6a5d13  12.58MB/29.18MB 
 2a3aee5cff18  2.097MB/107.3MB 
 0533baad3023  6.291MB/8.069MB 
 cbd6b8d70810  4.194MB/5.726MB 
 cbd6b8d70810  4.194MB/5.726MB 
 0533baad3023  6.291MB/8.069MB 
 22d97f6a5d13  12.58MB/29.18MB 
 2a3aee5cff18  2.097MB/107.3MB 
 cbd6b8d70810  4.194MB/5.726MB 
 22d97f6a5d13  12.58MB/29.18MB 
 0533baad3023  6.291MB/8.069MB 
 2a3aee5cff18  2.097MB/107.3MB 
 cbd6b8d70810  4.194MB/5.726MB 
 2a3aee5cff18  2.097MB/107.3MB 
 22d97f6a5d13  12.58MB/29.18MB 
 0533baad3023  6.291MB/8.069MB 
 22d97f6a5d13  12.58MB/29.18MB 
 0533baad3023  6.291MB/8.069MB 
 cbd6b8d70810  4.194MB/5.726MB 
 2a3aee5cff18  2.097MB/107.3MB 
 cbd6b8d70810  4.194MB/5.726MB 
 22d97f6a5d13  12.58MB/29.18MB 
 2a3aee5cff18  2.097MB/107.3MB 
 0533baad3023  6.291MB/8.069MB 
 22d97f6a5d13  12.58MB/29.18MB 
 2a3aee5cff18  2.097MB/107.3MB 
 cbd6b8d70810  4.194MB/5.726MB 
 0533baad3023  6.291MB/8.069MB 
 cbd6b8d70810  4.194MB/5.726MB 
 22d97f6a5d13  12.58MB/29.18MB 
 0533baad3023  6.291MB/8.069MB 
 2a3aee5cff18  2.097MB/107.3MB 
 0533baad3023  6.291MB/8.069MB 
 cbd6b8d70810  4.194MB/5.726MB 
 2a3aee5cff18  2.097MB/107.3MB 
 22d97f6a5d13  12.58MB/29.18MB 
 22d97f6a5d13  12.58MB/29.18MB 
 0533baad3023  6.291MB/8.069MB 
 cbd6b8d70810  4.194MB/5.726MB 
 2a3aee5cff18  2.097MB/107.3MB 
 0533baad3023  6.291MB/8.069MB 
 cbd6b8d70810  4.194MB/5.726MB 
 22d97f6a5d13  12.58MB/29.18MB 
 2a3aee5cff18  2.097MB/107.3MB 
 22d97f6a5d13  12.58MB/29.18MB 
 2a3aee5cff18  2.097MB/107.3MB 
 cbd6b8d70810  4.194MB/5.726MB 
 0533baad3023  6.291MB/8.069MB 
 cbd6b8d70810  4.194MB/5.726MB 
 22d97f6a5d13  12.58MB/29.18MB 
 0533baad3023  6.291MB/8.069MB 
 2a3aee5cff18  2.097MB/107.3MB 
 2a3aee5cff18  2.097MB/107.3MB 
 22d97f6a5d13  12.58MB/29.18MB 
 0533baad3023  6.291MB/8.069MB 
 cbd6b8d70810  4.194MB/5.726MB 
 cbd6b8d70810  4.194MB/5.726MB 
 2a3aee5cff18  2.097MB/107.3MB 
 22d97f6a5d13  12.58MB/29.18MB 
 0533baad3023  6.291MB/8.069MB 
 cbd6b8d70810  4.194MB/5.726MB 
 22d97f6a5d13  12.58MB/29.18MB 
 2a3aee5cff18  2.097MB/107.3MB 
 0533baad3023  6.291MB/8.069MB 
 0533baad3023  6.291MB/8.069MB 
 22d97f6a5d13  12.58MB/29.18MB 
 2a3aee5cff18  2.097MB/107.3MB 
 cbd6b8d70810  4.194MB/5.726MB 
 cbd6b8d70810  4.194MB/5.726MB 
 22d97f6a5d13  12.58MB/29.18MB 
 0533baad3023  6.291MB/8.069MB 
 2a3aee5cff18  2.097MB/107.3MB 
 0533baad3023  6.291MB/8.069MB 
 cbd6b8d70810  4.194MB/5.726MB 
 2a3aee5cff18  2.097MB/107.3MB 
 22d97f6a5d13  12.58MB/29.18MB 
 0533baad3023  6.291MB/8.069MB 
 cbd6b8d70810  4.194MB/5.726MB 
 22d97f6a5d13  12.58MB/29.18MB 
 2a3aee5cff18  2.097MB/107.3MB 
 2a3aee5cff18  2.097MB/107.3MB 
 22d97f6a5d13  12.58MB/29.18MB 
 0533baad3023  6.291MB/8.069MB 
 cbd6b8d70810  4.194MB/5.726MB 
 0533baad3023  6.291MB/8.069MB 
 22d97f6a5d13  12.58MB/29.18MB 
 2a3aee5cff18  2.097MB/107.3MB 
 cbd6b8d70810  4.194MB/5.726MB 
 cbd6b8d70810  4.194MB/5.726MB 
 22d97f6a5d13  12.58MB/29.18MB 
 0533baad3023  6.291MB/8.069MB 
 2a3aee5cff18  2.097MB/107.3MB 
 cbd6b8d70810  4.194MB/5.726MB 
 2a3aee5cff18  2.097MB/107.3MB 
 22d97f6a5d13  12.58MB/29.18MB 
 0533baad3023  6.291MB/8.069MB 
 0533baad3023  6.291MB/8.069MB 
 cbd6b8d70810  4.194MB/5.726MB 
 22d97f6a5d13  12.58MB/29.18MB 
 2a3aee5cff18  2.097MB/107.3MB 
 cbd6b8d70810  4.194MB/5.726MB 
 2a3aee5cff18  2.097MB/107.3MB 
 22d97f6a5d13  12.58MB/29.18MB 
 0533baad3023  6.291MB/8.069MB 
 2a3aee5cff18  2.097MB/107.3MB 
 cbd6b8d70810  4.194MB/5.726MB 
 0533baad3023  6.291MB/8.069MB 
 22d97f6a5d13  12.58MB/29.18MB 
 cbd6b8d70810  4.194MB/5.726MB 
 22d97f6a5d13  12.58MB/29.18MB 
 0533baad3023  6.291MB/8.069MB 
 2a3aee5cff18  2.097MB/107.3MB 
 22d97f6a5d13  12.58MB/29.18MB 
 0533baad3023  6.291MB/8.069MB 
 cbd6b8d70810  4.194MB/5.726MB 
 2a3aee5cff18  2.097MB/107.3MB 
 cbd6b8d70810  4.194MB/5.726MB 
 22d97f6a5d13  12.58MB/29.18MB 
 2a3aee5cff18  2.097MB/107.3MB 
 0533baad3023  6.291MB/8.069MB 
 0533baad3023  6.291MB/8.069MB 
 cbd6b8d70810  4.194MB/5.726MB 
 2a3aee5cff18  2.097MB/107.3MB 
 22d97f6a5d13  12.58MB/29.18MB 
 22d97f6a5d13  12.58MB/29.18MB 
 2a3aee5cff18  2.097MB/107.3MB 
 cbd6b8d70810  4.194MB/5.726MB 
 0533baad3023  6.291MB/8.069MB 
 cbd6b8d70810  4.194MB/5.726MB 
 22d97f6a5d13  12.58MB/29.18MB 
 0533baad3023  6.291MB/8.069MB 
 2a3aee5cff18  2.097MB/107.3MB 
 22d97f6a5d13  12.58MB/29.18MB 
 0533baad3023  6.291MB/8.069MB 
 cbd6b8d70810  4.194MB/5.726MB 
 2a3aee5cff18  2.097MB/107.3MB 
 0533baad3023  6.291MB/8.069MB 
 0533baad3023  6.291MB/8.069MB 
 cbd6b8d70810  4.194MB/5.726MB 
 22d97f6a5d13  12.58MB/29.18MB 
 2a3aee5cff18  2.097MB/107.3MB 
 cbd6b8d70810  4.194MB/5.726MB 
 2a3aee5cff18  2.097MB/107.3MB 
 22d97f6a5d13  12.58MB/29.18MB 
 cbd6b8d70810  4.194MB/5.726MB 
 0533baad3023  6.291MB/8.069MB 
 22d97f6a5d13  12.58MB/29.18MB 
 2a3aee5cff18  2.097MB/107.3MB 
 cbd6b8d70810  4.194MB/5.726MB 
 22d97f6a5d13  12.58MB/29.18MB 
 0533baad3023  6.291MB/8.069MB 
 2a3aee5cff18  2.097MB/107.3MB 
 22d97f6a5d13  12.58MB/29.18MB 
 0533baad3023  6.291MB/8.069MB 
 cbd6b8d70810  4.194MB/5.726MB 
 2a3aee5cff18  2.097MB/107.3MB 
 cbd6b8d70810  4.194MB/5.726MB 
 2a3aee5cff18  2.097MB/107.3MB 
 0533baad3023  6.291MB/8.069MB 
 22d97f6a5d13  12.58MB/29.18MB 
 0533baad3023  6.291MB/8.069MB 
 cbd6b8d70810  4.194MB/5.726MB 
 22d97f6a5d13  12.58MB/29.18MB 
 2a3aee5cff18  2.097MB/107.3MB 
 22d97f6a5d13  12.58MB/29.18MB 
 2a3aee5cff18  2.097MB/107.3MB 
 cbd6b8d70810  4.194MB/5.726MB 
 0533baad3023  6.291MB/8.069MB 
 22d97f6a5d13  12.58MB/29.18MB 
 0533baad3023  6.291MB/8.069MB 
 2a3aee5cff18  2.097MB/107.3MB 
 cbd6b8d70810  4.194MB/5.726MB 
 cbd6b8d70810  4.194MB/5.726MB 
 2a3aee5cff18  2.097MB/107.3MB 
 22d97f6a5d13  12.58MB/29.18MB 
 0533baad3023  6.291MB/8.069MB 
 22d97f6a5d13  12.58MB/29.18MB 
 0533baad3023  6.291MB/8.069MB 
 cbd6b8d70810  4.194MB/5.726MB 
 2a3aee5cff18  2.097MB/107.3MB 
 2a3aee5cff18  2.097MB/107.3MB 
 0533baad3023  6.291MB/8.069MB 
 cbd6b8d70810  4.194MB/5.726MB 
 22d97f6a5d13  12.58MB/29.18MB 
 cbd6b8d70810  4.194MB/5.726MB 
 0533baad3023   7.34MB/8.069MB 
 22d97f6a5d13  12.58MB/29.18MB 
 2a3aee5cff18  2.097MB/107.3MB 
 2a3aee5cff18  2.097MB/107.3MB 
 cbd6b8d70810  4.194MB/5.726MB 
 22d97f6a5d13  12.58MB/29.18MB 
 0533baad3023   7.34MB/8.069MB 
 cbd6b8d70810  4.194MB/5.726MB 
 2a3aee5cff18  2.097MB/107.3MB 
 22d97f6a5d13  12.58MB/29.18MB 
 0533baad3023   7.34MB/8.069MB 
 cbd6b8d70810  4.194MB/5.726MB 
 2a3aee5cff18  2.097MB/107.3MB 
 22d97f6a5d13  12.58MB/29.18MB 
 22d97f6a5d13  12.58MB/29.18MB 
 0533baad3023   7.34MB/8.069MB 
 2a3aee5cff18  2.097MB/107.3MB 
 0533baad3023   7.34MB/8.069MB 
 cbd6b8d70810  4.194MB/5.726MB 
 cbd6b8d70810  4.194MB/5.726MB 
 0533baad3023   7.34MB/8.069MB 
 22d97f6a5d13  12.58MB/29.18MB 
 2a3aee5cff18  2.097MB/107.3MB 
 cbd6b8d70810  4.194MB/5.726MB 
 22d97f6a5d13  12.58MB/29.18MB 
 0533baad3023   7.34MB/8.069MB 
 2a3aee5cff18  2.097MB/107.3MB 
 22d97f6a5d13  12.58MB/29.18MB 
 0533baad3023   7.34MB/8.069MB 
 cbd6b8d70810  4.194MB/5.726MB 
 2a3aee5cff18  2.097MB/107.3MB 
 22d97f6a5d13  12.58MB/29.18MB 
 0533baad3023   7.34MB/8.069MB 
 cbd6b8d70810  4.194MB/5.726MB 
 2a3aee5cff18  2.097MB/107.3MB 
 cbd6b8d70810  4.194MB/5.726MB 
 22d97f6a5d13  12.58MB/29.18MB 
 2a3aee5cff18  2.097MB/107.3MB 
 0533baad3023   7.34MB/8.069MB 
 cbd6b8d70810  4.194MB/5.726MB 
 0533baad3023   7.34MB/8.069MB 
 22d97f6a5d13  12.58MB/29.18MB 
 2a3aee5cff18  2.097MB/107.3MB 
 2a3aee5cff18  2.097MB/107.3MB 
 cbd6b8d70810  4.194MB/5.726MB 
 22d97f6a5d13  12.58MB/29.18MB 
 0533baad3023   7.34MB/8.069MB 
 cbd6b8d70810  4.194MB/5.726MB 
 2a3aee5cff18  2.097MB/107.3MB 
 22d97f6a5d13  12.58MB/29.18MB 
 0533baad3023   7.34MB/8.069MB 
 2a3aee5cff18  3.146MB/107.3MB 
 22d97f6a5d13  12.58MB/29.18MB 
 0533baad3023   7.34MB/8.069MB 
 cbd6b8d70810  4.194MB/5.726MB 
 22d97f6a5d13  12.58MB/29.18MB 
 2a3aee5cff18  3.146MB/107.3MB 
 0533baad3023   7.34MB/8.069MB 
 cbd6b8d70810  4.194MB/5.726MB 
 0533baad3023   7.34MB/8.069MB 
 22d97f6a5d13  12.58MB/29.18MB 
 2a3aee5cff18  3.146MB/107.3MB 
 cbd6b8d70810  4.194MB/5.726MB 
 cbd6b8d70810  4.194MB/5.726MB 
 22d97f6a5d13  12.58MB/29.18MB 
 0533baad3023   7.34MB/8.069MB 
 2a3aee5cff18  3.146MB/107.3MB 
 22d97f6a5d13  12.58MB/29.18MB 
 0533baad3023   7.34MB/8.069MB 
 cbd6b8d70810  4.194MB/5.726MB 
 2a3aee5cff18  3.146MB/107.3MB 
 22d97f6a5d13  13.63MB/29.18MB 
 0533baad3023   7.34MB/8.069MB 
 cbd6b8d70810  4.194MB/5.726MB 
 2a3aee5cff18  3.146MB/107.3MB 
 cbd6b8d70810  4.194MB/5.726MB 
 22d97f6a5d13  13.63MB/29.18MB 
 2a3aee5cff18  3.146MB/107.3MB 
 0533baad3023   7.34MB/8.069MB 
 cbd6b8d70810  4.194MB/5.726MB 
 0533baad3023   7.34MB/8.069MB 
 22d97f6a5d13  13.63MB/29.18MB 
 2a3aee5cff18  3.146MB/107.3MB 
 cbd6b8d70810  4.194MB/5.726MB 
 22d97f6a5d13  13.63MB/29.18MB 
 0533baad3023   7.34MB/8.069MB 
 2a3aee5cff18  3.146MB/107.3MB 
 22d97f6a5d13  13.63MB/29.18MB 
 0533baad3023   7.34MB/8.069MB 
 cbd6b8d70810  4.194MB/5.726MB 
 2a3aee5cff18  3.146MB/107.3MB 
 22d97f6a5d13  13.63MB/29.18MB 
 0533baad3023   7.34MB/8.069MB 
 cbd6b8d70810  4.194MB/5.726MB 
 2a3aee5cff18  3.146MB/107.3MB 
 0533baad3023   7.34MB/8.069MB 
 cbd6b8d70810  4.194MB/5.726MB 
 22d97f6a5d13  13.63MB/29.18MB 
 2a3aee5cff18  3.146MB/107.3MB 
 2a3aee5cff18  3.146MB/107.3MB 
 cbd6b8d70810  4.194MB/5.726MB 
 0533baad3023   7.34MB/8.069MB 
 22d97f6a5d13  13.63MB/29.18MB 
 2a3aee5cff18  3.146MB/107.3MB 
 cbd6b8d70810  4.194MB/5.726MB 
 22d97f6a5d13  13.63MB/29.18MB 
 0533baad3023   7.34MB/8.069MB 
 cbd6b8d70810  4.194MB/5.726MB 
 2a3aee5cff18  3.146MB/107.3MB 
 22d97f6a5d13  13.63MB/29.18MB 
 0533baad3023   7.34MB/8.069MB 
 22d97f6a5d13  13.63MB/29.18MB 
 0533baad3023   7.34MB/8.069MB 
 cbd6b8d70810  4.194MB/5.726MB 
 2a3aee5cff18  3.146MB/107.3MB 
 22d97f6a5d13  13.63MB/29.18MB 
 2a3aee5cff18  3.146MB/107.3MB 
 0533baad3023   7.34MB/8.069MB 
 cbd6b8d70810  4.194MB/5.726MB 
 cbd6b8d70810  4.194MB/5.726MB 
 0533baad3023   7.34MB/8.069MB 
 22d97f6a5d13  13.63MB/29.18MB 
 2a3aee5cff18  3.146MB/107.3MB 
 22d97f6a5d13  13.63MB/29.18MB 
 0533baad3023   7.34MB/8.069MB 
 2a3aee5cff18  3.146MB/107.3MB 
 cbd6b8d70810  4.194MB/5.726MB 
 0533baad3023   7.34MB/8.069MB 
 cbd6b8d70810  4.194MB/5.726MB 
 2a3aee5cff18  3.146MB/107.3MB 
 22d97f6a5d13  13.63MB/29.18MB 
 0533baad3023   7.34MB/8.069MB 
 cbd6b8d70810  5.243MB/5.726MB 
 22d97f6a5d13  13.63MB/29.18MB 
 2a3aee5cff18  3.146MB/107.3MB 
 cbd6b8d70810  5.243MB/5.726MB 
 2a3aee5cff18  3.146MB/107.3MB 
 22d97f6a5d13  13.63MB/29.18MB 
 0533baad3023   7.34MB/8.069MB 
 22d97f6a5d13  13.63MB/29.18MB 
 2a3aee5cff18  3.146MB/107.3MB 
 cbd6b8d70810  5.243MB/5.726MB 
 0533baad3023   7.34MB/8.069MB 
 cbd6b8d70810  5.243MB/5.726MB 
 22d97f6a5d13  13.63MB/29.18MB 
 0533baad3023   7.34MB/8.069MB 
 2a3aee5cff18  3.146MB/107.3MB 
 0533baad3023   7.34MB/8.069MB 
 cbd6b8d70810  5.243MB/5.726MB 
 2a3aee5cff18  3.146MB/107.3MB 
 22d97f6a5d13  13.63MB/29.18MB 
 22d97f6a5d13  13.63MB/29.18MB 
 2a3aee5cff18  3.146MB/107.3MB 
 0533baad3023   7.34MB/8.069MB 
 cbd6b8d70810  5.243MB/5.726MB 
 22d97f6a5d13  13.63MB/29.18MB 
 0533baad3023   7.34MB/8.069MB 
 cbd6b8d70810  5.243MB/5.726MB 
 2a3aee5cff18  3.146MB/107.3MB 
 cbd6b8d70810  5.243MB/5.726MB 
 0533baad3023   7.34MB/8.069MB 
 22d97f6a5d13  13.63MB/29.18MB 
 2a3aee5cff18  3.146MB/107.3MB 
 cbd6b8d70810  5.243MB/5.726MB 
 22d97f6a5d13  13.63MB/29.18MB 
 0533baad3023   7.34MB/8.069MB 
 2a3aee5cff18  3.146MB/107.3MB 
 cbd6b8d70810  5.243MB/5.726MB 
 2a3aee5cff18  3.146MB/107.3MB 
 22d97f6a5d13  13.63MB/29.18MB 
 0533baad3023   7.34MB/8.069MB 
 0533baad3023   7.34MB/8.069MB 
 cbd6b8d70810  5.243MB/5.726MB 
 2a3aee5cff18  3.146MB/107.3MB 
 22d97f6a5d13  13.63MB/29.18MB 
 22d97f6a5d13  13.63MB/29.18MB 
 2a3aee5cff18  3.146MB/107.3MB 
 0533baad3023   7.34MB/8.069MB 
 cbd6b8d70810  5.243MB/5.726MB 
 cbd6b8d70810  5.243MB/5.726MB 
 0533baad3023   7.34MB/8.069MB 
 22d97f6a5d13  13.63MB/29.18MB 
 2a3aee5cff18  3.146MB/107.3MB 
 cbd6b8d70810  5.243MB/5.726MB 
 22d97f6a5d13  13.63MB/29.18MB 
 0533baad3023   7.34MB/8.069MB 
 2a3aee5cff18  3.146MB/107.3MB 
 22d97f6a5d13  13.63MB/29.18MB 
 0533baad3023   7.34MB/8.069MB 
 cbd6b8d70810  5.243MB/5.726MB 
 2a3aee5cff18  3.146MB/107.3MB 
 22d97f6a5d13  13.63MB/29.18MB 
 2a3aee5cff18  3.146MB/107.3MB 
 0533baad3023   7.34MB/8.069MB 
 cbd6b8d70810  5.243MB/5.726MB 
 cbd6b8d70810  5.243MB/5.726MB 
 2a3aee5cff18  3.146MB/107.3MB 
 22d97f6a5d13  13.63MB/29.18MB 
 0533baad3023   7.34MB/8.069MB 
 0533baad3023   7.34MB/8.069MB 
 22d97f6a5d13  13.63MB/29.18MB 
 2a3aee5cff18  3.146MB/107.3MB 
 cbd6b8d70810  5.243MB/5.726MB 
 cbd6b8d70810  5.243MB/5.726MB 
 22d97f6a5d13  13.63MB/29.18MB 
 0533baad3023   7.34MB/8.069MB 
 2a3aee5cff18  3.146MB/107.3MB 
 cbd6b8d70810  5.243MB/5.726MB 
 2a3aee5cff18  3.146MB/107.3MB 
 22d97f6a5d13  13.63MB/29.18MB 
 0533baad3023   7.34MB/8.069MB 
 2a3aee5cff18  3.146MB/107.3MB 
 22d97f6a5d13  13.63MB/29.18MB 
 0533baad3023   7.34MB/8.069MB 
 cbd6b8d70810  5.243MB/5.726MB 
 2a3aee5cff18  3.146MB/107.3MB 
 0533baad3023   7.34MB/8.069MB 
 cbd6b8d70810  5.243MB/5.726MB 
 22d97f6a5d13  13.63MB/29.18MB 
 22d97f6a5d13  13.63MB/29.18MB 
 2a3aee5cff18  3.146MB/107.3MB 
 cbd6b8d70810  5.243MB/5.726MB 
 0533baad3023   7.34MB/8.069MB 
 cbd6b8d70810  5.243MB/5.726MB 
 22d97f6a5d13  13.63MB/29.18MB 
 0533baad3023   7.34MB/8.069MB 
 2a3aee5cff18  3.146MB/107.3MB 
 22d97f6a5d13  13.63MB/29.18MB 
 0533baad3023   7.34MB/8.069MB 
 cbd6b8d70810  5.243MB/5.726MB 
 2a3aee5cff18  3.146MB/107.3MB 
 cbd6b8d70810  5.243MB/5.726MB 
 2a3aee5cff18  3.146MB/107.3MB 
 22d97f6a5d13  13.63MB/29.18MB 
 0533baad3023   7.34MB/8.069MB 
 0533baad3023   7.34MB/8.069MB 
 cbd6b8d70810  5.243MB/5.726MB 
 22d97f6a5d13  13.63MB/29.18MB 
 2a3aee5cff18  3.146MB/107.3MB 
 22d97f6a5d13  13.63MB/29.18MB 
 2a3aee5cff18  3.146MB/107.3MB 
 cbd6b8d70810  5.243MB/5.726MB 
 0533baad3023   7.34MB/8.069MB 
 0533baad3023   7.34MB/8.069MB 
 2a3aee5cff18  3.146MB/107.3MB 
 cbd6b8d70810  5.243MB/5.726MB 
 22d97f6a5d13  13.63MB/29.18MB 
 22d97f6a5d13  13.63MB/29.18MB 
 0533baad3023   7.34MB/8.069MB 
 cbd6b8d70810  5.243MB/5.726MB 
 2a3aee5cff18  3.146MB/107.3MB 
 22d97f6a5d13  13.63MB/29.18MB 
 0533baad3023   7.34MB/8.069MB 
 cbd6b8d70810  5.243MB/5.726MB 
 2a3aee5cff18  3.146MB/107.3MB 
 22d97f6a5d13  13.63MB/29.18MB 
 2a3aee5cff18  3.146MB/107.3MB 
 0533baad3023   7.34MB/8.069MB 
 cbd6b8d70810  5.243MB/5.726MB 
 2a3aee5cff18  3.146MB/107.3MB 
 cbd6b8d70810  5.243MB/5.726MB 
 0533baad3023   7.34MB/8.069MB 
 22d97f6a5d13  13.63MB/29.18MB 
 2a3aee5cff18  3.146MB/107.3MB 
 cbd6b8d70810  5.243MB/5.726MB 
 22d97f6a5d13  13.63MB/29.18MB 
 0533baad3023   7.34MB/8.069MB 
 2a3aee5cff18  3.146MB/107.3MB 
 22d97f6a5d13  13.63MB/29.18MB 
 0533baad3023   7.34MB/8.069MB 
 cbd6b8d70810  5.243MB/5.726MB 
 22d97f6a5d13  13.63MB/29.18MB 
 0533baad3023   7.34MB/8.069MB 
 22d97f6a5d13  13.63MB/29.18MB 
 cbd6b8d70810  5.243MB/5.726MB 
 2a3aee5cff18  3.146MB/107.3MB 
 2a3aee5cff18  3.146MB/107.3MB 
 0533baad3023   7.34MB/8.069MB 
 cbd6b8d70810  5.243MB/5.726MB 
 0533baad3023   7.34MB/8.069MB 
 22d97f6a5d13  13.63MB/29.18MB 
 2a3aee5cff18  3.146MB/107.3MB 
 cbd6b8d70810  5.243MB/5.726MB 
 0533baad3023   7.34MB/8.069MB 
 2a3aee5cff18  3.146MB/107.3MB 
 cbd6b8d70810  5.243MB/5.726MB 
 22d97f6a5d13  13.63MB/29.18MB 
 22d97f6a5d13  13.63MB/29.18MB 
 0533baad3023   7.34MB/8.069MB 
 cbd6b8d70810  5.243MB/5.726MB 
 2a3aee5cff18  3.146MB/107.3MB 
 cbd6b8d70810  5.243MB/5.726MB 
 2a3aee5cff18  3.146MB/107.3MB 
 22d97f6a5d13  13.63MB/29.18MB 
 0533baad3023   7.34MB/8.069MB 
 22d97f6a5d13  13.63MB/29.18MB 
 2a3aee5cff18  3.146MB/107.3MB 
 0533baad3023   7.34MB/8.069MB 
 cbd6b8d70810  5.243MB/5.726MB 
 cbd6b8d70810  5.243MB/5.726MB 
 0533baad3023   7.34MB/8.069MB 
 22d97f6a5d13  13.63MB/29.18MB 
 2a3aee5cff18  3.146MB/107.3MB 
 cbd6b8d70810  5.243MB/5.726MB 
 22d97f6a5d13  13.63MB/29.18MB 
 0533baad3023   7.34MB/8.069MB 
 2a3aee5cff18  3.146MB/107.3MB 
 2a3aee5cff18  3.146MB/107.3MB 
 22d97f6a5d13  13.63MB/29.18MB 
 0533baad3023   7.34MB/8.069MB 
 cbd6b8d70810  5.243MB/5.726MB 
 22d97f6a5d13  13.63MB/29.18MB 
 2a3aee5cff18  3.146MB/107.3MB 
 0533baad3023   7.34MB/8.069MB 
 cbd6b8d70810  5.243MB/5.726MB 
 22d97f6a5d13  13.63MB/29.18MB 
 0533baad3023   7.34MB/8.069MB 
 cbd6b8d70810  5.243MB/5.726MB 
 2a3aee5cff18  3.146MB/107.3MB 
 2a3aee5cff18  3.146MB/107.3MB 
 cbd6b8d70810  5.243MB/5.726MB 
 0533baad3023   7.34MB/8.069MB 
 22d97f6a5d13  13.63MB/29.18MB 
 cbd6b8d70810  5.243MB/5.726MB 
 22d97f6a5d13  13.63MB/29.18MB 
 0533baad3023   7.34MB/8.069MB 
 2a3aee5cff18  3.146MB/107.3MB 
 0533baad3023   7.34MB/8.069MB 
 cbd6b8d70810  5.243MB/5.726MB 
 2a3aee5cff18  3.146MB/107.3MB 
 22d97f6a5d13  13.63MB/29.18MB 
 22d97f6a5d13  13.63MB/29.18MB 
 2a3aee5cff18  3.146MB/107.3MB 
 0533baad3023   7.34MB/8.069MB 
 22d97f6a5d13  13.63MB/29.18MB 
 cbd6b8d70810  5.243MB/5.726MB 
 0533baad3023   7.34MB/8.069MB 
 cbd6b8d70810  5.243MB/5.726MB 
 2a3aee5cff18  3.146MB/107.3MB 
 0533baad3023   7.34MB/8.069MB 
 22d97f6a5d13  13.63MB/29.18MB 
 2a3aee5cff18  3.146MB/107.3MB 
 cbd6b8d70810  5.243MB/5.726MB 
 cbd6b8d70810  5.243MB/5.726MB 
 22d97f6a5d13  13.63MB/29.18MB 
 0533baad3023   7.34MB/8.069MB 
 2a3aee5cff18  3.146MB/107.3MB 
 cbd6b8d70810  5.243MB/5.726MB 
 2a3aee5cff18  3.146MB/107.3MB 
 22d97f6a5d13  13.63MB/29.18MB 
 0533baad3023   7.34MB/8.069MB 
 22d97f6a5d13  13.63MB/29.18MB 
 2a3aee5cff18  3.146MB/107.3MB 
 0533baad3023   7.34MB/8.069MB 
 cbd6b8d70810  5.243MB/5.726MB 
 22d97f6a5d13  13.63MB/29.18MB 
 0533baad3023   7.34MB/8.069MB 
 cbd6b8d70810  5.243MB/5.726MB 
 2a3aee5cff18  3.146MB/107.3MB 
 0533baad3023   7.34MB/8.069MB 
 22d97f6a5d13  13.63MB/29.18MB 
 2a3aee5cff18  3.146MB/107.3MB 
 cbd6b8d70810  5.243MB/5.726MB 
 cbd6b8d70810  5.243MB/5.726MB 
 22d97f6a5d13  13.63MB/29.18MB 
 0533baad3023   7.34MB/8.069MB 
 2a3aee5cff18  3.146MB/107.3MB 
 cbd6b8d70810  5.243MB/5.726MB 
 2a3aee5cff18  3.146MB/107.3MB 
 22d97f6a5d13  13.63MB/29.18MB 
 0533baad3023   7.34MB/8.069MB 
 22d97f6a5d13  13.63MB/29.18MB 
 2a3aee5cff18  3.146MB/107.3MB 
 22d97f6a5d13  13.63MB/29.18MB 
 0533baad3023   7.34MB/8.069MB 
 0533baad3023   7.34MB/8.069MB 
 cbd6b8d70810  5.243MB/5.726MB 
 cbd6b8d70810  5.243MB/5.726MB 
 2a3aee5cff18  3.146MB/107.3MB 
 0533baad3023   7.34MB/8.069MB 
 22d97f6a5d13  13.63MB/29.18MB 
 2a3aee5cff18  3.146MB/107.3MB 
 cbd6b8d70810  5.243MB/5.726MB 
 22d97f6a5d13  13.63MB/29.18MB 
 0533baad3023   7.34MB/8.069MB 
 2a3aee5cff18  3.146MB/107.3MB 
 cbd6b8d70810  5.243MB/5.726MB 
 22d97f6a5d13  13.63MB/29.18MB 
 0533baad3023   7.34MB/8.069MB 
 cbd6b8d70810  5.243MB/5.726MB 
 2a3aee5cff18  3.146MB/107.3MB 
 22d97f6a5d13  13.63MB/29.18MB 
 0533baad3023   7.34MB/8.069MB 
 cbd6b8d70810  5.243MB/5.726MB 
 cbd6b8d70810  5.243MB/5.726MB 
 2a3aee5cff18  3.146MB/107.3MB 
 22d97f6a5d13  13.63MB/29.18MB 
 2a3aee5cff18  3.146MB/107.3MB 
 0533baad3023   7.34MB/8.069MB 
 0533baad3023   7.34MB/8.069MB 
 22d97f6a5d13  13.63MB/29.18MB 
 2a3aee5cff18  3.146MB/107.3MB 
 cbd6b8d70810  5.243MB/5.726MB 
 cbd6b8d70810  5.243MB/5.726MB 
 22d97f6a5d13  13.63MB/29.18MB 
 0533baad3023   7.34MB/8.069MB 
 2a3aee5cff18  3.146MB/107.3MB 
 cbd6b8d70810  5.243MB/5.726MB 
 2a3aee5cff18  3.146MB/107.3MB 
 22d97f6a5d13  13.63MB/29.18MB 
 0533baad3023   7.34MB/8.069MB 
 22d97f6a5d13  13.63MB/29.18MB 
 0533baad3023   7.34MB/8.069MB 
 cbd6b8d70810  5.243MB/5.726MB 
 2a3aee5cff18  3.146MB/107.3MB 
 0533baad3023   7.34MB/8.069MB 
 cbd6b8d70810  5.243MB/5.726MB 
 22d97f6a5d13  13.63MB/29.18MB 
 2a3aee5cff18  3.146MB/107.3MB 
 cbd6b8d70810  5.243MB/5.726MB 
 0533baad3023  8.069MB/8.069MB 
 22d97f6a5d13  13.63MB/29.18MB 
 2a3aee5cff18  3.146MB/107.3MB 
 cbd6b8d70810  5.243MB/5.726MB 
 22d97f6a5d13  13.63MB/29.18MB 
 0533baad3023  
 2a3aee5cff18  3.146MB/107.3MB 
 cbd6b8d70810  5.243MB/5.726MB 
 2a3aee5cff18  3.146MB/107.3MB 
 22d97f6a5d13  13.63MB/29.18MB 
 0533baad3023  
 22d97f6a5d13  14.68MB/29.18MB 
 2a3aee5cff18  3.146MB/107.3MB 
 0533baad3023  
 cbd6b8d70810  5.243MB/5.726MB 
 0533baad3023  
 cbd6b8d70810  5.243MB/5.726MB 
 2a3aee5cff18  3.146MB/107.3MB 
 22d97f6a5d13  14.68MB/29.18MB 
 22d97f6a5d13  14.68MB/29.18MB 
 2a3aee5cff18  3.146MB/107.3MB 
 cbd6b8d70810  5.243MB/5.726MB 
 0533baad3023  
 cbd6b8d70810  5.243MB/5.726MB 
 22d97f6a5d13  14.68MB/29.18MB 
 2a3aee5cff18  3.146MB/107.3MB 
 cbd6b8d70810  5.243MB/5.726MB 
 2a3aee5cff18  3.146MB/107.3MB 
 22d97f6a5d13  14.68MB/29.18MB 
 22d97f6a5d13  14.68MB/29.18MB 
 cbd6b8d70810  5.243MB/5.726MB 
 2a3aee5cff18  3.146MB/107.3MB 
 cbd6b8d70810  5.243MB/5.726MB 
 22d97f6a5d13  14.68MB/29.18MB 
 2a3aee5cff18  3.146MB/107.3MB 
 2a3aee5cff18  3.146MB/107.3MB 
 cbd6b8d70810  5.243MB/5.726MB 
 22d97f6a5d13  14.68MB/29.18MB 
 cbd6b8d70810  5.243MB/5.726MB 
 22d97f6a5d13  14.68MB/29.18MB 
 2a3aee5cff18  3.146MB/107.3MB 
 22d97f6a5d13  14.68MB/29.18MB 
 cbd6b8d70810  
 2a3aee5cff18  3.146MB/107.3MB 
 22d97f6a5d13  14.68MB/29.18MB 
 2a3aee5cff18  3.146MB/107.3MB 
 cbd6b8d70810  
 2a3aee5cff18  3.146MB/107.3MB 
 22d97f6a5d13  14.68MB/29.18MB 
 cbd6b8d70810  
 22d97f6a5d13  14.68MB/29.18MB 
 2a3aee5cff18  3.146MB/107.3MB 
 cbd6b8d70810  
 cbd6b8d70810  
 22d97f6a5d13  14.68MB/29.18MB 
 2a3aee5cff18  3.146MB/107.3MB 
 22d97f6a5d13  14.68MB/29.18MB 
 2a3aee5cff18  3.146MB/107.3MB 
 22d97f6a5d13  14.68MB/29.18MB 
 2a3aee5cff18  3.146MB/107.3MB 
 22d97f6a5d13  14.68MB/29.18MB 
 2a3aee5cff18  3.146MB/107.3MB 
 22d97f6a5d13  14.68MB/29.18MB 
 2a3aee5cff18  3.146MB/107.3MB 
 2a3aee5cff18  3.146MB/107.3MB 
 22d97f6a5d13  14.68MB/29.18MB 
 2a3aee5cff18  3.146MB/107.3MB 
 22d97f6a5d13  14.68MB/29.18MB 
 22d97f6a5d13  14.68MB/29.18MB 
 2a3aee5cff18  3.146MB/107.3MB 
 2a3aee5cff18  3.146MB/107.3MB 
 22d97f6a5d13  14.68MB/29.18MB 
 22d97f6a5d13  14.68MB/29.18MB 
 2a3aee5cff18  3.146MB/107.3MB 
 2a3aee5cff18  3.146MB/107.3MB 
 22d97f6a5d13  14.68MB/29.18MB 
 2a3aee5cff18  3.146MB/107.3MB 
 22d97f6a5d13  14.68MB/29.18MB 
 22d97f6a5d13  14.68MB/29.18MB 
 2a3aee5cff18  3.146MB/107.3MB 
 22d97f6a5d13  14.68MB/29.18MB 
 2a3aee5cff18  3.146MB/107.3MB 
 22d97f6a5d13  14.68MB/29.18MB 
 2a3aee5cff18  3.146MB/107.3MB 
 2a3aee5cff18  3.146MB/107.3MB 
 22d97f6a5d13  14.68MB/29.18MB 
 2a3aee5cff18  3.146MB/107.3MB 
 22d97f6a5d13  14.68MB/29.18MB 
 22d97f6a5d13  14.68MB/29.18MB 
 2a3aee5cff18  3.146MB/107.3MB 
 2a3aee5cff18  3.146MB/107.3MB 
 22d97f6a5d13  14.68MB/29.18MB 
 22d97f6a5d13  14.68MB/29.18MB 
 2a3aee5cff18  3.146MB/107.3MB 
 2a3aee5cff18  3.146MB/107.3MB 
 22d97f6a5d13  14.68MB/29.18MB 
 2a3aee5cff18  3.146MB/107.3MB 
 22d97f6a5d13  14.68MB/29.18MB 
 22d97f6a5d13  14.68MB/29.18MB 
 2a3aee5cff18  3.146MB/107.3MB 
 22d97f6a5d13  14.68MB/29.18MB 
 2a3aee5cff18  3.146MB/107.3MB 
 2a3aee5cff18  3.146MB/107.3MB 
 22d97f6a5d13  14.68MB/29.18MB 
 22d97f6a5d13  14.68MB/29.18MB 
 2a3aee5cff18  3.146MB/107.3MB 
 2a3aee5cff18  3.146MB/107.3MB 
 22d97f6a5d13  14.68MB/29.18MB 
 22d97f6a5d13  14.68MB/29.18MB 
 2a3aee5cff18  3.146MB/107.3MB 
 22d97f6a5d13  14.68MB/29.18MB 
 2a3aee5cff18  3.146MB/107.3MB 
 22d97f6a5d13  14.68MB/29.18MB 
 2a3aee5cff18  3.146MB/107.3MB 
 22d97f6a5d13  14.68MB/29.18MB 
 2a3aee5cff18  3.146MB/107.3MB 
 2a3aee5cff18  3.146MB/107.3MB 
 22d97f6a5d13  14.68MB/29.18MB 
 22d97f6a5d13  14.68MB/29.18MB 
 2a3aee5cff18  3.146MB/107.3MB 
 22d97f6a5d13  14.68MB/29.18MB 
 2a3aee5cff18  3.146MB/107.3MB 
 22d97f6a5d13  14.68MB/29.18MB 
 2a3aee5cff18  3.146MB/107.3MB 
 22d97f6a5d13  14.68MB/29.18MB 
 2a3aee5cff18  3.146MB/107.3MB 
 22d97f6a5d13  14.68MB/29.18MB 
 2a3aee5cff18  3.146MB/107.3MB 
 2a3aee5cff18  3.146MB/107.3MB 
 22d97f6a5d13  15.73MB/29.18MB 
 22d97f6a5d13  15.73MB/29.18MB 
 2a3aee5cff18  3.146MB/107.3MB 
 22d97f6a5d13  15.73MB/29.18MB 
 2a3aee5cff18  3.146MB/107.3MB 
 22d97f6a5d13  15.73MB/29.18MB 
 2a3aee5cff18  3.146MB/107.3MB 
 2a3aee5cff18  3.146MB/107.3MB 
 22d97f6a5d13  15.73MB/29.18MB 
 2a3aee5cff18  3.146MB/107.3MB 
 22d97f6a5d13  15.73MB/29.18MB 
 22d97f6a5d13  15.73MB/29.18MB 
 2a3aee5cff18  3.146MB/107.3MB 
 22d97f6a5d13  15.73MB/29.18MB 
 2a3aee5cff18  3.146MB/107.3MB 
 22d97f6a5d13  15.73MB/29.18MB 
 2a3aee5cff18  3.146MB/107.3MB 
 2a3aee5cff18  3.146MB/107.3MB 
 22d97f6a5d13  15.73MB/29.18MB 
 2a3aee5cff18  3.146MB/107.3MB 
 22d97f6a5d13  15.73MB/29.18MB 
 22d97f6a5d13  15.73MB/29.18MB 
 2a3aee5cff18  3.146MB/107.3MB 
 22d97f6a5d13  15.73MB/29.18MB 
 2a3aee5cff18  3.146MB/107.3MB 
 2a3aee5cff18  3.146MB/107.3MB 
 22d97f6a5d13  15.73MB/29.18MB 
 22d97f6a5d13  15.73MB/29.18MB 
 2a3aee5cff18  3.146MB/107.3MB 
 22d97f6a5d13  15.73MB/29.18MB 
 2a3aee5cff18  3.146MB/107.3MB 
 2a3aee5cff18  3.146MB/107.3MB 
 22d97f6a5d13  15.73MB/29.18MB 
 2a3aee5cff18  3.146MB/107.3MB 
 22d97f6a5d13  15.73MB/29.18MB 
 2a3aee5cff18  3.146MB/107.3MB 
 22d97f6a5d13  15.73MB/29.18MB 
 2a3aee5cff18  3.146MB/107.3MB 
 22d97f6a5d13  15.73MB/29.18MB 
 2a3aee5cff18  3.146MB/107.3MB 
 22d97f6a5d13  15.73MB/29.18MB 
 22d97f6a5d13  15.73MB/29.18MB 
 2a3aee5cff18  3.146MB/107.3MB 
 2a3aee5cff18  3.146MB/107.3MB 
 22d97f6a5d13  15.73MB/29.18MB 
 2a3aee5cff18  3.146MB/107.3MB 
 22d97f6a5d13  15.73MB/29.18MB 
 2a3aee5cff18  3.146MB/107.3MB 
 22d97f6a5d13  15.73MB/29.18MB 
 2a3aee5cff18  3.146MB/107.3MB 
 22d97f6a5d13  15.73MB/29.18MB 
 22d97f6a5d13  15.73MB/29.18MB 
 2a3aee5cff18  3.146MB/107.3MB 
 2a3aee5cff18  3.146MB/107.3MB 
 22d97f6a5d13  15.73MB/29.18MB 
 22d97f6a5d13  15.73MB/29.18MB 
 2a3aee5cff18  3.146MB/107.3MB 
 2a3aee5cff18  3.146MB/107.3MB 
 22d97f6a5d13  15.73MB/29.18MB 
 22d97f6a5d13  15.73MB/29.18MB 
 2a3aee5cff18  3.146MB/107.3MB 
 22d97f6a5d13  15.73MB/29.18MB 
 2a3aee5cff18  3.146MB/107.3MB 
 22d97f6a5d13  15.73MB/29.18MB 
 2a3aee5cff18  3.146MB/107.3MB 
 22d97f6a5d13  15.73MB/29.18MB 
 2a3aee5cff18  3.146MB/107.3MB 
 2a3aee5cff18  3.146MB/107.3MB 
 22d97f6a5d13  15.73MB/29.18MB 
 22d97f6a5d13  15.73MB/29.18MB 
 2a3aee5cff18  3.146MB/107.3MB 
 2a3aee5cff18  3.146MB/107.3MB 
 22d97f6a5d13  15.73MB/29.18MB 
 22d97f6a5d13  15.73MB/29.18MB 
 2a3aee5cff18  3.146MB/107.3MB 
 22d97f6a5d13  15.73MB/29.18MB 
 2a3aee5cff18  3.146MB/107.3MB 
 2a3aee5cff18  3.146MB/107.3MB 
 22d97f6a5d13  15.73MB/29.18MB 
 22d97f6a5d13  15.73MB/29.18MB 
 2a3aee5cff18  3.146MB/107.3MB 
 22d97f6a5d13  15.73MB/29.18MB 
 2a3aee5cff18  3.146MB/107.3MB 
 2a3aee5cff18  3.146MB/107.3MB 
 22d97f6a5d13  15.73MB/29.18MB 
 2a3aee5cff18  3.146MB/107.3MB 
 22d97f6a5d13  15.73MB/29.18MB 
 2a3aee5cff18  3.146MB/107.3MB 
 22d97f6a5d13  15.73MB/29.18MB 
 22d97f6a5d13  16.78MB/29.18MB 
 2a3aee5cff18  3.146MB/107.3MB 
 22d97f6a5d13  16.78MB/29.18MB 
 2a3aee5cff18  3.146MB/107.3MB 
 22d97f6a5d13  16.78MB/29.18MB 
 2a3aee5cff18  3.146MB/107.3MB 
 2a3aee5cff18  3.146MB/107.3MB 
 22d97f6a5d13  16.78MB/29.18MB 
 22d97f6a5d13  16.78MB/29.18MB 
 2a3aee5cff18  3.146MB/107.3MB 
 2a3aee5cff18  3.146MB/107.3MB 
 22d97f6a5d13  16.78MB/29.18MB 
 22d97f6a5d13  16.78MB/29.18MB 
 2a3aee5cff18  3.146MB/107.3MB 
 22d97f6a5d13  16.78MB/29.18MB 
 2a3aee5cff18  3.146MB/107.3MB 
 22d97f6a5d13  16.78MB/29.18MB 
 2a3aee5cff18  3.146MB/107.3MB 
 22d97f6a5d13  16.78MB/29.18MB 
 2a3aee5cff18  3.146MB/107.3MB 
 22d97f6a5d13  16.78MB/29.18MB 
 2a3aee5cff18  3.146MB/107.3MB 
 22d97f6a5d13  16.78MB/29.18MB 
 2a3aee5cff18  3.146MB/107.3MB 
 22d97f6a5d13  16.78MB/29.18MB 
 2a3aee5cff18  3.146MB/107.3MB 
 2a3aee5cff18  3.146MB/107.3MB 
 22d97f6a5d13  16.78MB/29.18MB 
 2a3aee5cff18  3.146MB/107.3MB 
 22d97f6a5d13  16.78MB/29.18MB 
 22d97f6a5d13  16.78MB/29.18MB 
 2a3aee5cff18  3.146MB/107.3MB 
 22d97f6a5d13  16.78MB/29.18MB 
 2a3aee5cff18  3.146MB/107.3MB 
 22d97f6a5d13  16.78MB/29.18MB 
 2a3aee5cff18  3.146MB/107.3MB 
 2a3aee5cff18  3.146MB/107.3MB 
 22d97f6a5d13  16.78MB/29.18MB 
 2a3aee5cff18  3.146MB/107.3MB 
 22d97f6a5d13  16.78MB/29.18MB 
 2a3aee5cff18  3.146MB/107.3MB 
 22d97f6a5d13  16.78MB/29.18MB 
 22d97f6a5d13  16.78MB/29.18MB 
 2a3aee5cff18  3.146MB/107.3MB 
 22d97f6a5d13  16.78MB/29.18MB 
 2a3aee5cff18  3.146MB/107.3MB 
 2a3aee5cff18  3.146MB/107.3MB 
 22d97f6a5d13  16.78MB/29.18MB 
 2a3aee5cff18  3.146MB/107.3MB 
 22d97f6a5d13  16.78MB/29.18MB 
 22d97f6a5d13  16.78MB/29.18MB 
 2a3aee5cff18  3.146MB/107.3MB 
 22d97f6a5d13  16.78MB/29.18MB 
 2a3aee5cff18  3.146MB/107.3MB 
 2a3aee5cff18  3.146MB/107.3MB 
 22d97f6a5d13  16.78MB/29.18MB 
 22d97f6a5d13  16.78MB/29.18MB 
 2a3aee5cff18  3.146MB/107.3MB 
 2a3aee5cff18  3.146MB/107.3MB 
 22d97f6a5d13  16.78MB/29.18MB 
 22d97f6a5d13  16.78MB/29.18MB 
 2a3aee5cff18  3.146MB/107.3MB 
 22d97f6a5d13  16.78MB/29.18MB 
 2a3aee5cff18  3.146MB/107.3MB 
 22d97f6a5d13  16.78MB/29.18MB 
 2a3aee5cff18  3.146MB/107.3MB 
 2a3aee5cff18  3.146MB/107.3MB 
 22d97f6a5d13  16.78MB/29.18MB 
 2a3aee5cff18  4.194MB/107.3MB 
 22d97f6a5d13  16.78MB/29.18MB 
 2a3aee5cff18  4.194MB/107.3MB 
 22d97f6a5d13  16.78MB/29.18MB 
 22d97f6a5d13  16.78MB/29.18MB 
 2a3aee5cff18  4.194MB/107.3MB 
 22d97f6a5d13  16.78MB/29.18MB 
 2a3aee5cff18  4.194MB/107.3MB 
 2a3aee5cff18  4.194MB/107.3MB 
 22d97f6a5d13  17.83MB/29.18MB 
 2a3aee5cff18  4.194MB/107.3MB 
 22d97f6a5d13  17.83MB/29.18MB 
 2a3aee5cff18  4.194MB/107.3MB 
 22d97f6a5d13  17.83MB/29.18MB 
 22d97f6a5d13  17.83MB/29.18MB 
 2a3aee5cff18  4.194MB/107.3MB 
 22d97f6a5d13  17.83MB/29.18MB 
 2a3aee5cff18  4.194MB/107.3MB 
 2a3aee5cff18  4.194MB/107.3MB 
 22d97f6a5d13  17.83MB/29.18MB 
 2a3aee5cff18  4.194MB/107.3MB 
 22d97f6a5d13  17.83MB/29.18MB 
 22d97f6a5d13  17.83MB/29.18MB 
 2a3aee5cff18  4.194MB/107.3MB 
 22d97f6a5d13  17.83MB/29.18MB 
 2a3aee5cff18  4.194MB/107.3MB 
 22d97f6a5d13  17.83MB/29.18MB 
 2a3aee5cff18  4.194MB/107.3MB 
 22d97f6a5d13  17.83MB/29.18MB 
 2a3aee5cff18  4.194MB/107.3MB 
 22d97f6a5d13  17.83MB/29.18MB 
 2a3aee5cff18  4.194MB/107.3MB 
 22d97f6a5d13  17.83MB/29.18MB 
 2a3aee5cff18  4.194MB/107.3MB 
 22d97f6a5d13  17.83MB/29.18MB 
 2a3aee5cff18  4.194MB/107.3MB 
 22d97f6a5d13  17.83MB/29.18MB 
 2a3aee5cff18  4.194MB/107.3MB 
 22d97f6a5d13  17.83MB/29.18MB 
 2a3aee5cff18  4.194MB/107.3MB 
 2a3aee5cff18  4.194MB/107.3MB 
 22d97f6a5d13  17.83MB/29.18MB 
 22d97f6a5d13  17.83MB/29.18MB 
 2a3aee5cff18  4.194MB/107.3MB 
 22d97f6a5d13  17.83MB/29.18MB 
 2a3aee5cff18  4.194MB/107.3MB 
 22d97f6a5d13  17.83MB/29.18MB 
 2a3aee5cff18  4.194MB/107.3MB 
 22d97f6a5d13  17.83MB/29.18MB 
 2a3aee5cff18  4.194MB/107.3MB 
 2a3aee5cff18  4.194MB/107.3MB 
 22d97f6a5d13  17.83MB/29.18MB 
 2a3aee5cff18  4.194MB/107.3MB 
 22d97f6a5d13  17.83MB/29.18MB 
 22d97f6a5d13  17.83MB/29.18MB 
 2a3aee5cff18  4.194MB/107.3MB 
 22d97f6a5d13  17.83MB/29.18MB 
 2a3aee5cff18  4.194MB/107.3MB 
 22d97f6a5d13  17.83MB/29.18MB 
 2a3aee5cff18  4.194MB/107.3MB 
 2a3aee5cff18  4.194MB/107.3MB 
 22d97f6a5d13  17.83MB/29.18MB 
 2a3aee5cff18  4.194MB/107.3MB 
 22d97f6a5d13  17.83MB/29.18MB 
 22d97f6a5d13  17.83MB/29.18MB 
 2a3aee5cff18  4.194MB/107.3MB 
 22d97f6a5d13  17.83MB/29.18MB 
 2a3aee5cff18  4.194MB/107.3MB 
 22d97f6a5d13  17.83MB/29.18MB 
 2a3aee5cff18  4.194MB/107.3MB 
 22d97f6a5d13  17.83MB/29.18MB 
 2a3aee5cff18  4.194MB/107.3MB 
 22d97f6a5d13  17.83MB/29.18MB 
 2a3aee5cff18  4.194MB/107.3MB 
 2a3aee5cff18  4.194MB/107.3MB 
 22d97f6a5d13  17.83MB/29.18MB 
 22d97f6a5d13  17.83MB/29.18MB 
 2a3aee5cff18  4.194MB/107.3MB 
 22d97f6a5d13  17.83MB/29.18MB 
 2a3aee5cff18  4.194MB/107.3MB 
 2a3aee5cff18  4.194MB/107.3MB 
 22d97f6a5d13  17.83MB/29.18MB 
 2a3aee5cff18  4.194MB/107.3MB 
 22d97f6a5d13  17.83MB/29.18MB 
 22d97f6a5d13  17.83MB/29.18MB 
 2a3aee5cff18  4.194MB/107.3MB 
 2a3aee5cff18  4.194MB/107.3MB 
 22d97f6a5d13  17.83MB/29.18MB 
 2a3aee5cff18  4.194MB/107.3MB 
 22d97f6a5d13  17.83MB/29.18MB 
 2a3aee5cff18  4.194MB/107.3MB 
 22d97f6a5d13  17.83MB/29.18MB 
 22d97f6a5d13  17.83MB/29.18MB 
 2a3aee5cff18  4.194MB/107.3MB 
 22d97f6a5d13  17.83MB/29.18MB 
 2a3aee5cff18  4.194MB/107.3MB 
 2a3aee5cff18  4.194MB/107.3MB 
 22d97f6a5d13  17.83MB/29.18MB 
 2a3aee5cff18  4.194MB/107.3MB 
 22d97f6a5d13  17.83MB/29.18MB 
 2a3aee5cff18  4.194MB/107.3MB 
 22d97f6a5d13  18.87MB/29.18MB 
 2a3aee5cff18  4.194MB/107.3MB 
 22d97f6a5d13  18.87MB/29.18MB 
 22d97f6a5d13  18.87MB/29.18MB 
 2a3aee5cff18  4.194MB/107.3MB 
 22d97f6a5d13  18.87MB/29.18MB 
 2a3aee5cff18  4.194MB/107.3MB 
 22d97f6a5d13  18.87MB/29.18MB 
 2a3aee5cff18  4.194MB/107.3MB 
 2a3aee5cff18  4.194MB/107.3MB 
 22d97f6a5d13  18.87MB/29.18MB 
 2a3aee5cff18  4.194MB/107.3MB 
 22d97f6a5d13  18.87MB/29.18MB 
 22d97f6a5d13  18.87MB/29.18MB 
 2a3aee5cff18  4.194MB/107.3MB 
 22d97f6a5d13  18.87MB/29.18MB 
 2a3aee5cff18  4.194MB/107.3MB 
 22d97f6a5d13  18.87MB/29.18MB 
 2a3aee5cff18  4.194MB/107.3MB 
 2a3aee5cff18  4.194MB/107.3MB 
 22d97f6a5d13  18.87MB/29.18MB 
 22d97f6a5d13  18.87MB/29.18MB 
 2a3aee5cff18  4.194MB/107.3MB 
 22d97f6a5d13  18.87MB/29.18MB 
 2a3aee5cff18  4.194MB/107.3MB 
 22d97f6a5d13  18.87MB/29.18MB 
 2a3aee5cff18  4.194MB/107.3MB 
 22d97f6a5d13  18.87MB/29.18MB 
 2a3aee5cff18  4.194MB/107.3MB 
 2a3aee5cff18  4.194MB/107.3MB 
 22d97f6a5d13  18.87MB/29.18MB 
 22d97f6a5d13  18.87MB/29.18MB 
 2a3aee5cff18  4.194MB/107.3MB 
 22d97f6a5d13  18.87MB/29.18MB 
 2a3aee5cff18  4.194MB/107.3MB 
 2a3aee5cff18  4.194MB/107.3MB 
 22d97f6a5d13  18.87MB/29.18MB 
 22d97f6a5d13  18.87MB/29.18MB 
 2a3aee5cff18  4.194MB/107.3MB 
 2a3aee5cff18  4.194MB/107.3MB 
 22d97f6a5d13  18.87MB/29.18MB 
 2a3aee5cff18  4.194MB/107.3MB 
 22d97f6a5d13  18.87MB/29.18MB 
 22d97f6a5d13  18.87MB/29.18MB 
 2a3aee5cff18  4.194MB/107.3MB 
 22d97f6a5d13  18.87MB/29.18MB 
 2a3aee5cff18  4.194MB/107.3MB 
 22d97f6a5d13  18.87MB/29.18MB 
 2a3aee5cff18  4.194MB/107.3MB 
 22d97f6a5d13  18.87MB/29.18MB 
 2a3aee5cff18  4.194MB/107.3MB 
 2a3aee5cff18  4.194MB/107.3MB 
 22d97f6a5d13  18.87MB/29.18MB 
 22d97f6a5d13  18.87MB/29.18MB 
 2a3aee5cff18  4.194MB/107.3MB 
 2a3aee5cff18  4.194MB/107.3MB 
 22d97f6a5d13  18.87MB/29.18MB 
 22d97f6a5d13  18.87MB/29.18MB 
 2a3aee5cff18  4.194MB/107.3MB 
 2a3aee5cff18  4.194MB/107.3MB 
 22d97f6a5d13  18.87MB/29.18MB 
 22d97f6a5d13  18.87MB/29.18MB 
 2a3aee5cff18  4.194MB/107.3MB 
 2a3aee5cff18  4.194MB/107.3MB 
 22d97f6a5d13  18.87MB/29.18MB 
 2a3aee5cff18  4.194MB/107.3MB 
 22d97f6a5d13  18.87MB/29.18MB 
 22d97f6a5d13  18.87MB/29.18MB 
 2a3aee5cff18  4.194MB/107.3MB 
 2a3aee5cff18  4.194MB/107.3MB 
 22d97f6a5d13  18.87MB/29.18MB 
 2a3aee5cff18  4.194MB/107.3MB 
 22d97f6a5d13  18.87MB/29.18MB 
 22d97f6a5d13  18.87MB/29.18MB 
 2a3aee5cff18  4.194MB/107.3MB 
 22d97f6a5d13  18.87MB/29.18MB 
 2a3aee5cff18  4.194MB/107.3MB 
 22d97f6a5d13  18.87MB/29.18MB 
 2a3aee5cff18  4.194MB/107.3MB 
 22d97f6a5d13  18.87MB/29.18MB 
 2a3aee5cff18  4.194MB/107.3MB 
 22d97f6a5d13  19.92MB/29.18MB 
 2a3aee5cff18  4.194MB/107.3MB 
 2a3aee5cff18  4.194MB/107.3MB 
 22d97f6a5d13  19.92MB/29.18MB 
 22d97f6a5d13  19.92MB/29.18MB 
 2a3aee5cff18  4.194MB/107.3MB 
 22d97f6a5d13  19.92MB/29.18MB 
 2a3aee5cff18  4.194MB/107.3MB 
 2a3aee5cff18  4.194MB/107.3MB 
 22d97f6a5d13  19.92MB/29.18MB 
 22d97f6a5d13  19.92MB/29.18MB 
 2a3aee5cff18  4.194MB/107.3MB 
 2a3aee5cff18  4.194MB/107.3MB 
 22d97f6a5d13  19.92MB/29.18MB 
 22d97f6a5d13  19.92MB/29.18MB 
 2a3aee5cff18  4.194MB/107.3MB 
 22d97f6a5d13  19.92MB/29.18MB 
 2a3aee5cff18  4.194MB/107.3MB 
 22d97f6a5d13  19.92MB/29.18MB 
 2a3aee5cff18  4.194MB/107.3MB 
 2a3aee5cff18  4.194MB/107.3MB 
 22d97f6a5d13  19.92MB/29.18MB 
 22d97f6a5d13  19.92MB/29.18MB 
 2a3aee5cff18  4.194MB/107.3MB 
 22d97f6a5d13  19.92MB/29.18MB 
 2a3aee5cff18  4.194MB/107.3MB 
 2a3aee5cff18  4.194MB/107.3MB 
 22d97f6a5d13  19.92MB/29.18MB 
 2a3aee5cff18  4.194MB/107.3MB 
 22d97f6a5d13  19.92MB/29.18MB 
 22d97f6a5d13  19.92MB/29.18MB 
 2a3aee5cff18  4.194MB/107.3MB 
 22d97f6a5d13  19.92MB/29.18MB 
 2a3aee5cff18  4.194MB/107.3MB 
 22d97f6a5d13  19.92MB/29.18MB 
 2a3aee5cff18  4.194MB/107.3MB 
 22d97f6a5d13  19.92MB/29.18MB 
 2a3aee5cff18  4.194MB/107.3MB 
 2a3aee5cff18  4.194MB/107.3MB 
 22d97f6a5d13  19.92MB/29.18MB 
 22d97f6a5d13  19.92MB/29.18MB 
 2a3aee5cff18  5.243MB/107.3MB 
 22d97f6a5d13  19.92MB/29.18MB 
 2a3aee5cff18  5.243MB/107.3MB 
 22d97f6a5d13  19.92MB/29.18MB 
 2a3aee5cff18  5.243MB/107.3MB 
 22d97f6a5d13  19.92MB/29.18MB 
 2a3aee5cff18  5.243MB/107.3MB 
 2a3aee5cff18  5.243MB/107.3MB 
 22d97f6a5d13  19.92MB/29.18MB 
 2a3aee5cff18  5.243MB/107.3MB 
 22d97f6a5d13  19.92MB/29.18MB 
 22d97f6a5d13  19.92MB/29.18MB 
 2a3aee5cff18  5.243MB/107.3MB 
 22d97f6a5d13  19.92MB/29.18MB 
 2a3aee5cff18  5.243MB/107.3MB 
 2a3aee5cff18  5.243MB/107.3MB 
 22d97f6a5d13  19.92MB/29.18MB 
 2a3aee5cff18  5.243MB/107.3MB 
 22d97f6a5d13  19.92MB/29.18MB 
 22d97f6a5d13  19.92MB/29.18MB 
 2a3aee5cff18  5.243MB/107.3MB 
 2a3aee5cff18  5.243MB/107.3MB 
 22d97f6a5d13  19.92MB/29.18MB 
 22d97f6a5d13  19.92MB/29.18MB 
 2a3aee5cff18  5.243MB/107.3MB 
 2a3aee5cff18  5.243MB/107.3MB 
 22d97f6a5d13  19.92MB/29.18MB 
 2a3aee5cff18  5.243MB/107.3MB 
 22d97f6a5d13  19.92MB/29.18MB 
 22d97f6a5d13  19.92MB/29.18MB 
 2a3aee5cff18  5.243MB/107.3MB 
 2a3aee5cff18  5.243MB/107.3MB 
 22d97f6a5d13  19.92MB/29.18MB 
 22d97f6a5d13  19.92MB/29.18MB 
 2a3aee5cff18  5.243MB/107.3MB 
 22d97f6a5d13  19.92MB/29.18MB 
 2a3aee5cff18  5.243MB/107.3MB 
 2a3aee5cff18  5.243MB/107.3MB 
 22d97f6a5d13  19.92MB/29.18MB 
 2a3aee5cff18  5.243MB/107.3MB 
 22d97f6a5d13  19.92MB/29.18MB 
 22d97f6a5d13  19.92MB/29.18MB 
 2a3aee5cff18  5.243MB/107.3MB 
 22d97f6a5d13  19.92MB/29.18MB 
 2a3aee5cff18  5.243MB/107.3MB 
 22d97f6a5d13  19.92MB/29.18MB 
 2a3aee5cff18  5.243MB/107.3MB 
 2a3aee5cff18  5.243MB/107.3MB 
 22d97f6a5d13  19.92MB/29.18MB 
 2a3aee5cff18  5.243MB/107.3MB 
 22d97f6a5d13  20.97MB/29.18MB 
 22d97f6a5d13  20.97MB/29.18MB 
 2a3aee5cff18  5.243MB/107.3MB 
 22d97f6a5d13  20.97MB/29.18MB 
 2a3aee5cff18  5.243MB/107.3MB 
 22d97f6a5d13  20.97MB/29.18MB 
 2a3aee5cff18  5.243MB/107.3MB 
 2a3aee5cff18  5.243MB/107.3MB 
 22d97f6a5d13  20.97MB/29.18MB 
 22d97f6a5d13  20.97MB/29.18MB 
 2a3aee5cff18  5.243MB/107.3MB 
 22d97f6a5d13  20.97MB/29.18MB 
 2a3aee5cff18  5.243MB/107.3MB 
 22d97f6a5d13  20.97MB/29.18MB 
 2a3aee5cff18  5.243MB/107.3MB 
 22d97f6a5d13  20.97MB/29.18MB 
 2a3aee5cff18  5.243MB/107.3MB 
 2a3aee5cff18  5.243MB/107.3MB 
 22d97f6a5d13  20.97MB/29.18MB 
 22d97f6a5d13  20.97MB/29.18MB 
 2a3aee5cff18  5.243MB/107.3MB 
 2a3aee5cff18  5.243MB/107.3MB 
 22d97f6a5d13  20.97MB/29.18MB 
 22d97f6a5d13  20.97MB/29.18MB 
 2a3aee5cff18  5.243MB/107.3MB 
 22d97f6a5d13  20.97MB/29.18MB 
 2a3aee5cff18  5.243MB/107.3MB 
 2a3aee5cff18  5.243MB/107.3MB 
 22d97f6a5d13  20.97MB/29.18MB 
 22d97f6a5d13  20.97MB/29.18MB 
 2a3aee5cff18  5.243MB/107.3MB 
 2a3aee5cff18  5.243MB/107.3MB 
 22d97f6a5d13  20.97MB/29.18MB 
 22d97f6a5d13  20.97MB/29.18MB 
 2a3aee5cff18  5.243MB/107.3MB 
 22d97f6a5d13  20.97MB/29.18MB 
 2a3aee5cff18  5.243MB/107.3MB 
 22d97f6a5d13  20.97MB/29.18MB 
 2a3aee5cff18  5.243MB/107.3MB 
 22d97f6a5d13  20.97MB/29.18MB 
 2a3aee5cff18  5.243MB/107.3MB 
 22d97f6a5d13  20.97MB/29.18MB 
 2a3aee5cff18  5.243MB/107.3MB 
 2a3aee5cff18  5.243MB/107.3MB 
 22d97f6a5d13  20.97MB/29.18MB 
 22d97f6a5d13  20.97MB/29.18MB 
 2a3aee5cff18  5.243MB/107.3MB 
 22d97f6a5d13  20.97MB/29.18MB 
 2a3aee5cff18  5.243MB/107.3MB 
 22d97f6a5d13  20.97MB/29.18MB 
 2a3aee5cff18  5.243MB/107.3MB 
 22d97f6a5d13  20.97MB/29.18MB 
 2a3aee5cff18  5.243MB/107.3MB 
 2a3aee5cff18  5.243MB/107.3MB 
 22d97f6a5d13  20.97MB/29.18MB 
 22d97f6a5d13  20.97MB/29.18MB 
 2a3aee5cff18  5.243MB/107.3MB 
 2a3aee5cff18  5.243MB/107.3MB 
 22d97f6a5d13  20.97MB/29.18MB 
 2a3aee5cff18  5.243MB/107.3MB 
 22d97f6a5d13  20.97MB/29.18MB 
 22d97f6a5d13  20.97MB/29.18MB 
 2a3aee5cff18  5.243MB/107.3MB 
 2a3aee5cff18  5.243MB/107.3MB 
 22d97f6a5d13  20.97MB/29.18MB 
 22d97f6a5d13  20.97MB/29.18MB 
 2a3aee5cff18  5.243MB/107.3MB 
 2a3aee5cff18  5.243MB/107.3MB 
 22d97f6a5d13  20.97MB/29.18MB 
 22d97f6a5d13  22.02MB/29.18MB 
 2a3aee5cff18  5.243MB/107.3MB 
 22d97f6a5d13  22.02MB/29.18MB 
 2a3aee5cff18  5.243MB/107.3MB 
 22d97f6a5d13  22.02MB/29.18MB 
 2a3aee5cff18  5.243MB/107.3MB 
 2a3aee5cff18  5.243MB/107.3MB 
 22d97f6a5d13  22.02MB/29.18MB 
 22d97f6a5d13  22.02MB/29.18MB 
 2a3aee5cff18  5.243MB/107.3MB 
 22d97f6a5d13  22.02MB/29.18MB 
 2a3aee5cff18  5.243MB/107.3MB 
 2a3aee5cff18  5.243MB/107.3MB 
 22d97f6a5d13  22.02MB/29.18MB 
 2a3aee5cff18  5.243MB/107.3MB 
 22d97f6a5d13  22.02MB/29.18MB 
 2a3aee5cff18  5.243MB/107.3MB 
 22d97f6a5d13  22.02MB/29.18MB 
 2a3aee5cff18  5.243MB/107.3MB 
 22d97f6a5d13  22.02MB/29.18MB 
 2a3aee5cff18  5.243MB/107.3MB 
 22d97f6a5d13  22.02MB/29.18MB 
 22d97f6a5d13  22.02MB/29.18MB 
 2a3aee5cff18  5.243MB/107.3MB 
 22d97f6a5d13  22.02MB/29.18MB 
 2a3aee5cff18  5.243MB/107.3MB 
 2a3aee5cff18  5.243MB/107.3MB 
 22d97f6a5d13  22.02MB/29.18MB 
 2a3aee5cff18  5.243MB/107.3MB 
 22d97f6a5d13  22.02MB/29.18MB 
 22d97f6a5d13  22.02MB/29.18MB 
 2a3aee5cff18  5.243MB/107.3MB 
 2a3aee5cff18  5.243MB/107.3MB 
 22d97f6a5d13  22.02MB/29.18MB 
 22d97f6a5d13  22.02MB/29.18MB 
 2a3aee5cff18  5.243MB/107.3MB 
 22d97f6a5d13  22.02MB/29.18MB 
 2a3aee5cff18  5.243MB/107.3MB 
 2a3aee5cff18  5.243MB/107.3MB 
 22d97f6a5d13  22.02MB/29.18MB 
 22d97f6a5d13  22.02MB/29.18MB 
 2a3aee5cff18  5.243MB/107.3MB 
 22d97f6a5d13  22.02MB/29.18MB 
 2a3aee5cff18  5.243MB/107.3MB 
 22d97f6a5d13  22.02MB/29.18MB 
 2a3aee5cff18  5.243MB/107.3MB 
 22d97f6a5d13  22.02MB/29.18MB 
 2a3aee5cff18  5.243MB/107.3MB 
 2a3aee5cff18  5.243MB/107.3MB 
 22d97f6a5d13  22.02MB/29.18MB 
 22d97f6a5d13  22.02MB/29.18MB 
 2a3aee5cff18  5.243MB/107.3MB 
 22d97f6a5d13  22.02MB/29.18MB 
 2a3aee5cff18  5.243MB/107.3MB 
 22d97f6a5d13  22.02MB/29.18MB 
 2a3aee5cff18  5.243MB/107.3MB 
 22d97f6a5d13  22.02MB/29.18MB 
 2a3aee5cff18  5.243MB/107.3MB 
 2a3aee5cff18  5.243MB/107.3MB 
 22d97f6a5d13  22.02MB/29.18MB 
 22d97f6a5d13  22.02MB/29.18MB 
 2a3aee5cff18  6.291MB/107.3MB 
 22d97f6a5d13  22.02MB/29.18MB 
 2a3aee5cff18  6.291MB/107.3MB 
 22d97f6a5d13  22.02MB/29.18MB 
 2a3aee5cff18  6.291MB/107.3MB 
 22d97f6a5d13  22.02MB/29.18MB 
 2a3aee5cff18  6.291MB/107.3MB 
 2a3aee5cff18  6.291MB/107.3MB 
 22d97f6a5d13  22.02MB/29.18MB 
 22d97f6a5d13  22.02MB/29.18MB 
 2a3aee5cff18  6.291MB/107.3MB 
 2a3aee5cff18  6.291MB/107.3MB 
 22d97f6a5d13  22.02MB/29.18MB 
 2a3aee5cff18  6.291MB/107.3MB 
 22d97f6a5d13  22.02MB/29.18MB 
 22d97f6a5d13  22.02MB/29.18MB 
 2a3aee5cff18  6.291MB/107.3MB 
 2a3aee5cff18  6.291MB/107.3MB 
 22d97f6a5d13  22.02MB/29.18MB 
 22d97f6a5d13  23.07MB/29.18MB 
 2a3aee5cff18  6.291MB/107.3MB 
 22d97f6a5d13  23.07MB/29.18MB 
 2a3aee5cff18  6.291MB/107.3MB 
 2a3aee5cff18  6.291MB/107.3MB 
 22d97f6a5d13  23.07MB/29.18MB 
 22d97f6a5d13  23.07MB/29.18MB 
 2a3aee5cff18  6.291MB/107.3MB 
 2a3aee5cff18  6.291MB/107.3MB 
 22d97f6a5d13  23.07MB/29.18MB 
 22d97f6a5d13  23.07MB/29.18MB 
 2a3aee5cff18  6.291MB/107.3MB 
 22d97f6a5d13  23.07MB/29.18MB 
 2a3aee5cff18  6.291MB/107.3MB 
 22d97f6a5d13  23.07MB/29.18MB 
 2a3aee5cff18  6.291MB/107.3MB 
 2a3aee5cff18  6.291MB/107.3MB 
 22d97f6a5d13  23.07MB/29.18MB 
 2a3aee5cff18  6.291MB/107.3MB 
 22d97f6a5d13  23.07MB/29.18MB 
 22d97f6a5d13  23.07MB/29.18MB 
 2a3aee5cff18  6.291MB/107.3MB 
 2a3aee5cff18  6.291MB/107.3MB 
 22d97f6a5d13  23.07MB/29.18MB 
 22d97f6a5d13  23.07MB/29.18MB 
 2a3aee5cff18  6.291MB/107.3MB 
 2a3aee5cff18  6.291MB/107.3MB 
 22d97f6a5d13  23.07MB/29.18MB 
 2a3aee5cff18  6.291MB/107.3MB 
 22d97f6a5d13  23.07MB/29.18MB 
 22d97f6a5d13  23.07MB/29.18MB 
 2a3aee5cff18  6.291MB/107.3MB 
 22d97f6a5d13  23.07MB/29.18MB 
 2a3aee5cff18  6.291MB/107.3MB 
 22d97f6a5d13  23.07MB/29.18MB 
 2a3aee5cff18  6.291MB/107.3MB 
 22d97f6a5d13  23.07MB/29.18MB 
 2a3aee5cff18  6.291MB/107.3MB 
 2a3aee5cff18  6.291MB/107.3MB 
 22d97f6a5d13  23.07MB/29.18MB 
 22d97f6a5d13  23.07MB/29.18MB 
 2a3aee5cff18  6.291MB/107.3MB 
 22d97f6a5d13  23.07MB/29.18MB 
 2a3aee5cff18  6.291MB/107.3MB 
 22d97f6a5d13  23.07MB/29.18MB 
 2a3aee5cff18  6.291MB/107.3MB 
 22d97f6a5d13  23.07MB/29.18MB 
 2a3aee5cff18  6.291MB/107.3MB 
 2a3aee5cff18  6.291MB/107.3MB 
 22d97f6a5d13  23.07MB/29.18MB 
 22d97f6a5d13  23.07MB/29.18MB 
 2a3aee5cff18  6.291MB/107.3MB 
 2a3aee5cff18  6.291MB/107.3MB 
 22d97f6a5d13  23.07MB/29.18MB 
 22d97f6a5d13  23.07MB/29.18MB 
 2a3aee5cff18  6.291MB/107.3MB 
 22d97f6a5d13  23.07MB/29.18MB 
 2a3aee5cff18  6.291MB/107.3MB 
 22d97f6a5d13  23.07MB/29.18MB 
 2a3aee5cff18  6.291MB/107.3MB 
 2a3aee5cff18  6.291MB/107.3MB 
 22d97f6a5d13  23.07MB/29.18MB 
 22d97f6a5d13  23.07MB/29.18MB 
 2a3aee5cff18  6.291MB/107.3MB 
 22d97f6a5d13  23.07MB/29.18MB 
 2a3aee5cff18  6.291MB/107.3MB 
 22d97f6a5d13  23.07MB/29.18MB 
 2a3aee5cff18  6.291MB/107.3MB 
 2a3aee5cff18  6.291MB/107.3MB 
 22d97f6a5d13  23.07MB/29.18MB 
 22d97f6a5d13  23.07MB/29.18MB 
 2a3aee5cff18  6.291MB/107.3MB 
 22d97f6a5d13  23.07MB/29.18MB 
 2a3aee5cff18  6.291MB/107.3MB 
 22d97f6a5d13  23.07MB/29.18MB 
 2a3aee5cff18  6.291MB/107.3MB 
 22d97f6a5d13  23.07MB/29.18MB 
 2a3aee5cff18  6.291MB/107.3MB 
 2a3aee5cff18  6.291MB/107.3MB 
 22d97f6a5d13  23.07MB/29.18MB 
 22d97f6a5d13  23.07MB/29.18MB 
 2a3aee5cff18  6.291MB/107.3MB 
 22d97f6a5d13  23.07MB/29.18MB 
 2a3aee5cff18  6.291MB/107.3MB 
 22d97f6a5d13  23.07MB/29.18MB 
 2a3aee5cff18  6.291MB/107.3MB 
 2a3aee5cff18  6.291MB/107.3MB 
 22d97f6a5d13  23.07MB/29.18MB 
 2a3aee5cff18  6.291MB/107.3MB 
 22d97f6a5d13  23.07MB/29.18MB 
 2a3aee5cff18  6.291MB/107.3MB 
 22d97f6a5d13  24.12MB/29.18MB 
 22d97f6a5d13  24.12MB/29.18MB 
 2a3aee5cff18  6.291MB/107.3MB 
 22d97f6a5d13  24.12MB/29.18MB 
 2a3aee5cff18  6.291MB/107.3MB 
 22d97f6a5d13  24.12MB/29.18MB 
 2a3aee5cff18  6.291MB/107.3MB 
 2a3aee5cff18  6.291MB/107.3MB 
 22d97f6a5d13  24.12MB/29.18MB 
 2a3aee5cff18  6.291MB/107.3MB 
 22d97f6a5d13  24.12MB/29.18MB 
 22d97f6a5d13  24.12MB/29.18MB 
 2a3aee5cff18  6.291MB/107.3MB 
 22d97f6a5d13  24.12MB/29.18MB 
 2a3aee5cff18  6.291MB/107.3MB 
 22d97f6a5d13  24.12MB/29.18MB 
 2a3aee5cff18  6.291MB/107.3MB 
 22d97f6a5d13  24.12MB/29.18MB 
 2a3aee5cff18  6.291MB/107.3MB 
 2a3aee5cff18  6.291MB/107.3MB 
 22d97f6a5d13  24.12MB/29.18MB 
 22d97f6a5d13  24.12MB/29.18MB 
 2a3aee5cff18  6.291MB/107.3MB 
 22d97f6a5d13  24.12MB/29.18MB 
 2a3aee5cff18  6.291MB/107.3MB 
 22d97f6a5d13  24.12MB/29.18MB 
 2a3aee5cff18  6.291MB/107.3MB 
 2a3aee5cff18  6.291MB/107.3MB 
 22d97f6a5d13  24.12MB/29.18MB 
 22d97f6a5d13  24.12MB/29.18MB 
 2a3aee5cff18   7.34MB/107.3MB 
 22d97f6a5d13  24.12MB/29.18MB 
 2a3aee5cff18   7.34MB/107.3MB 
 22d97f6a5d13  24.12MB/29.18MB 
 2a3aee5cff18   7.34MB/107.3MB 
 22d97f6a5d13  24.12MB/29.18MB 
 2a3aee5cff18   7.34MB/107.3MB 
 2a3aee5cff18   7.34MB/107.3MB 
 22d97f6a5d13  24.12MB/29.18MB 
 2a3aee5cff18   7.34MB/107.3MB 
 22d97f6a5d13  24.12MB/29.18MB 
 22d97f6a5d13  24.12MB/29.18MB 
 2a3aee5cff18   7.34MB/107.3MB 
 2a3aee5cff18   7.34MB/107.3MB 
 22d97f6a5d13  24.12MB/29.18MB 
 22d97f6a5d13  24.12MB/29.18MB 
 2a3aee5cff18   7.34MB/107.3MB 
 2a3aee5cff18   7.34MB/107.3MB 
 22d97f6a5d13  24.12MB/29.18MB 
 2a3aee5cff18   7.34MB/107.3MB 
 22d97f6a5d13  24.12MB/29.18MB 
 22d97f6a5d13  24.12MB/29.18MB 
 2a3aee5cff18   7.34MB/107.3MB 
 22d97f6a5d13  24.12MB/29.18MB 
 2a3aee5cff18   7.34MB/107.3MB 
 22d97f6a5d13  24.12MB/29.18MB 
 2a3aee5cff18   7.34MB/107.3MB 
 2a3aee5cff18   7.34MB/107.3MB 
 22d97f6a5d13  24.12MB/29.18MB 
 22d97f6a5d13  24.12MB/29.18MB 
 2a3aee5cff18   7.34MB/107.3MB 
 22d97f6a5d13  24.12MB/29.18MB 
 2a3aee5cff18   7.34MB/107.3MB 
 2a3aee5cff18   7.34MB/107.3MB 
 22d97f6a5d13  24.12MB/29.18MB 
 22d97f6a5d13  24.12MB/29.18MB 
 2a3aee5cff18   7.34MB/107.3MB 
 22d97f6a5d13  24.12MB/29.18MB 
 2a3aee5cff18   7.34MB/107.3MB 
 22d97f6a5d13  24.12MB/29.18MB 
 2a3aee5cff18   7.34MB/107.3MB 
 22d97f6a5d13  24.12MB/29.18MB 
 2a3aee5cff18   7.34MB/107.3MB 
 2a3aee5cff18   7.34MB/107.3MB 
 22d97f6a5d13  24.12MB/29.18MB 
 22d97f6a5d13  24.12MB/29.18MB 
 2a3aee5cff18   7.34MB/107.3MB 
 2a3aee5cff18   7.34MB/107.3MB 
 22d97f6a5d13  24.12MB/29.18MB 
 2a3aee5cff18   7.34MB/107.3MB 
 22d97f6a5d13  24.12MB/29.18MB 
 22d97f6a5d13  24.12MB/29.18MB 
 2a3aee5cff18   7.34MB/107.3MB 
 22d97f6a5d13  24.12MB/29.18MB 
 2a3aee5cff18   7.34MB/107.3MB 
 22d97f6a5d13  25.17MB/29.18MB 
 2a3aee5cff18   7.34MB/107.3MB 
 2a3aee5cff18   7.34MB/107.3MB 
 22d97f6a5d13  25.17MB/29.18MB 
 22d97f6a5d13  25.17MB/29.18MB 
 2a3aee5cff18   7.34MB/107.3MB 
 22d97f6a5d13  25.17MB/29.18MB 
 2a3aee5cff18   7.34MB/107.3MB 
 2a3aee5cff18   7.34MB/107.3MB 
 22d97f6a5d13  25.17MB/29.18MB 
 22d97f6a5d13  25.17MB/29.18MB 
 2a3aee5cff18   7.34MB/107.3MB 
 2a3aee5cff18   7.34MB/107.3MB 
 22d97f6a5d13  25.17MB/29.18MB 
 2a3aee5cff18   7.34MB/107.3MB 
 22d97f6a5d13  25.17MB/29.18MB 
 22d97f6a5d13  25.17MB/29.18MB 
 2a3aee5cff18   7.34MB/107.3MB 
 22d97f6a5d13  25.17MB/29.18MB 
 2a3aee5cff18   7.34MB/107.3MB 
 2a3aee5cff18   7.34MB/107.3MB 
 22d97f6a5d13  25.17MB/29.18MB 
 2a3aee5cff18   7.34MB/107.3MB 
 22d97f6a5d13  25.17MB/29.18MB 
 2a3aee5cff18   7.34MB/107.3MB 
 22d97f6a5d13  25.17MB/29.18MB 
 22d97f6a5d13  25.17MB/29.18MB 
 2a3aee5cff18   7.34MB/107.3MB 
 22d97f6a5d13  25.17MB/29.18MB 
 2a3aee5cff18   7.34MB/107.3MB 
 22d97f6a5d13  25.17MB/29.18MB 
 2a3aee5cff18   7.34MB/107.3MB 
 2a3aee5cff18   7.34MB/107.3MB 
 22d97f6a5d13  25.17MB/29.18MB 
 22d97f6a5d13  25.17MB/29.18MB 
 2a3aee5cff18   7.34MB/107.3MB 
 22d97f6a5d13  25.17MB/29.18MB 
 2a3aee5cff18   7.34MB/107.3MB 
 22d97f6a5d13  25.17MB/29.18MB 
 2a3aee5cff18   7.34MB/107.3MB 
 22d97f6a5d13  25.17MB/29.18MB 
 2a3aee5cff18   7.34MB/107.3MB 
 2a3aee5cff18   7.34MB/107.3MB 
 22d97f6a5d13  25.17MB/29.18MB 
 22d97f6a5d13  25.17MB/29.18MB 
 2a3aee5cff18   7.34MB/107.3MB 
 22d97f6a5d13  25.17MB/29.18MB 
 2a3aee5cff18   7.34MB/107.3MB 
 22d97f6a5d13  25.17MB/29.18MB 
 2a3aee5cff18   7.34MB/107.3MB 
 22d97f6a5d13  25.17MB/29.18MB 
 2a3aee5cff18   7.34MB/107.3MB 
 2a3aee5cff18   7.34MB/107.3MB 
 22d97f6a5d13  25.17MB/29.18MB 
 22d97f6a5d13  25.17MB/29.18MB 
 2a3aee5cff18   7.34MB/107.3MB 
 22d97f6a5d13  25.17MB/29.18MB 
 2a3aee5cff18   7.34MB/107.3MB 
 22d97f6a5d13  25.17MB/29.18MB 
 2a3aee5cff18   7.34MB/107.3MB 
 22d97f6a5d13  25.17MB/29.18MB 
 2a3aee5cff18   7.34MB/107.3MB 
 2a3aee5cff18   7.34MB/107.3MB 
 22d97f6a5d13  25.17MB/29.18MB 
 22d97f6a5d13  25.17MB/29.18MB 
 2a3aee5cff18   7.34MB/107.3MB 
 22d97f6a5d13  25.17MB/29.18MB 
 2a3aee5cff18   7.34MB/107.3MB 
 22d97f6a5d13  25.17MB/29.18MB 
 2a3aee5cff18   7.34MB/107.3MB 
 22d97f6a5d13  25.17MB/29.18MB 
 2a3aee5cff18   7.34MB/107.3MB 
 2a3aee5cff18   7.34MB/107.3MB 
 22d97f6a5d13  25.17MB/29.18MB 
 22d97f6a5d13  25.17MB/29.18MB 
 2a3aee5cff18   7.34MB/107.3MB 
 22d97f6a5d13  25.17MB/29.18MB 
 2a3aee5cff18   7.34MB/107.3MB 
 2a3aee5cff18   7.34MB/107.3MB 
 22d97f6a5d13  25.17MB/29.18MB 
 2a3aee5cff18   7.34MB/107.3MB 
 22d97f6a5d13  25.17MB/29.18MB 
 2a3aee5cff18   7.34MB/107.3MB 
 22d97f6a5d13  25.17MB/29.18MB 
 22d97f6a5d13  25.17MB/29.18MB 
 2a3aee5cff18   7.34MB/107.3MB 
 2a3aee5cff18   7.34MB/107.3MB 
 22d97f6a5d13  25.17MB/29.18MB 
 2a3aee5cff18   7.34MB/107.3MB 
 22d97f6a5d13  25.17MB/29.18MB 
 2a3aee5cff18   7.34MB/107.3MB 
 22d97f6a5d13  25.17MB/29.18MB 
 2a3aee5cff18   7.34MB/107.3MB 
 22d97f6a5d13  25.17MB/29.18MB 
 22d97f6a5d13  26.21MB/29.18MB 
 2a3aee5cff18  8.389MB/107.3MB 
 2a3aee5cff18  8.389MB/107.3MB 
 22d97f6a5d13  26.21MB/29.18MB 
 2a3aee5cff18  8.389MB/107.3MB 
 22d97f6a5d13  26.21MB/29.18MB 
 22d97f6a5d13  26.21MB/29.18MB 
 2a3aee5cff18  8.389MB/107.3MB 
 2a3aee5cff18  8.389MB/107.3MB 
 22d97f6a5d13  26.21MB/29.18MB 
 2a3aee5cff18  8.389MB/107.3MB 
 22d97f6a5d13  26.21MB/29.18MB 
 22d97f6a5d13  26.21MB/29.18MB 
 2a3aee5cff18  8.389MB/107.3MB 
 22d97f6a5d13  26.21MB/29.18MB 
 2a3aee5cff18  8.389MB/107.3MB 
 2a3aee5cff18  8.389MB/107.3MB 
 22d97f6a5d13  26.21MB/29.18MB 
 2a3aee5cff18  8.389MB/107.3MB 
 22d97f6a5d13  26.21MB/29.18MB 
 22d97f6a5d13  26.21MB/29.18MB 
 2a3aee5cff18  8.389MB/107.3MB 
 22d97f6a5d13  26.21MB/29.18MB 
 2a3aee5cff18  8.389MB/107.3MB 
 22d97f6a5d13  26.21MB/29.18MB 
 2a3aee5cff18  8.389MB/107.3MB 
 22d97f6a5d13  26.21MB/29.18MB 
 2a3aee5cff18  8.389MB/107.3MB 
 2a3aee5cff18  8.389MB/107.3MB 
 22d97f6a5d13  26.21MB/29.18MB 
 22d97f6a5d13  26.21MB/29.18MB 
 2a3aee5cff18  8.389MB/107.3MB 
 22d97f6a5d13  26.21MB/29.18MB 
 2a3aee5cff18  8.389MB/107.3MB 
 22d97f6a5d13  26.21MB/29.18MB 
 2a3aee5cff18  8.389MB/107.3MB 
 22d97f6a5d13  26.21MB/29.18MB 
 2a3aee5cff18  8.389MB/107.3MB 
 22d97f6a5d13  26.21MB/29.18MB 
 2a3aee5cff18  8.389MB/107.3MB 
 22d97f6a5d13  26.21MB/29.18MB 
 2a3aee5cff18  8.389MB/107.3MB 
 22d97f6a5d13  26.21MB/29.18MB 
 2a3aee5cff18  8.389MB/107.3MB 
 22d97f6a5d13  26.21MB/29.18MB 
 2a3aee5cff18  8.389MB/107.3MB 
 22d97f6a5d13  26.21MB/29.18MB 
 2a3aee5cff18  8.389MB/107.3MB 
 2a3aee5cff18  8.389MB/107.3MB 
 22d97f6a5d13  26.21MB/29.18MB 
 22d97f6a5d13  26.21MB/29.18MB 
 2a3aee5cff18  8.389MB/107.3MB 
 22d97f6a5d13  26.21MB/29.18MB 
 2a3aee5cff18  8.389MB/107.3MB 
 22d97f6a5d13  26.21MB/29.18MB 
 2a3aee5cff18  8.389MB/107.3MB 
 22d97f6a5d13  26.21MB/29.18MB 
 2a3aee5cff18  8.389MB/107.3MB 
 2a3aee5cff18  8.389MB/107.3MB 
 22d97f6a5d13  26.21MB/29.18MB 
 2a3aee5cff18  8.389MB/107.3MB 
 22d97f6a5d13  26.21MB/29.18MB 
 22d97f6a5d13  26.21MB/29.18MB 
 2a3aee5cff18  8.389MB/107.3MB 
 22d97f6a5d13  26.21MB/29.18MB 
 2a3aee5cff18  8.389MB/107.3MB 
 2a3aee5cff18  8.389MB/107.3MB 
 22d97f6a5d13  26.21MB/29.18MB 
 2a3aee5cff18  8.389MB/107.3MB 
 22d97f6a5d13  26.21MB/29.18MB 
 2a3aee5cff18  8.389MB/107.3MB 
 22d97f6a5d13  26.21MB/29.18MB 
 22d97f6a5d13  26.21MB/29.18MB 
 2a3aee5cff18  8.389MB/107.3MB 
 22d97f6a5d13  26.21MB/29.18MB 
 2a3aee5cff18  8.389MB/107.3MB 
 22d97f6a5d13  26.21MB/29.18MB 
 2a3aee5cff18  8.389MB/107.3MB 
 22d97f6a5d13  26.21MB/29.18MB 
 2a3aee5cff18  8.389MB/107.3MB 
 22d97f6a5d13  26.21MB/29.18MB 
 2a3aee5cff18  8.389MB/107.3MB 
 2a3aee5cff18  8.389MB/107.3MB 
 22d97f6a5d13  26.21MB/29.18MB 
 22d97f6a5d13  26.21MB/29.18MB 
 2a3aee5cff18  8.389MB/107.3MB 
 22d97f6a5d13  26.21MB/29.18MB 
 2a3aee5cff18  8.389MB/107.3MB 
 22d97f6a5d13  26.21MB/29.18MB 
 2a3aee5cff18  8.389MB/107.3MB 
 2a3aee5cff18  8.389MB/107.3MB 
 22d97f6a5d13  26.21MB/29.18MB 
 22d97f6a5d13  26.21MB/29.18MB 
 2a3aee5cff18  8.389MB/107.3MB 
 22d97f6a5d13  26.21MB/29.18MB 
 2a3aee5cff18  8.389MB/107.3MB 
 22d97f6a5d13  26.21MB/29.18MB 
 2a3aee5cff18  8.389MB/107.3MB 
 2a3aee5cff18  8.389MB/107.3MB 
 22d97f6a5d13  26.21MB/29.18MB 
 22d97f6a5d13  27.26MB/29.18MB 
 2a3aee5cff18  8.389MB/107.3MB 
 2a3aee5cff18  8.389MB/107.3MB 
 22d97f6a5d13  27.26MB/29.18MB 
 22d97f6a5d13  27.26MB/29.18MB 
 2a3aee5cff18  8.389MB/107.3MB 
 22d97f6a5d13  27.26MB/29.18MB 
 2a3aee5cff18  8.389MB/107.3MB 
 2a3aee5cff18  8.389MB/107.3MB 
 22d97f6a5d13  27.26MB/29.18MB 
 22d97f6a5d13  27.26MB/29.18MB 
 2a3aee5cff18  8.389MB/107.3MB 
 22d97f6a5d13  27.26MB/29.18MB 
 2a3aee5cff18  8.389MB/107.3MB 
 22d97f6a5d13  27.26MB/29.18MB 
 2a3aee5cff18  8.389MB/107.3MB 
 22d97f6a5d13  27.26MB/29.18MB 
 2a3aee5cff18  8.389MB/107.3MB 
 2a3aee5cff18  8.389MB/107.3MB 
 22d97f6a5d13  27.26MB/29.18MB 
 22d97f6a5d13  27.26MB/29.18MB 
 2a3aee5cff18  8.389MB/107.3MB 
 22d97f6a5d13  27.26MB/29.18MB 
 2a3aee5cff18  8.389MB/107.3MB 
 22d97f6a5d13  27.26MB/29.18MB 
 2a3aee5cff18  8.389MB/107.3MB 
 22d97f6a5d13  27.26MB/29.18MB 
 2a3aee5cff18  8.389MB/107.3MB 
 2a3aee5cff18  8.389MB/107.3MB 
 22d97f6a5d13  27.26MB/29.18MB 
 22d97f6a5d13  27.26MB/29.18MB 
 2a3aee5cff18  8.389MB/107.3MB 
 22d97f6a5d13  27.26MB/29.18MB 
 2a3aee5cff18  8.389MB/107.3MB 
 22d97f6a5d13  27.26MB/29.18MB 
 2a3aee5cff18  8.389MB/107.3MB 
 22d97f6a5d13  27.26MB/29.18MB 
 2a3aee5cff18  8.389MB/107.3MB 
 22d97f6a5d13  27.26MB/29.18MB 
 2a3aee5cff18  8.389MB/107.3MB 
 2a3aee5cff18  8.389MB/107.3MB 
 22d97f6a5d13  27.26MB/29.18MB 
 22d97f6a5d13  27.26MB/29.18MB 
 2a3aee5cff18  8.389MB/107.3MB 
 22d97f6a5d13  27.26MB/29.18MB 
 2a3aee5cff18  8.389MB/107.3MB 
 22d97f6a5d13  27.26MB/29.18MB 
 2a3aee5cff18  8.389MB/107.3MB 
 22d97f6a5d13  27.26MB/29.18MB 
 2a3aee5cff18  8.389MB/107.3MB 
 2a3aee5cff18  9.437MB/107.3MB 
 22d97f6a5d13  27.26MB/29.18MB 
 22d97f6a5d13  27.26MB/29.18MB 
 2a3aee5cff18  9.437MB/107.3MB 
 2a3aee5cff18  9.437MB/107.3MB 
 22d97f6a5d13  27.26MB/29.18MB 
 2a3aee5cff18  9.437MB/107.3MB 
 22d97f6a5d13  27.26MB/29.18MB 
 2a3aee5cff18  9.437MB/107.3MB 
 22d97f6a5d13  27.26MB/29.18MB 
 22d97f6a5d13  27.26MB/29.18MB 
 2a3aee5cff18  9.437MB/107.3MB 
 22d97f6a5d13  27.26MB/29.18MB 
 2a3aee5cff18  9.437MB/107.3MB 
 22d97f6a5d13  27.26MB/29.18MB 
 2a3aee5cff18  9.437MB/107.3MB 
 2a3aee5cff18  9.437MB/107.3MB 
 22d97f6a5d13  27.26MB/29.18MB 
 2a3aee5cff18  9.437MB/107.3MB 
 22d97f6a5d13  27.26MB/29.18MB 
 22d97f6a5d13  27.26MB/29.18MB 
 2a3aee5cff18  9.437MB/107.3MB 
 2a3aee5cff18  9.437MB/107.3MB 
 22d97f6a5d13  27.26MB/29.18MB 
 22d97f6a5d13  27.26MB/29.18MB 
 2a3aee5cff18  9.437MB/107.3MB 
 22d97f6a5d13  27.26MB/29.18MB 
 2a3aee5cff18  9.437MB/107.3MB 
 2a3aee5cff18  9.437MB/107.3MB 
 22d97f6a5d13  27.26MB/29.18MB 
 22d97f6a5d13  27.26MB/29.18MB 
 2a3aee5cff18  9.437MB/107.3MB 
 2a3aee5cff18  9.437MB/107.3MB 
 22d97f6a5d13  27.26MB/29.18MB 
 22d97f6a5d13  27.26MB/29.18MB 
 2a3aee5cff18  9.437MB/107.3MB 
 2a3aee5cff18  9.437MB/107.3MB 
 22d97f6a5d13  27.26MB/29.18MB 
 2a3aee5cff18  9.437MB/107.3MB 
 22d97f6a5d13  27.26MB/29.18MB 
 2a3aee5cff18  9.437MB/107.3MB 
 22d97f6a5d13  28.31MB/29.18MB 
 22d97f6a5d13  28.31MB/29.18MB 
 2a3aee5cff18  9.437MB/107.3MB 
 22d97f6a5d13  28.31MB/29.18MB 
 2a3aee5cff18  9.437MB/107.3MB 
 22d97f6a5d13  28.31MB/29.18MB 
 2a3aee5cff18  9.437MB/107.3MB 
 2a3aee5cff18  9.437MB/107.3MB 
 22d97f6a5d13  28.31MB/29.18MB 
 2a3aee5cff18  9.437MB/107.3MB 
 22d97f6a5d13  28.31MB/29.18MB 
 22d97f6a5d13  28.31MB/29.18MB 
 2a3aee5cff18  9.437MB/107.3MB 
 22d97f6a5d13  28.31MB/29.18MB 
 2a3aee5cff18  9.437MB/107.3MB 
 22d97f6a5d13  28.31MB/29.18MB 
 2a3aee5cff18  9.437MB/107.3MB 
 2a3aee5cff18  9.437MB/107.3MB 
 22d97f6a5d13  28.31MB/29.18MB 
 22d97f6a5d13  28.31MB/29.18MB 
 2a3aee5cff18  9.437MB/107.3MB 
 22d97f6a5d13  28.31MB/29.18MB 
 2a3aee5cff18  9.437MB/107.3MB 
 22d97f6a5d13  28.31MB/29.18MB 
 2a3aee5cff18  9.437MB/107.3MB 
 22d97f6a5d13  28.31MB/29.18MB 
 2a3aee5cff18  9.437MB/107.3MB 
 2a3aee5cff18  9.437MB/107.3MB 
 22d97f6a5d13  28.31MB/29.18MB 
 22d97f6a5d13  28.31MB/29.18MB 
 2a3aee5cff18  9.437MB/107.3MB 
 2a3aee5cff18  9.437MB/107.3MB 
 22d97f6a5d13  28.31MB/29.18MB 
 22d97f6a5d13  28.31MB/29.18MB 
 2a3aee5cff18  9.437MB/107.3MB 
 22d97f6a5d13  28.31MB/29.18MB 
 2a3aee5cff18  9.437MB/107.3MB 
 2a3aee5cff18  9.437MB/107.3MB 
 22d97f6a5d13  28.31MB/29.18MB 
 2a3aee5cff18  9.437MB/107.3MB 
 22d97f6a5d13  28.31MB/29.18MB 
 22d97f6a5d13  28.31MB/29.18MB 
 2a3aee5cff18  9.437MB/107.3MB 
 22d97f6a5d13  28.31MB/29.18MB 
 2a3aee5cff18  9.437MB/107.3MB 
 22d97f6a5d13  28.31MB/29.18MB 
 2a3aee5cff18  9.437MB/107.3MB 
 22d97f6a5d13  28.31MB/29.18MB 
 2a3aee5cff18  9.437MB/107.3MB 
 22d97f6a5d13  28.31MB/29.18MB 
 2a3aee5cff18  9.437MB/107.3MB 
 22d97f6a5d13  28.31MB/29.18MB 
 2a3aee5cff18  9.437MB/107.3MB 
 22d97f6a5d13  28.31MB/29.18MB 
 2a3aee5cff18  9.437MB/107.3MB 
 22d97f6a5d13  28.31MB/29.18MB 
 2a3aee5cff18  9.437MB/107.3MB 
 2a3aee5cff18  9.437MB/107.3MB 
 22d97f6a5d13  28.31MB/29.18MB 
 22d97f6a5d13  29.18MB/29.18MB 
 2a3aee5cff18  9.437MB/107.3MB 
 22d97f6a5d13  29.18MB/29.18MB 
 2a3aee5cff18  9.437MB/107.3MB 
 22d97f6a5d13  
 2a3aee5cff18  9.437MB/107.3MB 
 22d97f6a5d13 1 s 
 22d97f6a5d13  
 2a3aee5cff18  9.437MB/107.3MB 
 22d97f6a5d13 1 s 
 2a3aee5cff18  9.437MB/107.3MB 
 22d97f6a5d13  
 22d97f6a5d13 1 s 
 22d97f6a5d13  
 2a3aee5cff18  9.437MB/107.3MB 
 22d97f6a5d13  
 2a3aee5cff18  9.437MB/107.3MB 
 22d97f6a5d13 1 s 
 2a3aee5cff18  9.437MB/107.3MB 
 22d97f6a5d13 1 s 
 22d97f6a5d13 1 s 
 2a3aee5cff18  9.437MB/107.3MB 
 22d97f6a5d13 1 s 
 2a3aee5cff18  9.437MB/107.3MB 
 22d97f6a5d13 1 s 
 2a3aee5cff18  9.437MB/107.3MB 
 2a3aee5cff18  9.437MB/107.3MB 
 2a3aee5cff18  9.437MB/107.3MB 
 22d97f6a5d13 1 s 
 22d97f6a5d13 1 s 
 22d97f6a5d13 1 s 
 2a3aee5cff18  10.49MB/107.3MB 
 22d97f6a5d13 1 s 
 2a3aee5cff18  10.49MB/107.3MB 
 22d97f6a5d13 1 s 
 2a3aee5cff18  10.49MB/107.3MB 
 2a3aee5cff18  10.49MB/107.3MB 
 2a3aee5cff18  10.49MB/107.3MB 
 22d97f6a5d13 1 s 
 22d97f6a5d13 1 s 
 22d97f6a5d13 1 s 
 2a3aee5cff18  10.49MB/107.3MB 
 22d97f6a5d13 1 s 
 2a3aee5cff18  10.49MB/107.3MB 
 22d97f6a5d13 1 s 
 2a3aee5cff18  10.49MB/107.3MB 
 2a3aee5cff18  10.49MB/107.3MB 
 57095a025f36  
 57095a025f36  
 545ff1a262fc 1 s 
 2a3aee5cff18  10.49MB/107.3MB 
 545ff1a262fc 1 s 
 22d97f6a5d13  
 22d97f6a5d13  
 57095a025f36  
 cccf13a4d744 1 s 
 545ff1a262fc  
 22d97f6a5d13  
 2a3aee5cff18  10.49MB/107.3MB 
 57095a025f36  
 cccf13a4d744 1 s 
 545ff1a262fc  
 22d97f6a5d13  
 2a3aee5cff18  10.49MB/107.3MB 
 57095a025f36  
 cccf13a4d744  
 545ff1a262fc  
 0533baad3023 1 s 
 22d97f6a5d13  
 2a3aee5cff18  10.49MB/107.3MB 
 2a3aee5cff18  10.49MB/107.3MB 
 2a3aee5cff18  10.49MB/107.3MB 
 cccf13a4d744  
 cccf13a4d744  
 545ff1a262fc  
 545ff1a262fc  
 0533baad3023 1 s 
 0533baad3023 1 s 
 cccf13a4d744  
 0533baad3023 1 s 
 2a3aee5cff18  10.49MB/107.3MB 
 cccf13a4d744  
 0533baad3023 1 s 
 2a3aee5cff18  10.49MB/107.3MB 
 0533baad3023  
 2a3aee5cff18  10.49MB/107.3MB 
 2a3aee5cff18  10.49MB/107.3MB 
 a41943a7475b  
 a41943a7475b  
 8545ad4dd4d4  
 8545ad4dd4d4  
 760b0afee078  
 2a3aee5cff18  10.49MB/107.3MB 
 0533baad3023  
 a41943a7475b  
 760b0afee078  
 8545ad4dd4d4  
 0533baad3023  
 760b0afee078  
 0533baad3023  
 2a3aee5cff18  10.49MB/107.3MB 
 a41943a7475b  
 8545ad4dd4d4  
 760b0afee078  
 0533baad3023  
 2a3aee5cff18  10.49MB/107.3MB 
 8545ad4dd4d4  
 a41943a7475b  
 760b0afee078  
 2a3aee5cff18  10.49MB/107.3MB 
 2a3aee5cff18  10.49MB/107.3MB 
 2a3aee5cff18  10.49MB/107.3MB 
 2a3aee5cff18  10.49MB/107.3MB 
 2a3aee5cff18  10.49MB/107.3MB 
 2a3aee5cff18  10.49MB/107.3MB 
 2a3aee5cff18  10.49MB/107.3MB 
 2a3aee5cff18  10.49MB/107.3MB 
 2a3aee5cff18  10.49MB/107.3MB 
 2a3aee5cff18  10.49MB/107.3MB 
 2a3aee5cff18  10.49MB/107.3MB 
 2a3aee5cff18  10.49MB/107.3MB 
 2a3aee5cff18  10.49MB/107.3MB 
 2a3aee5cff18  10.49MB/107.3MB 
 2a3aee5cff18  10.49MB/107.3MB 
 2a3aee5cff18  10.49MB/107.3MB 
 2a3aee5cff18  10.49MB/107.3MB 
 2a3aee5cff18  10.49MB/107.3MB 
 2a3aee5cff18  10.49MB/107.3MB 
 2a3aee5cff18  10.49MB/107.3MB 
 2a3aee5cff18  11.53MB/107.3MB 
 2a3aee5cff18  11.53MB/107.3MB 
 2a3aee5cff18  11.53MB/107.3MB 
 2a3aee5cff18  11.53MB/107.3MB 
 2a3aee5cff18  11.53MB/107.3MB 
 2a3aee5cff18  11.53MB/107.3MB 
 2a3aee5cff18  11.53MB/107.3MB 
 2a3aee5cff18  11.53MB/107.3MB 
 2a3aee5cff18  11.53MB/107.3MB 
 2a3aee5cff18  11.53MB/107.3MB 
 2a3aee5cff18  11.53MB/107.3MB 
 2a3aee5cff18  11.53MB/107.3MB 
 2a3aee5cff18  11.53MB/107.3MB 
 2a3aee5cff18  11.53MB/107.3MB 
 2a3aee5cff18  11.53MB/107.3MB 
 2a3aee5cff18  11.53MB/107.3MB 
 2a3aee5cff18  11.53MB/107.3MB 
 2a3aee5cff18  11.53MB/107.3MB 
 2a3aee5cff18  11.53MB/107.3MB 
 2a3aee5cff18  11.53MB/107.3MB 
 2a3aee5cff18  11.53MB/107.3MB 
 2a3aee5cff18  11.53MB/107.3MB 
 2a3aee5cff18  11.53MB/107.3MB 
 2a3aee5cff18  11.53MB/107.3MB 
 2a3aee5cff18  11.53MB/107.3MB 
 2a3aee5cff18  11.53MB/107.3MB 
 2a3aee5cff18  11.53MB/107.3MB 
 2a3aee5cff18  11.53MB/107.3MB 
 2a3aee5cff18  11.53MB/107.3MB 
 2a3aee5cff18  11.53MB/107.3MB 
 2a3aee5cff18  11.53MB/107.3MB 
 2a3aee5cff18  11.53MB/107.3MB 
 2a3aee5cff18  11.53MB/107.3MB 
 2a3aee5cff18  11.53MB/107.3MB 
 2a3aee5cff18  11.53MB/107.3MB 
 2a3aee5cff18  12.58MB/107.3MB 
 2a3aee5cff18  12.58MB/107.3MB 
 2a3aee5cff18  12.58MB/107.3MB 
 2a3aee5cff18  12.58MB/107.3MB 
 2a3aee5cff18  12.58MB/107.3MB 
 2a3aee5cff18  12.58MB/107.3MB 
 2a3aee5cff18  12.58MB/107.3MB 
 2a3aee5cff18  12.58MB/107.3MB 
 2a3aee5cff18  12.58MB/107.3MB 
 2a3aee5cff18  12.58MB/107.3MB 
 2a3aee5cff18  12.58MB/107.3MB 
 2a3aee5cff18  12.58MB/107.3MB 
 2a3aee5cff18  12.58MB/107.3MB 
 2a3aee5cff18  12.58MB/107.3MB 
 2a3aee5cff18  12.58MB/107.3MB 
 2a3aee5cff18  12.58MB/107.3MB 
 2a3aee5cff18  12.58MB/107.3MB 
 2a3aee5cff18  12.58MB/107.3MB 
 2a3aee5cff18  12.58MB/107.3MB 
 2a3aee5cff18  12.58MB/107.3MB 
 2a3aee5cff18  12.58MB/107.3MB 
 2a3aee5cff18  12.58MB/107.3MB 
 2a3aee5cff18  12.58MB/107.3MB 
 2a3aee5cff18  12.58MB/107.3MB 
 2a3aee5cff18  12.58MB/107.3MB 
 2a3aee5cff18  12.58MB/107.3MB 
 2a3aee5cff18  12.58MB/107.3MB 
 2a3aee5cff18  12.58MB/107.3MB 
 2a3aee5cff18  12.58MB/107.3MB 
 2a3aee5cff18  12.58MB/107.3MB 
 2a3aee5cff18  12.58MB/107.3MB 
 2a3aee5cff18  12.58MB/107.3MB 
 2a3aee5cff18  12.58MB/107.3MB 
 2a3aee5cff18  12.58MB/107.3MB 
 2a3aee5cff18  12.58MB/107.3MB 
 2a3aee5cff18  13.63MB/107.3MB 
 2a3aee5cff18  13.63MB/107.3MB 
 2a3aee5cff18  13.63MB/107.3MB 
 2a3aee5cff18  13.63MB/107.3MB 
 2a3aee5cff18  13.63MB/107.3MB 
 2a3aee5cff18  13.63MB/107.3MB 
 2a3aee5cff18  13.63MB/107.3MB 
 2a3aee5cff18  13.63MB/107.3MB 
 2a3aee5cff18  13.63MB/107.3MB 
 2a3aee5cff18  13.63MB/107.3MB 
 2a3aee5cff18  13.63MB/107.3MB 
 2a3aee5cff18  13.63MB/107.3MB 
 2a3aee5cff18  13.63MB/107.3MB 
 2a3aee5cff18  13.63MB/107.3MB 
 2a3aee5cff18  13.63MB/107.3MB 
 2a3aee5cff18  13.63MB/107.3MB 
 2a3aee5cff18  13.63MB/107.3MB 
 2a3aee5cff18  13.63MB/107.3MB 
 2a3aee5cff18  13.63MB/107.3MB 
 2a3aee5cff18  13.63MB/107.3MB 
 2a3aee5cff18  13.63MB/107.3MB 
 2a3aee5cff18  13.63MB/107.3MB 
 2a3aee5cff18  13.63MB/107.3MB 
 2a3aee5cff18  13.63MB/107.3MB 
 2a3aee5cff18  13.63MB/107.3MB 
 2a3aee5cff18  13.63MB/107.3MB 
 2a3aee5cff18  13.63MB/107.3MB 
 2a3aee5cff18  13.63MB/107.3MB 
 2a3aee5cff18  13.63MB/107.3MB 
 2a3aee5cff18  13.63MB/107.3MB 
 2a3aee5cff18  14.68MB/107.3MB 
 2a3aee5cff18  14.68MB/107.3MB 
 2a3aee5cff18  14.68MB/107.3MB 
 2a3aee5cff18  14.68MB/107.3MB 
 2a3aee5cff18  14.68MB/107.3MB 
 2a3aee5cff18  14.68MB/107.3MB 
 2a3aee5cff18  14.68MB/107.3MB 
 2a3aee5cff18  14.68MB/107.3MB 
 2a3aee5cff18  14.68MB/107.3MB 
 2a3aee5cff18  14.68MB/107.3MB 
 2a3aee5cff18  14.68MB/107.3MB 
 2a3aee5cff18  14.68MB/107.3MB 
 2a3aee5cff18  14.68MB/107.3MB 
 2a3aee5cff18  14.68MB/107.3MB 
 2a3aee5cff18  14.68MB/107.3MB 
 2a3aee5cff18  14.68MB/107.3MB 
 2a3aee5cff18  14.68MB/107.3MB 
 2a3aee5cff18  14.68MB/107.3MB 
 2a3aee5cff18  14.68MB/107.3MB 
 2a3aee5cff18  14.68MB/107.3MB 
 2a3aee5cff18  14.68MB/107.3MB 
 2a3aee5cff18  14.68MB/107.3MB 
 2a3aee5cff18  14.68MB/107.3MB 
 2a3aee5cff18  14.68MB/107.3MB 
 2a3aee5cff18  14.68MB/107.3MB 
 2a3aee5cff18  14.68MB/107.3MB 
 2a3aee5cff18  14.68MB/107.3MB 
 2a3aee5cff18  14.68MB/107.3MB 
 2a3aee5cff18  14.68MB/107.3MB 
 2a3aee5cff18  14.68MB/107.3MB 
 2a3aee5cff18  14.68MB/107.3MB 
 2a3aee5cff18  14.68MB/107.3MB 
 2a3aee5cff18  14.68MB/107.3MB 
 2a3aee5cff18  14.68MB/107.3MB 
 2a3aee5cff18  14.68MB/107.3MB 
 2a3aee5cff18  14.68MB/107.3MB 
 2a3aee5cff18  14.68MB/107.3MB 
 2a3aee5cff18  14.68MB/107.3MB 
 2a3aee5cff18  14.68MB/107.3MB 
 2a3aee5cff18  14.68MB/107.3MB 
 2a3aee5cff18  15.73MB/107.3MB 
 2a3aee5cff18  15.73MB/107.3MB 
 2a3aee5cff18  15.73MB/107.3MB 
 2a3aee5cff18  15.73MB/107.3MB 
 2a3aee5cff18  15.73MB/107.3MB 
 2a3aee5cff18  15.73MB/107.3MB 
 2a3aee5cff18  15.73MB/107.3MB 
 2a3aee5cff18  15.73MB/107.3MB 
 2a3aee5cff18  15.73MB/107.3MB 
 2a3aee5cff18  15.73MB/107.3MB 
 2a3aee5cff18  15.73MB/107.3MB 
 2a3aee5cff18  15.73MB/107.3MB 
 2a3aee5cff18  15.73MB/107.3MB 
 2a3aee5cff18  15.73MB/107.3MB 
 2a3aee5cff18  15.73MB/107.3MB 
 2a3aee5cff18  15.73MB/107.3MB 
 2a3aee5cff18  15.73MB/107.3MB 
 2a3aee5cff18  15.73MB/107.3MB 
 2a3aee5cff18  15.73MB/107.3MB 
 2a3aee5cff18  15.73MB/107.3MB 
 2a3aee5cff18  15.73MB/107.3MB 
 2a3aee5cff18  15.73MB/107.3MB 
 2a3aee5cff18  15.73MB/107.3MB 
 2a3aee5cff18  15.73MB/107.3MB 
 2a3aee5cff18  15.73MB/107.3MB 
 2a3aee5cff18  15.73MB/107.3MB 
 2a3aee5cff18  15.73MB/107.3MB 
 2a3aee5cff18  15.73MB/107.3MB 
 2a3aee5cff18  15.73MB/107.3MB 
 2a3aee5cff18  16.78MB/107.3MB 
 2a3aee5cff18  16.78MB/107.3MB 
 2a3aee5cff18  16.78MB/107.3MB 
 2a3aee5cff18  16.78MB/107.3MB 
 2a3aee5cff18  16.78MB/107.3MB 
 2a3aee5cff18  16.78MB/107.3MB 
 2a3aee5cff18  16.78MB/107.3MB 
 2a3aee5cff18  16.78MB/107.3MB 
 2a3aee5cff18  16.78MB/107.3MB 
 2a3aee5cff18  16.78MB/107.3MB 
 2a3aee5cff18  16.78MB/107.3MB 
 2a3aee5cff18  16.78MB/107.3MB 
 2a3aee5cff18  16.78MB/107.3MB 
 2a3aee5cff18  16.78MB/107.3MB 
 2a3aee5cff18  16.78MB/107.3MB 
 2a3aee5cff18  16.78MB/107.3MB 
 2a3aee5cff18  16.78MB/107.3MB 
 2a3aee5cff18  16.78MB/107.3MB 
 2a3aee5cff18  16.78MB/107.3MB 
 2a3aee5cff18  16.78MB/107.3MB 
 2a3aee5cff18  16.78MB/107.3MB 
 2a3aee5cff18  16.78MB/107.3MB 
 2a3aee5cff18  16.78MB/107.3MB 
 2a3aee5cff18  16.78MB/107.3MB 
 2a3aee5cff18  16.78MB/107.3MB 
 2a3aee5cff18  16.78MB/107.3MB 
 2a3aee5cff18  17.83MB/107.3MB 
 2a3aee5cff18  17.83MB/107.3MB 
 2a3aee5cff18  17.83MB/107.3MB 
 2a3aee5cff18  17.83MB/107.3MB 
 2a3aee5cff18  17.83MB/107.3MB 
 2a3aee5cff18  17.83MB/107.3MB 
 2a3aee5cff18  17.83MB/107.3MB 
 2a3aee5cff18  17.83MB/107.3MB 
 2a3aee5cff18  17.83MB/107.3MB 
 2a3aee5cff18  17.83MB/107.3MB 
 2a3aee5cff18  17.83MB/107.3MB 
 2a3aee5cff18  17.83MB/107.3MB 
 2a3aee5cff18  17.83MB/107.3MB 
 2a3aee5cff18  17.83MB/107.3MB 
 2a3aee5cff18  17.83MB/107.3MB 
 2a3aee5cff18  17.83MB/107.3MB 
 2a3aee5cff18  17.83MB/107.3MB 
 2a3aee5cff18  17.83MB/107.3MB 
 2a3aee5cff18  17.83MB/107.3MB 
 2a3aee5cff18  17.83MB/107.3MB 
 2a3aee5cff18  17.83MB/107.3MB 
 2a3aee5cff18  17.83MB/107.3MB 
 2a3aee5cff18  17.83MB/107.3MB 
 2a3aee5cff18  17.83MB/107.3MB 
 2a3aee5cff18  17.83MB/107.3MB 
 2a3aee5cff18  18.87MB/107.3MB 
 2a3aee5cff18  18.87MB/107.3MB 
 2a3aee5cff18  18.87MB/107.3MB 
 2a3aee5cff18  18.87MB/107.3MB 
 2a3aee5cff18  18.87MB/107.3MB 
 2a3aee5cff18  18.87MB/107.3MB 
 2a3aee5cff18  18.87MB/107.3MB 
 2a3aee5cff18  18.87MB/107.3MB 
 2a3aee5cff18  18.87MB/107.3MB 
 2a3aee5cff18  18.87MB/107.3MB 
 2a3aee5cff18  18.87MB/107.3MB 
 2a3aee5cff18  18.87MB/107.3MB 
 2a3aee5cff18  18.87MB/107.3MB 
 2a3aee5cff18  18.87MB/107.3MB 
 2a3aee5cff18  18.87MB/107.3MB 
 2a3aee5cff18  18.87MB/107.3MB 
 2a3aee5cff18  18.87MB/107.3MB 
 2a3aee5cff18  18.87MB/107.3MB 
 2a3aee5cff18  18.87MB/107.3MB 
 2a3aee5cff18  18.87MB/107.3MB 
 2a3aee5cff18  18.87MB/107.3MB 
 2a3aee5cff18  18.87MB/107.3MB 
 2a3aee5cff18  18.87MB/107.3MB 
 2a3aee5cff18  18.87MB/107.3MB 
 2a3aee5cff18  18.87MB/107.3MB 
 2a3aee5cff18  18.87MB/107.3MB 
 2a3aee5cff18  18.87MB/107.3MB 
 2a3aee5cff18  18.87MB/107.3MB 
 2a3aee5cff18  18.87MB/107.3MB 
 2a3aee5cff18  18.87MB/107.3MB 
 2a3aee5cff18  18.87MB/107.3MB 
 2a3aee5cff18  18.87MB/107.3MB 
 2a3aee5cff18  18.87MB/107.3MB 
 2a3aee5cff18  18.87MB/107.3MB 
 2a3aee5cff18  18.87MB/107.3MB 
 2a3aee5cff18  18.87MB/107.3MB 
 2a3aee5cff18  18.87MB/107.3MB 
 2a3aee5cff18  18.87MB/107.3MB 
 2a3aee5cff18  18.87MB/107.3MB 
 2a3aee5cff18  18.87MB/107.3MB 
 2a3aee5cff18  19.92MB/107.3MB 
 2a3aee5cff18  19.92MB/107.3MB 
 2a3aee5cff18  19.92MB/107.3MB 
 2a3aee5cff18  19.92MB/107.3MB 
 2a3aee5cff18  19.92MB/107.3MB 
 2a3aee5cff18  19.92MB/107.3MB 
 2a3aee5cff18  19.92MB/107.3MB 
 2a3aee5cff18  19.92MB/107.3MB 
 2a3aee5cff18  19.92MB/107.3MB 
 2a3aee5cff18  19.92MB/107.3MB 
 2a3aee5cff18  19.92MB/107.3MB 
 2a3aee5cff18  19.92MB/107.3MB 
 2a3aee5cff18  19.92MB/107.3MB 
 2a3aee5cff18  19.92MB/107.3MB 
 2a3aee5cff18  19.92MB/107.3MB 
 2a3aee5cff18  19.92MB/107.3MB 
 2a3aee5cff18  19.92MB/107.3MB 
 2a3aee5cff18  19.92MB/107.3MB 
 2a3aee5cff18  19.92MB/107.3MB 
 2a3aee5cff18  19.92MB/107.3MB 
 2a3aee5cff18  19.92MB/107.3MB 
 2a3aee5cff18  19.92MB/107.3MB 
 2a3aee5cff18  19.92MB/107.3MB 
 2a3aee5cff18  19.92MB/107.3MB 
 2a3aee5cff18  19.92MB/107.3MB 
 2a3aee5cff18  19.92MB/107.3MB 
 2a3aee5cff18  19.92MB/107.3MB 
 2a3aee5cff18  19.92MB/107.3MB 
 2a3aee5cff18  19.92MB/107.3MB 
 2a3aee5cff18  19.92MB/107.3MB 
 2a3aee5cff18  20.97MB/107.3MB 
 2a3aee5cff18  20.97MB/107.3MB 
 2a3aee5cff18  20.97MB/107.3MB 
 2a3aee5cff18  20.97MB/107.3MB 
 2a3aee5cff18  20.97MB/107.3MB 
 2a3aee5cff18  20.97MB/107.3MB 
 2a3aee5cff18  20.97MB/107.3MB 
 2a3aee5cff18  20.97MB/107.3MB 
 2a3aee5cff18  20.97MB/107.3MB 
 2a3aee5cff18  20.97MB/107.3MB 
 2a3aee5cff18  20.97MB/107.3MB 
 2a3aee5cff18  20.97MB/107.3MB 
 2a3aee5cff18  20.97MB/107.3MB 
 2a3aee5cff18  20.97MB/107.3MB 
 2a3aee5cff18  20.97MB/107.3MB 
 2a3aee5cff18  20.97MB/107.3MB 
 2a3aee5cff18  20.97MB/107.3MB 
 2a3aee5cff18  20.97MB/107.3MB 
 2a3aee5cff18  20.97MB/107.3MB 
 2a3aee5cff18  20.97MB/107.3MB 
 2a3aee5cff18  20.97MB/107.3MB 
 2a3aee5cff18  20.97MB/107.3MB 
 2a3aee5cff18  20.97MB/107.3MB 
 2a3aee5cff18  20.97MB/107.3MB 
 2a3aee5cff18  20.97MB/107.3MB 
 2a3aee5cff18  20.97MB/107.3MB 
 2a3aee5cff18  20.97MB/107.3MB 
 2a3aee5cff18  20.97MB/107.3MB 
 2a3aee5cff18  20.97MB/107.3MB 
 2a3aee5cff18  20.97MB/107.3MB 
 2a3aee5cff18  20.97MB/107.3MB 
 2a3aee5cff18  20.97MB/107.3MB 
 2a3aee5cff18  20.97MB/107.3MB 
 2a3aee5cff18  20.97MB/107.3MB 
 2a3aee5cff18  20.97MB/107.3MB 
 2a3aee5cff18  20.97MB/107.3MB 
 2a3aee5cff18  20.97MB/107.3MB 
 2a3aee5cff18  20.97MB/107.3MB 
 2a3aee5cff18  20.97MB/107.3MB 
 2a3aee5cff18  20.97MB/107.3MB 
 2a3aee5cff18  20.97MB/107.3MB 
 2a3aee5cff18  20.97MB/107.3MB 
 2a3aee5cff18  20.97MB/107.3MB 
 2a3aee5cff18  20.97MB/107.3MB 
 2a3aee5cff18  20.97MB/107.3MB 
 2a3aee5cff18  20.97MB/107.3MB 
 2a3aee5cff18  20.97MB/107.3MB 
 2a3aee5cff18  20.97MB/107.3MB 
 2a3aee5cff18  22.02MB/107.3MB 
 2a3aee5cff18  22.02MB/107.3MB 
 2a3aee5cff18  22.02MB/107.3MB 
 2a3aee5cff18  22.02MB/107.3MB 
 2a3aee5cff18  22.02MB/107.3MB 
 2a3aee5cff18  22.02MB/107.3MB 
 2a3aee5cff18  22.02MB/107.3MB 
 2a3aee5cff18  22.02MB/107.3MB 
 2a3aee5cff18  22.02MB/107.3MB 
 2a3aee5cff18  22.02MB/107.3MB 
 2a3aee5cff18  22.02MB/107.3MB 
 2a3aee5cff18  22.02MB/107.3MB 
 2a3aee5cff18  22.02MB/107.3MB 
 2a3aee5cff18  22.02MB/107.3MB 
 2a3aee5cff18  22.02MB/107.3MB 
 2a3aee5cff18  22.02MB/107.3MB 
 2a3aee5cff18  22.02MB/107.3MB 
 2a3aee5cff18  22.02MB/107.3MB 
 2a3aee5cff18  22.02MB/107.3MB 
 2a3aee5cff18  22.02MB/107.3MB 
 2a3aee5cff18  22.02MB/107.3MB 
 2a3aee5cff18  22.02MB/107.3MB 
 2a3aee5cff18  22.02MB/107.3MB 
 2a3aee5cff18  22.02MB/107.3MB 
 2a3aee5cff18  22.02MB/107.3MB 
 2a3aee5cff18  22.02MB/107.3MB 
 2a3aee5cff18  22.02MB/107.3MB 
 2a3aee5cff18  22.02MB/107.3MB 
 2a3aee5cff18  22.02MB/107.3MB 
 2a3aee5cff18  22.02MB/107.3MB 
 2a3aee5cff18  22.02MB/107.3MB 
 2a3aee5cff18  22.02MB/107.3MB 
 2a3aee5cff18  22.02MB/107.3MB 
 2a3aee5cff18  22.02MB/107.3MB 
 2a3aee5cff18  22.02MB/107.3MB 
 2a3aee5cff18  22.86MB/107.3MB 
 2a3aee5cff18  23.07MB/107.3MB 
 2a3aee5cff18  23.07MB/107.3MB 
 2a3aee5cff18  23.07MB/107.3MB 
 2a3aee5cff18  23.07MB/107.3MB 
 2a3aee5cff18  23.07MB/107.3MB 
 2a3aee5cff18  23.07MB/107.3MB 
 2a3aee5cff18  23.07MB/107.3MB 
 2a3aee5cff18  23.07MB/107.3MB 
 2a3aee5cff18  23.07MB/107.3MB 
 2a3aee5cff18  23.07MB/107.3MB 
 2a3aee5cff18  23.07MB/107.3MB 
 2a3aee5cff18  23.07MB/107.3MB 
 2a3aee5cff18  23.07MB/107.3MB 
 2a3aee5cff18  23.07MB/107.3MB 
 2a3aee5cff18  23.07MB/107.3MB 
 2a3aee5cff18  23.07MB/107.3MB 
 2a3aee5cff18  23.07MB/107.3MB 
 2a3aee5cff18  23.07MB/107.3MB 
 2a3aee5cff18  23.07MB/107.3MB 
 2a3aee5cff18  23.07MB/107.3MB 
 2a3aee5cff18  23.07MB/107.3MB 
 2a3aee5cff18  23.07MB/107.3MB 
 2a3aee5cff18  23.07MB/107.3MB 
 2a3aee5cff18  23.07MB/107.3MB 
 2a3aee5cff18  23.07MB/107.3MB 
 2a3aee5cff18  23.07MB/107.3MB 
 2a3aee5cff18  23.07MB/107.3MB 
 2a3aee5cff18  23.07MB/107.3MB 
 2a3aee5cff18  23.07MB/107.3MB 
 2a3aee5cff18  23.07MB/107.3MB 
 2a3aee5cff18  23.07MB/107.3MB 
 2a3aee5cff18  23.07MB/107.3MB 
 2a3aee5cff18  23.07MB/107.3MB 
 2a3aee5cff18  23.07MB/107.3MB 
 2a3aee5cff18  23.07MB/107.3MB 
 2a3aee5cff18  23.07MB/107.3MB 
 2a3aee5cff18  23.07MB/107.3MB 
 2a3aee5cff18  23.07MB/107.3MB 
 2a3aee5cff18  23.07MB/107.3MB 
 2a3aee5cff18  23.07MB/107.3MB 
 2a3aee5cff18  23.07MB/107.3MB 
 2a3aee5cff18  24.12MB/107.3MB 
 2a3aee5cff18  24.12MB/107.3MB 
 2a3aee5cff18  24.12MB/107.3MB 
 2a3aee5cff18  24.12MB/107.3MB 
 2a3aee5cff18  24.12MB/107.3MB 
 2a3aee5cff18  24.12MB/107.3MB 
 2a3aee5cff18  24.12MB/107.3MB 
 2a3aee5cff18  24.12MB/107.3MB 
 2a3aee5cff18  24.12MB/107.3MB 
 2a3aee5cff18  24.12MB/107.3MB 
 2a3aee5cff18  24.12MB/107.3MB 
 2a3aee5cff18  24.12MB/107.3MB 
 2a3aee5cff18  24.12MB/107.3MB 
 2a3aee5cff18  24.12MB/107.3MB 
 2a3aee5cff18  24.12MB/107.3MB 
 2a3aee5cff18  24.12MB/107.3MB 
 2a3aee5cff18  24.12MB/107.3MB 
 2a3aee5cff18  24.12MB/107.3MB 
 2a3aee5cff18  24.12MB/107.3MB 
 2a3aee5cff18  24.12MB/107.3MB 
 2a3aee5cff18  24.12MB/107.3MB 
 2a3aee5cff18  24.12MB/107.3MB 
 2a3aee5cff18  24.12MB/107.3MB 
 2a3aee5cff18  24.12MB/107.3MB 
 2a3aee5cff18  24.12MB/107.3MB 
 2a3aee5cff18  24.12MB/107.3MB 
 2a3aee5cff18  24.12MB/107.3MB 
 2a3aee5cff18  24.12MB/107.3MB 
 2a3aee5cff18  24.12MB/107.3MB 
 2a3aee5cff18  24.12MB/107.3MB 
 2a3aee5cff18  25.17MB/107.3MB 
 2a3aee5cff18  25.17MB/107.3MB 
 2a3aee5cff18  25.17MB/107.3MB 
 2a3aee5cff18  25.17MB/107.3MB 
 2a3aee5cff18  25.17MB/107.3MB 
 2a3aee5cff18  25.17MB/107.3MB 
 2a3aee5cff18  25.17MB/107.3MB 
 2a3aee5cff18  25.17MB/107.3MB 
 2a3aee5cff18  25.17MB/107.3MB 
 2a3aee5cff18  25.17MB/107.3MB 
 2a3aee5cff18  25.17MB/107.3MB 
 2a3aee5cff18  25.17MB/107.3MB 
 2a3aee5cff18  25.17MB/107.3MB 
 2a3aee5cff18  25.17MB/107.3MB 
 2a3aee5cff18  25.17MB/107.3MB 
 2a3aee5cff18  25.17MB/107.3MB 
 2a3aee5cff18  25.17MB/107.3MB 
 2a3aee5cff18  25.17MB/107.3MB 
 2a3aee5cff18  25.17MB/107.3MB 
 2a3aee5cff18  25.17MB/107.3MB 
 2a3aee5cff18  25.17MB/107.3MB 
 2a3aee5cff18  25.17MB/107.3MB 
 2a3aee5cff18  25.17MB/107.3MB 
 2a3aee5cff18  25.17MB/107.3MB 
 2a3aee5cff18  25.17MB/107.3MB 
 2a3aee5cff18  25.17MB/107.3MB 
 2a3aee5cff18  25.17MB/107.3MB 
 2a3aee5cff18  25.17MB/107.3MB 
 2a3aee5cff18  25.17MB/107.3MB 
 2a3aee5cff18  25.17MB/107.3MB 
 2a3aee5cff18  25.17MB/107.3MB 
 2a3aee5cff18  25.17MB/107.3MB 
 2a3aee5cff18  25.17MB/107.3MB 
 2a3aee5cff18  25.17MB/107.3MB 
 2a3aee5cff18  25.17MB/107.3MB 
 2a3aee5cff18  25.17MB/107.3MB 
 2a3aee5cff18  25.17MB/107.3MB 
 2a3aee5cff18  25.17MB/107.3MB 
 2a3aee5cff18  25.17MB/107.3MB 
 2a3aee5cff18  25.17MB/107.3MB 
 2a3aee5cff18  26.21MB/107.3MB 
 2a3aee5cff18  26.21MB/107.3MB 
 2a3aee5cff18  26.21MB/107.3MB 
 2a3aee5cff18  26.21MB/107.3MB 
 2a3aee5cff18  26.21MB/107.3MB 
 2a3aee5cff18  26.21MB/107.3MB 
 2a3aee5cff18  26.21MB/107.3MB 
 2a3aee5cff18  26.21MB/107.3MB 
 2a3aee5cff18  26.21MB/107.3MB 
 2a3aee5cff18  26.21MB/107.3MB 
 2a3aee5cff18  26.21MB/107.3MB 
 2a3aee5cff18  26.21MB/107.3MB 
 2a3aee5cff18  26.21MB/107.3MB 
 2a3aee5cff18  26.21MB/107.3MB 
 2a3aee5cff18  26.21MB/107.3MB 
 2a3aee5cff18  26.21MB/107.3MB 
 2a3aee5cff18  26.21MB/107.3MB 
 2a3aee5cff18  26.21MB/107.3MB 
 2a3aee5cff18  26.21MB/107.3MB 
 2a3aee5cff18  26.21MB/107.3MB 
 2a3aee5cff18  26.21MB/107.3MB 
 2a3aee5cff18  26.21MB/107.3MB 
 2a3aee5cff18  26.21MB/107.3MB 
 2a3aee5cff18  26.21MB/107.3MB 
 2a3aee5cff18  26.21MB/107.3MB 
 2a3aee5cff18  26.21MB/107.3MB 
 2a3aee5cff18  26.21MB/107.3MB 
 2a3aee5cff18  26.21MB/107.3MB 
 2a3aee5cff18  26.21MB/107.3MB 
 2a3aee5cff18  26.21MB/107.3MB 
 2a3aee5cff18  26.21MB/107.3MB 
 2a3aee5cff18  26.21MB/107.3MB 
 2a3aee5cff18  26.21MB/107.3MB 
 2a3aee5cff18  26.21MB/107.3MB 
 2a3aee5cff18  26.21MB/107.3MB 
 2a3aee5cff18  26.21MB/107.3MB 
 2a3aee5cff18  26.21MB/107.3MB 
 2a3aee5cff18  26.21MB/107.3MB 
 2a3aee5cff18  26.21MB/107.3MB 
 2a3aee5cff18  26.21MB/107.3MB 
 2a3aee5cff18  26.21MB/107.3MB 
 2a3aee5cff18  26.21MB/107.3MB 
 2a3aee5cff18  26.21MB/107.3MB 
 2a3aee5cff18  26.21MB/107.3MB 
 2a3aee5cff18  26.21MB/107.3MB 
 2a3aee5cff18  26.21MB/107.3MB 
 2a3aee5cff18  26.21MB/107.3MB 
 2a3aee5cff18  26.21MB/107.3MB 
 2a3aee5cff18  26.21MB/107.3MB 
 2a3aee5cff18  26.21MB/107.3MB 
 2a3aee5cff18  27.26MB/107.3MB 
 2a3aee5cff18  27.26MB/107.3MB 
 2a3aee5cff18  27.26MB/107.3MB 
 2a3aee5cff18  27.26MB/107.3MB 
 2a3aee5cff18  27.26MB/107.3MB 
 2a3aee5cff18  27.26MB/107.3MB 
 2a3aee5cff18  27.26MB/107.3MB 
 2a3aee5cff18  27.26MB/107.3MB 
 2a3aee5cff18  27.26MB/107.3MB 
 2a3aee5cff18  27.26MB/107.3MB 
 2a3aee5cff18  27.26MB/107.3MB 
 2a3aee5cff18  27.26MB/107.3MB 
 2a3aee5cff18  27.26MB/107.3MB 
 2a3aee5cff18  27.26MB/107.3MB 
 2a3aee5cff18  27.26MB/107.3MB 
 2a3aee5cff18  27.26MB/107.3MB 
 2a3aee5cff18  27.26MB/107.3MB 
 2a3aee5cff18  27.26MB/107.3MB 
 2a3aee5cff18  27.26MB/107.3MB 
 2a3aee5cff18  27.26MB/107.3MB 
 2a3aee5cff18  27.26MB/107.3MB 
 2a3aee5cff18  27.26MB/107.3MB 
 2a3aee5cff18  27.26MB/107.3MB 
 2a3aee5cff18  27.26MB/107.3MB 
 2a3aee5cff18  27.26MB/107.3MB 
 2a3aee5cff18  27.26MB/107.3MB 
 2a3aee5cff18  27.26MB/107.3MB 
 2a3aee5cff18  27.26MB/107.3MB 
 2a3aee5cff18  27.26MB/107.3MB 
 2a3aee5cff18  27.26MB/107.3MB 
 2a3aee5cff18  27.26MB/107.3MB 
 2a3aee5cff18  27.26MB/107.3MB 
 2a3aee5cff18  27.26MB/107.3MB 
 2a3aee5cff18  27.26MB/107.3MB 
 2a3aee5cff18  27.26MB/107.3MB 
 2a3aee5cff18  28.31MB/107.3MB 
 2a3aee5cff18  28.31MB/107.3MB 
 2a3aee5cff18  28.31MB/107.3MB 
 2a3aee5cff18  28.31MB/107.3MB 
 2a3aee5cff18  28.31MB/107.3MB 
 2a3aee5cff18  28.31MB/107.3MB 
 2a3aee5cff18  28.31MB/107.3MB 
 2a3aee5cff18  28.31MB/107.3MB 
 2a3aee5cff18  28.31MB/107.3MB 
 2a3aee5cff18  28.31MB/107.3MB 
 2a3aee5cff18  28.31MB/107.3MB 
 2a3aee5cff18  28.31MB/107.3MB 
 2a3aee5cff18  28.31MB/107.3MB 
 2a3aee5cff18  28.31MB/107.3MB 
 2a3aee5cff18  28.31MB/107.3MB 
 2a3aee5cff18  28.31MB/107.3MB 
 2a3aee5cff18  28.31MB/107.3MB 
 2a3aee5cff18  28.31MB/107.3MB 
 2a3aee5cff18  28.31MB/107.3MB 
 2a3aee5cff18  28.31MB/107.3MB 
 2a3aee5cff18  28.31MB/107.3MB 
 2a3aee5cff18  28.31MB/107.3MB 
 2a3aee5cff18  28.31MB/107.3MB 
 2a3aee5cff18  28.31MB/107.3MB 
 2a3aee5cff18  28.31MB/107.3MB 
 2a3aee5cff18  28.31MB/107.3MB 
 2a3aee5cff18  28.31MB/107.3MB 
 2a3aee5cff18  28.31MB/107.3MB 
 2a3aee5cff18  28.31MB/107.3MB 
 2a3aee5cff18  28.31MB/107.3MB 
 2a3aee5cff18  28.31MB/107.3MB 
 2a3aee5cff18  28.31MB/107.3MB 
 2a3aee5cff18  28.31MB/107.3MB 
 2a3aee5cff18  28.31MB/107.3MB 
 2a3aee5cff18  28.31MB/107.3MB 
 2a3aee5cff18  28.31MB/107.3MB 
 2a3aee5cff18  28.31MB/107.3MB 
 2a3aee5cff18  28.31MB/107.3MB 
 2a3aee5cff18  28.31MB/107.3MB 
 2a3aee5cff18  28.31MB/107.3MB 
 2a3aee5cff18  28.31MB/107.3MB 
 2a3aee5cff18  28.31MB/107.3MB 
 2a3aee5cff18  28.31MB/107.3MB 
 2a3aee5cff18  28.31MB/107.3MB 
 2a3aee5cff18  28.31MB/107.3MB 
 2a3aee5cff18  28.31MB/107.3MB 
 2a3aee5cff18  28.31MB/107.3MB 
 2a3aee5cff18  28.31MB/107.3MB 
 2a3aee5cff18  28.31MB/107.3MB 
 2a3aee5cff18  28.31MB/107.3MB 
 2a3aee5cff18  29.36MB/107.3MB 
 2a3aee5cff18  29.36MB/107.3MB 
 2a3aee5cff18  29.36MB/107.3MB 
 2a3aee5cff18  29.36MB/107.3MB 
 2a3aee5cff18  29.36MB/107.3MB 
 2a3aee5cff18  29.36MB/107.3MB 
 2a3aee5cff18  29.36MB/107.3MB 
 2a3aee5cff18  29.36MB/107.3MB 
 2a3aee5cff18  29.36MB/107.3MB 
 2a3aee5cff18  29.36MB/107.3MB 
 2a3aee5cff18  29.36MB/107.3MB 
 2a3aee5cff18  29.36MB/107.3MB 
 2a3aee5cff18  29.36MB/107.3MB 
 2a3aee5cff18  29.36MB/107.3MB 
 2a3aee5cff18  29.36MB/107.3MB 
 2a3aee5cff18  29.36MB/107.3MB 
 2a3aee5cff18  29.36MB/107.3MB 
 2a3aee5cff18  29.36MB/107.3MB 
 2a3aee5cff18  29.36MB/107.3MB 
 2a3aee5cff18  29.36MB/107.3MB 
 2a3aee5cff18  29.36MB/107.3MB 
 2a3aee5cff18  29.36MB/107.3MB 
 2a3aee5cff18  29.36MB/107.3MB 
 2a3aee5cff18  29.36MB/107.3MB 
 2a3aee5cff18  29.36MB/107.3MB 
 2a3aee5cff18  29.36MB/107.3MB 
 2a3aee5cff18  29.36MB/107.3MB 
 2a3aee5cff18  29.36MB/107.3MB 
 2a3aee5cff18  29.36MB/107.3MB 
 2a3aee5cff18  29.36MB/107.3MB 
 2a3aee5cff18  29.36MB/107.3MB 
 2a3aee5cff18  29.36MB/107.3MB 
 2a3aee5cff18  29.36MB/107.3MB 
 2a3aee5cff18  29.36MB/107.3MB 
 2a3aee5cff18  29.36MB/107.3MB 
 2a3aee5cff18  29.36MB/107.3MB 
 2a3aee5cff18  29.36MB/107.3MB 
 2a3aee5cff18  29.36MB/107.3MB 
 2a3aee5cff18  29.36MB/107.3MB 
 2a3aee5cff18  29.36MB/107.3MB 
 2a3aee5cff18  29.36MB/107.3MB 
 2a3aee5cff18  29.36MB/107.3MB 
 2a3aee5cff18  29.36MB/107.3MB 
 2a3aee5cff18  29.36MB/107.3MB 
 2a3aee5cff18  29.36MB/107.3MB 
 2a3aee5cff18  29.36MB/107.3MB 
 2a3aee5cff18  29.36MB/107.3MB 
 2a3aee5cff18  29.36MB/107.3MB 
 2a3aee5cff18  29.36MB/107.3MB 
 2a3aee5cff18  29.36MB/107.3MB 
 2a3aee5cff18  29.36MB/107.3MB 
 2a3aee5cff18  29.36MB/107.3MB 
 2a3aee5cff18  29.36MB/107.3MB 
 2a3aee5cff18  29.36MB/107.3MB 
 2a3aee5cff18  29.36MB/107.3MB 
 2a3aee5cff18  29.36MB/107.3MB 
 2a3aee5cff18  29.36MB/107.3MB 
 2a3aee5cff18  29.36MB/107.3MB 
 2a3aee5cff18  29.36MB/107.3MB 
 2a3aee5cff18  29.36MB/107.3MB 
 2a3aee5cff18  29.36MB/107.3MB 
 2a3aee5cff18  29.36MB/107.3MB 
 2a3aee5cff18  29.36MB/107.3MB 
 2a3aee5cff18  29.36MB/107.3MB 
 2a3aee5cff18  29.36MB/107.3MB 
 2a3aee5cff18  30.41MB/107.3MB 
 2a3aee5cff18  30.41MB/107.3MB 
 2a3aee5cff18  30.41MB/107.3MB 
 2a3aee5cff18  30.41MB/107.3MB 
 2a3aee5cff18  30.41MB/107.3MB 
 2a3aee5cff18  30.41MB/107.3MB 
 2a3aee5cff18  30.41MB/107.3MB 
 2a3aee5cff18  30.41MB/107.3MB 
 2a3aee5cff18  30.41MB/107.3MB 
 2a3aee5cff18  30.41MB/107.3MB 
 2a3aee5cff18  30.41MB/107.3MB 
 2a3aee5cff18  30.41MB/107.3MB 
 2a3aee5cff18  30.41MB/107.3MB 
 2a3aee5cff18  30.41MB/107.3MB 
 2a3aee5cff18  30.41MB/107.3MB 
 2a3aee5cff18  30.41MB/107.3MB 
 2a3aee5cff18  30.41MB/107.3MB 
 2a3aee5cff18  30.41MB/107.3MB 
 2a3aee5cff18  30.41MB/107.3MB 
 2a3aee5cff18  30.41MB/107.3MB 
 2a3aee5cff18  30.41MB/107.3MB 
 2a3aee5cff18  30.41MB/107.3MB 
 2a3aee5cff18  30.41MB/107.3MB 
 2a3aee5cff18  30.41MB/107.3MB 
 2a3aee5cff18  30.41MB/107.3MB 
 2a3aee5cff18  30.41MB/107.3MB 
 2a3aee5cff18  30.41MB/107.3MB 
 2a3aee5cff18  30.41MB/107.3MB 
 2a3aee5cff18  30.41MB/107.3MB 
 2a3aee5cff18  30.41MB/107.3MB 
 2a3aee5cff18  30.41MB/107.3MB 
 2a3aee5cff18  30.41MB/107.3MB 
 2a3aee5cff18  30.41MB/107.3MB 
 2a3aee5cff18  30.41MB/107.3MB 
 2a3aee5cff18  30.41MB/107.3MB 
 2a3aee5cff18  30.41MB/107.3MB 
 2a3aee5cff18  30.41MB/107.3MB 
 2a3aee5cff18  30.41MB/107.3MB 
 2a3aee5cff18  30.41MB/107.3MB 
 2a3aee5cff18  30.41MB/107.3MB 
 2a3aee5cff18  30.41MB/107.3MB 
 2a3aee5cff18  30.41MB/107.3MB 
 2a3aee5cff18  30.41MB/107.3MB 
 2a3aee5cff18  30.41MB/107.3MB 
 2a3aee5cff18  30.41MB/107.3MB 
 2a3aee5cff18  30.41MB/107.3MB 
 2a3aee5cff18  30.41MB/107.3MB 
 2a3aee5cff18  30.41MB/107.3MB 
 2a3aee5cff18  30.41MB/107.3MB 
 2a3aee5cff18  30.41MB/107.3MB 
 2a3aee5cff18  30.41MB/107.3MB 
 2a3aee5cff18  30.41MB/107.3MB 
 2a3aee5cff18  30.41MB/107.3MB 
 2a3aee5cff18  30.41MB/107.3MB 
 2a3aee5cff18  30.41MB/107.3MB 
 2a3aee5cff18  30.41MB/107.3MB 
 2a3aee5cff18  30.41MB/107.3MB 
 2a3aee5cff18  30.41MB/107.3MB 
 2a3aee5cff18  30.41MB/107.3MB 
 2a3aee5cff18  30.41MB/107.3MB 
 2a3aee5cff18  31.46MB/107.3MB 
 2a3aee5cff18  31.46MB/107.3MB 
 2a3aee5cff18  31.46MB/107.3MB 
 2a3aee5cff18  31.46MB/107.3MB 
 2a3aee5cff18  31.46MB/107.3MB 
 2a3aee5cff18  31.46MB/107.3MB 
 2a3aee5cff18  31.46MB/107.3MB 
 2a3aee5cff18  31.46MB/107.3MB 
 2a3aee5cff18  31.46MB/107.3MB 
 2a3aee5cff18  31.46MB/107.3MB 
 2a3aee5cff18  31.46MB/107.3MB 
 2a3aee5cff18  31.46MB/107.3MB 
 2a3aee5cff18  31.46MB/107.3MB 
 2a3aee5cff18  31.46MB/107.3MB 
 2a3aee5cff18  31.46MB/107.3MB 
 2a3aee5cff18  31.46MB/107.3MB 
 2a3aee5cff18  31.46MB/107.3MB 
 2a3aee5cff18  31.46MB/107.3MB 
 2a3aee5cff18  31.46MB/107.3MB 
 2a3aee5cff18  31.46MB/107.3MB 
 2a3aee5cff18  31.46MB/107.3MB 
 2a3aee5cff18  31.46MB/107.3MB 
 2a3aee5cff18  31.46MB/107.3MB 
 2a3aee5cff18  31.46MB/107.3MB 
 2a3aee5cff18  31.46MB/107.3MB 
 2a3aee5cff18  31.46MB/107.3MB 
 2a3aee5cff18  31.46MB/107.3MB 
 2a3aee5cff18  31.46MB/107.3MB 
 2a3aee5cff18  31.46MB/107.3MB 
 2a3aee5cff18  31.46MB/107.3MB 
 2a3aee5cff18  31.46MB/107.3MB 
 2a3aee5cff18  31.46MB/107.3MB 
 2a3aee5cff18  31.46MB/107.3MB 
 2a3aee5cff18  31.46MB/107.3MB 
 2a3aee5cff18  31.46MB/107.3MB 
 2a3aee5cff18  31.46MB/107.3MB 
 2a3aee5cff18  31.46MB/107.3MB 
 2a3aee5cff18  31.46MB/107.3MB 
 2a3aee5cff18  31.46MB/107.3MB 
 2a3aee5cff18  31.46MB/107.3MB 
 2a3aee5cff18  31.46MB/107.3MB 
 2a3aee5cff18  31.46MB/107.3MB 
 2a3aee5cff18  31.46MB/107.3MB 
 2a3aee5cff18  31.46MB/107.3MB 
 2a3aee5cff18  31.46MB/107.3MB 
 2a3aee5cff18  31.46MB/107.3MB 
 2a3aee5cff18  31.46MB/107.3MB 
 2a3aee5cff18  31.46MB/107.3MB 
 2a3aee5cff18  31.46MB/107.3MB 
 2a3aee5cff18  31.46MB/107.3MB 
 2a3aee5cff18  31.46MB/107.3MB 
 2a3aee5cff18  31.46MB/107.3MB 
 2a3aee5cff18  31.46MB/107.3MB 
 2a3aee5cff18  31.46MB/107.3MB 
 2a3aee5cff18  31.46MB/107.3MB 
 2a3aee5cff18  31.46MB/107.3MB 
 2a3aee5cff18  31.46MB/107.3MB 
 2a3aee5cff18  31.46MB/107.3MB 
 2a3aee5cff18  31.46MB/107.3MB 
 2a3aee5cff18  31.46MB/107.3MB 
 2a3aee5cff18  31.46MB/107.3MB 
 2a3aee5cff18  31.46MB/107.3MB 
 2a3aee5cff18  31.46MB/107.3MB 
 2a3aee5cff18  31.46MB/107.3MB 
 2a3aee5cff18  32.51MB/107.3MB 
 2a3aee5cff18  32.51MB/107.3MB 
 2a3aee5cff18  32.51MB/107.3MB 
 2a3aee5cff18  32.51MB/107.3MB 
 2a3aee5cff18  32.51MB/107.3MB 
 2a3aee5cff18  32.51MB/107.3MB 
 2a3aee5cff18  32.51MB/107.3MB 
 2a3aee5cff18  32.51MB/107.3MB 
 2a3aee5cff18  32.51MB/107.3MB 
 2a3aee5cff18  32.51MB/107.3MB 
 2a3aee5cff18  32.51MB/107.3MB 
 2a3aee5cff18  32.51MB/107.3MB 
 2a3aee5cff18  32.51MB/107.3MB 
 2a3aee5cff18  32.51MB/107.3MB 
 2a3aee5cff18  32.51MB/107.3MB 
 2a3aee5cff18  32.51MB/107.3MB 
 2a3aee5cff18  32.51MB/107.3MB 
 2a3aee5cff18  32.51MB/107.3MB 
 2a3aee5cff18  32.51MB/107.3MB 
 2a3aee5cff18  32.51MB/107.3MB 
 2a3aee5cff18  32.51MB/107.3MB 
 2a3aee5cff18  32.51MB/107.3MB 
 2a3aee5cff18  32.51MB/107.3MB 
 2a3aee5cff18  32.51MB/107.3MB 
 2a3aee5cff18  32.51MB/107.3MB 
 2a3aee5cff18  32.51MB/107.3MB 
 2a3aee5cff18  32.51MB/107.3MB 
 2a3aee5cff18  32.51MB/107.3MB 
 2a3aee5cff18  32.51MB/107.3MB 
 2a3aee5cff18  32.51MB/107.3MB 
 2a3aee5cff18  32.51MB/107.3MB 
 2a3aee5cff18  32.51MB/107.3MB 
 2a3aee5cff18  32.51MB/107.3MB 
 2a3aee5cff18  32.51MB/107.3MB 
 2a3aee5cff18  32.51MB/107.3MB 
 2a3aee5cff18  32.51MB/107.3MB 
 2a3aee5cff18  32.51MB/107.3MB 
 2a3aee5cff18  32.51MB/107.3MB 
 2a3aee5cff18  32.51MB/107.3MB 
 2a3aee5cff18  32.51MB/107.3MB 
 2a3aee5cff18  32.51MB/107.3MB 
 2a3aee5cff18  32.51MB/107.3MB 
 2a3aee5cff18  32.51MB/107.3MB 
 2a3aee5cff18  32.51MB/107.3MB 
 2a3aee5cff18  32.51MB/107.3MB 
 2a3aee5cff18  32.51MB/107.3MB 
 2a3aee5cff18  32.51MB/107.3MB 
 2a3aee5cff18  32.51MB/107.3MB 
 2a3aee5cff18  32.51MB/107.3MB 
 2a3aee5cff18  32.51MB/107.3MB 
 2a3aee5cff18  32.51MB/107.3MB 
 2a3aee5cff18  32.51MB/107.3MB 
 2a3aee5cff18  32.51MB/107.3MB 
 2a3aee5cff18  32.51MB/107.3MB 
 2a3aee5cff18  32.51MB/107.3MB 
 2a3aee5cff18  32.51MB/107.3MB 
 2a3aee5cff18  33.55MB/107.3MB 
 2a3aee5cff18  33.55MB/107.3MB 
 2a3aee5cff18  33.55MB/107.3MB 
 2a3aee5cff18  33.55MB/107.3MB 
 2a3aee5cff18  33.55MB/107.3MB 
 2a3aee5cff18  33.55MB/107.3MB 
 2a3aee5cff18  33.55MB/107.3MB 
 2a3aee5cff18  33.55MB/107.3MB 
 2a3aee5cff18  33.55MB/107.3MB 
 2a3aee5cff18  33.55MB/107.3MB 
 2a3aee5cff18  33.55MB/107.3MB 
 2a3aee5cff18  33.55MB/107.3MB 
 2a3aee5cff18  33.55MB/107.3MB 
 2a3aee5cff18  33.55MB/107.3MB 
 2a3aee5cff18  33.55MB/107.3MB 
 2a3aee5cff18  33.55MB/107.3MB 
 2a3aee5cff18  33.55MB/107.3MB 
 2a3aee5cff18  33.55MB/107.3MB 
 2a3aee5cff18  33.55MB/107.3MB 
 2a3aee5cff18  33.55MB/107.3MB 
 2a3aee5cff18  33.55MB/107.3MB 
 2a3aee5cff18  33.55MB/107.3MB 
 2a3aee5cff18  33.55MB/107.3MB 
 2a3aee5cff18  33.55MB/107.3MB 
 2a3aee5cff18  33.55MB/107.3MB 
 2a3aee5cff18  33.55MB/107.3MB 
 2a3aee5cff18  33.55MB/107.3MB 
 2a3aee5cff18  33.55MB/107.3MB 
 2a3aee5cff18  33.55MB/107.3MB 
 2a3aee5cff18  33.55MB/107.3MB 
 2a3aee5cff18  33.55MB/107.3MB 
 2a3aee5cff18  33.55MB/107.3MB 
 2a3aee5cff18  33.55MB/107.3MB 
 2a3aee5cff18  33.55MB/107.3MB 
 2a3aee5cff18  33.55MB/107.3MB 
 2a3aee5cff18  33.55MB/107.3MB 
 2a3aee5cff18  33.55MB/107.3MB 
 2a3aee5cff18  33.55MB/107.3MB 
 2a3aee5cff18  33.55MB/107.3MB 
 2a3aee5cff18  33.55MB/107.3MB 
 2a3aee5cff18  33.55MB/107.3MB 
 2a3aee5cff18  33.55MB/107.3MB 
 2a3aee5cff18  33.55MB/107.3MB 
 2a3aee5cff18  33.55MB/107.3MB 
 2a3aee5cff18  33.55MB/107.3MB 
 2a3aee5cff18  33.55MB/107.3MB 
 2a3aee5cff18  33.55MB/107.3MB 
 2a3aee5cff18  33.55MB/107.3MB 
 2a3aee5cff18  33.55MB/107.3MB 
 2a3aee5cff18  33.55MB/107.3MB 
 2a3aee5cff18  33.55MB/107.3MB 
 2a3aee5cff18  33.55MB/107.3MB 
 2a3aee5cff18  33.55MB/107.3MB 
 2a3aee5cff18  33.55MB/107.3MB 
 2a3aee5cff18  33.55MB/107.3MB 
 2a3aee5cff18  33.55MB/107.3MB 
 2a3aee5cff18  33.55MB/107.3MB 
 2a3aee5cff18  33.86MB/107.3MB 
 2a3aee5cff18   34.6MB/107.3MB 
 2a3aee5cff18   34.6MB/107.3MB 
 2a3aee5cff18   34.6MB/107.3MB 
 2a3aee5cff18   34.6MB/107.3MB 
 2a3aee5cff18   34.6MB/107.3MB 
 2a3aee5cff18   34.6MB/107.3MB 
 2a3aee5cff18   34.6MB/107.3MB 
 2a3aee5cff18   34.6MB/107.3MB 
 2a3aee5cff18   34.6MB/107.3MB 
 2a3aee5cff18   34.6MB/107.3MB 
 2a3aee5cff18   34.6MB/107.3MB 
 2a3aee5cff18   34.6MB/107.3MB 
 2a3aee5cff18   34.6MB/107.3MB 
 2a3aee5cff18   34.6MB/107.3MB 
 2a3aee5cff18   34.6MB/107.3MB 
 2a3aee5cff18   34.6MB/107.3MB 
 2a3aee5cff18   34.6MB/107.3MB 
 2a3aee5cff18   34.6MB/107.3MB 
 2a3aee5cff18   34.6MB/107.3MB 
 2a3aee5cff18   34.6MB/107.3MB 
 2a3aee5cff18   34.6MB/107.3MB 
 2a3aee5cff18   34.6MB/107.3MB 
 2a3aee5cff18   34.6MB/107.3MB 
 2a3aee5cff18   34.6MB/107.3MB 
 2a3aee5cff18   34.6MB/107.3MB 
 2a3aee5cff18   34.6MB/107.3MB 
 2a3aee5cff18   34.6MB/107.3MB 
 2a3aee5cff18   34.6MB/107.3MB 
 2a3aee5cff18   34.6MB/107.3MB 
 2a3aee5cff18   34.6MB/107.3MB 
 2a3aee5cff18   34.6MB/107.3MB 
 2a3aee5cff18   34.6MB/107.3MB 
 2a3aee5cff18   34.6MB/107.3MB 
 2a3aee5cff18   34.6MB/107.3MB 
 2a3aee5cff18   34.6MB/107.3MB 
 2a3aee5cff18   34.6MB/107.3MB 
 2a3aee5cff18   34.6MB/107.3MB 
 2a3aee5cff18   34.6MB/107.3MB 
 2a3aee5cff18   34.6MB/107.3MB 
 2a3aee5cff18   34.6MB/107.3MB 
 2a3aee5cff18   34.6MB/107.3MB 
 2a3aee5cff18   34.6MB/107.3MB 
 2a3aee5cff18   34.6MB/107.3MB 
 2a3aee5cff18   34.6MB/107.3MB 
 2a3aee5cff18   34.6MB/107.3MB 
 2a3aee5cff18   34.6MB/107.3MB 
 2a3aee5cff18   34.6MB/107.3MB 
 2a3aee5cff18   34.6MB/107.3MB 
 2a3aee5cff18   34.6MB/107.3MB 
 2a3aee5cff18   34.6MB/107.3MB 
 2a3aee5cff18   34.6MB/107.3MB 
 2a3aee5cff18   34.6MB/107.3MB 
 2a3aee5cff18   34.6MB/107.3MB 
 2a3aee5cff18   34.6MB/107.3MB 
 2a3aee5cff18   34.6MB/107.3MB 
 2a3aee5cff18   34.6MB/107.3MB 
 2a3aee5cff18   34.6MB/107.3MB 
 2a3aee5cff18  35.65MB/107.3MB 
 2a3aee5cff18  35.65MB/107.3MB 
 2a3aee5cff18  35.65MB/107.3MB 
 2a3aee5cff18  35.65MB/107.3MB 
 2a3aee5cff18  35.65MB/107.3MB 
 2a3aee5cff18  35.65MB/107.3MB 
 2a3aee5cff18  35.65MB/107.3MB 
 2a3aee5cff18  35.65MB/107.3MB 
 2a3aee5cff18  35.65MB/107.3MB 
 2a3aee5cff18  35.65MB/107.3MB 
 2a3aee5cff18  35.65MB/107.3MB 
 2a3aee5cff18  35.65MB/107.3MB 
 2a3aee5cff18  35.65MB/107.3MB 
 2a3aee5cff18  35.65MB/107.3MB 
 2a3aee5cff18  35.65MB/107.3MB 
 2a3aee5cff18  35.65MB/107.3MB 
 2a3aee5cff18  35.65MB/107.3MB 
 2a3aee5cff18  35.65MB/107.3MB 
 2a3aee5cff18  35.65MB/107.3MB 
 2a3aee5cff18  35.65MB/107.3MB 
 2a3aee5cff18  35.65MB/107.3MB 
 2a3aee5cff18  35.65MB/107.3MB 
 2a3aee5cff18  35.65MB/107.3MB 
 2a3aee5cff18  35.65MB/107.3MB 
 2a3aee5cff18  35.65MB/107.3MB 
 2a3aee5cff18  35.65MB/107.3MB 
 2a3aee5cff18  35.65MB/107.3MB 
 2a3aee5cff18  35.65MB/107.3MB 
 2a3aee5cff18  35.65MB/107.3MB 
 2a3aee5cff18  35.65MB/107.3MB 
 2a3aee5cff18  35.65MB/107.3MB 
 2a3aee5cff18  35.65MB/107.3MB 
 2a3aee5cff18  35.65MB/107.3MB 
 2a3aee5cff18  35.65MB/107.3MB 
 2a3aee5cff18  35.65MB/107.3MB 
 2a3aee5cff18  35.65MB/107.3MB 
 2a3aee5cff18  35.65MB/107.3MB 
 2a3aee5cff18  35.65MB/107.3MB 
 2a3aee5cff18  35.65MB/107.3MB 
 2a3aee5cff18  35.65MB/107.3MB 
 2a3aee5cff18  35.65MB/107.3MB 
 2a3aee5cff18  35.65MB/107.3MB 
 2a3aee5cff18  35.65MB/107.3MB 
 2a3aee5cff18  35.65MB/107.3MB 
 2a3aee5cff18  35.65MB/107.3MB 
 2a3aee5cff18  35.65MB/107.3MB 
 2a3aee5cff18  35.65MB/107.3MB 
 2a3aee5cff18  35.65MB/107.3MB 
 2a3aee5cff18  35.65MB/107.3MB 
 2a3aee5cff18  35.65MB/107.3MB 
 2a3aee5cff18  35.65MB/107.3MB 
 2a3aee5cff18  35.65MB/107.3MB 
 2a3aee5cff18  35.65MB/107.3MB 
 2a3aee5cff18  35.65MB/107.3MB 
 2a3aee5cff18  35.65MB/107.3MB 
 2a3aee5cff18  35.65MB/107.3MB 
 2a3aee5cff18  35.65MB/107.3MB 
 2a3aee5cff18  35.65MB/107.3MB 
 2a3aee5cff18  35.65MB/107.3MB 
 2a3aee5cff18  35.65MB/107.3MB 
 2a3aee5cff18  35.65MB/107.3MB 
 2a3aee5cff18  35.65MB/107.3MB 
 2a3aee5cff18  35.65MB/107.3MB 
 2a3aee5cff18  35.65MB/107.3MB 
 2a3aee5cff18  35.65MB/107.3MB 
 2a3aee5cff18  35.65MB/107.3MB 
 2a3aee5cff18  35.65MB/107.3MB 
 2a3aee5cff18  35.65MB/107.3MB 
 2a3aee5cff18  35.65MB/107.3MB 
 2a3aee5cff18   36.7MB/107.3MB 
 2a3aee5cff18   36.7MB/107.3MB 
 2a3aee5cff18   36.7MB/107.3MB 
 2a3aee5cff18   36.7MB/107.3MB 
 2a3aee5cff18   36.7MB/107.3MB 
 2a3aee5cff18   36.7MB/107.3MB 
 2a3aee5cff18   36.7MB/107.3MB 
 2a3aee5cff18   36.7MB/107.3MB 
 2a3aee5cff18   36.7MB/107.3MB 
 2a3aee5cff18   36.7MB/107.3MB 
 2a3aee5cff18   36.7MB/107.3MB 
 2a3aee5cff18   36.7MB/107.3MB 
 2a3aee5cff18   36.7MB/107.3MB 
 2a3aee5cff18   36.7MB/107.3MB 
 2a3aee5cff18   36.7MB/107.3MB 
 2a3aee5cff18   36.7MB/107.3MB 
 2a3aee5cff18   36.7MB/107.3MB 
 2a3aee5cff18   36.7MB/107.3MB 
 2a3aee5cff18   36.7MB/107.3MB 
 2a3aee5cff18   36.7MB/107.3MB 
 2a3aee5cff18   36.7MB/107.3MB 
 2a3aee5cff18   36.7MB/107.3MB 
 2a3aee5cff18   36.7MB/107.3MB 
 2a3aee5cff18   36.7MB/107.3MB 
 2a3aee5cff18   36.7MB/107.3MB 
 2a3aee5cff18   36.7MB/107.3MB 
 2a3aee5cff18   36.7MB/107.3MB 
 2a3aee5cff18   36.7MB/107.3MB 
 2a3aee5cff18   36.7MB/107.3MB 
 2a3aee5cff18   36.7MB/107.3MB 
 2a3aee5cff18   36.7MB/107.3MB 
 2a3aee5cff18   36.7MB/107.3MB 
 2a3aee5cff18   36.7MB/107.3MB 
 2a3aee5cff18   36.7MB/107.3MB 
 2a3aee5cff18   36.7MB/107.3MB 
 2a3aee5cff18   36.7MB/107.3MB 
 2a3aee5cff18   36.7MB/107.3MB 
 2a3aee5cff18   36.7MB/107.3MB 
 2a3aee5cff18   36.7MB/107.3MB 
 2a3aee5cff18   36.7MB/107.3MB 
 2a3aee5cff18   36.7MB/107.3MB 
 2a3aee5cff18   36.7MB/107.3MB 
 2a3aee5cff18   36.7MB/107.3MB 
 2a3aee5cff18   36.7MB/107.3MB 
 2a3aee5cff18   36.7MB/107.3MB 
 2a3aee5cff18   36.7MB/107.3MB 
 2a3aee5cff18   36.7MB/107.3MB 
 2a3aee5cff18   36.7MB/107.3MB 
 2a3aee5cff18  37.08MB/107.3MB 
 2a3aee5cff18  37.75MB/107.3MB 
 2a3aee5cff18  37.75MB/107.3MB 
 2a3aee5cff18  37.75MB/107.3MB 
 2a3aee5cff18  37.75MB/107.3MB 
 2a3aee5cff18  37.75MB/107.3MB 
 2a3aee5cff18  37.75MB/107.3MB 
 2a3aee5cff18  37.75MB/107.3MB 
 2a3aee5cff18  37.75MB/107.3MB 
 2a3aee5cff18  37.75MB/107.3MB 
 2a3aee5cff18  37.75MB/107.3MB 
 2a3aee5cff18  37.75MB/107.3MB 
 2a3aee5cff18  37.75MB/107.3MB 
 2a3aee5cff18  37.75MB/107.3MB 
 2a3aee5cff18  37.75MB/107.3MB 
 2a3aee5cff18  37.75MB/107.3MB 
 2a3aee5cff18  37.75MB/107.3MB 
 2a3aee5cff18  37.75MB/107.3MB 
 2a3aee5cff18  37.75MB/107.3MB 
 2a3aee5cff18  37.75MB/107.3MB 
 2a3aee5cff18  37.75MB/107.3MB 
 2a3aee5cff18  37.75MB/107.3MB 
 2a3aee5cff18  37.75MB/107.3MB 
 2a3aee5cff18  37.75MB/107.3MB 
 2a3aee5cff18  37.75MB/107.3MB 
 2a3aee5cff18  37.75MB/107.3MB 
 2a3aee5cff18  37.75MB/107.3MB 
 2a3aee5cff18  37.75MB/107.3MB 
 2a3aee5cff18  37.75MB/107.3MB 
 2a3aee5cff18  37.75MB/107.3MB 
 2a3aee5cff18  37.75MB/107.3MB 
 2a3aee5cff18  37.75MB/107.3MB 
 2a3aee5cff18  37.75MB/107.3MB 
 2a3aee5cff18  37.75MB/107.3MB 
 2a3aee5cff18  37.75MB/107.3MB 
 2a3aee5cff18  37.75MB/107.3MB 
 2a3aee5cff18  37.75MB/107.3MB 
 2a3aee5cff18   38.8MB/107.3MB 
 2a3aee5cff18   38.8MB/107.3MB 
 2a3aee5cff18   38.8MB/107.3MB 
 2a3aee5cff18   38.8MB/107.3MB 
 2a3aee5cff18   38.8MB/107.3MB 
 2a3aee5cff18   38.8MB/107.3MB 
 2a3aee5cff18   38.8MB/107.3MB 
 2a3aee5cff18   38.8MB/107.3MB 
 2a3aee5cff18   38.8MB/107.3MB 
 2a3aee5cff18   38.8MB/107.3MB 
 2a3aee5cff18   38.8MB/107.3MB 
 2a3aee5cff18   38.8MB/107.3MB 
 2a3aee5cff18   38.8MB/107.3MB 
 2a3aee5cff18   38.8MB/107.3MB 
 2a3aee5cff18   38.8MB/107.3MB 
 2a3aee5cff18   38.8MB/107.3MB 
 2a3aee5cff18   38.8MB/107.3MB 
 2a3aee5cff18   38.8MB/107.3MB 
 2a3aee5cff18   38.8MB/107.3MB 
 2a3aee5cff18   38.8MB/107.3MB 
 2a3aee5cff18   38.8MB/107.3MB 
 2a3aee5cff18   38.8MB/107.3MB 
 2a3aee5cff18   38.8MB/107.3MB 
 2a3aee5cff18   38.8MB/107.3MB 
 2a3aee5cff18   38.8MB/107.3MB 
 2a3aee5cff18   38.8MB/107.3MB 
 2a3aee5cff18  39.85MB/107.3MB 
 2a3aee5cff18  39.85MB/107.3MB 
 2a3aee5cff18  39.85MB/107.3MB 
 2a3aee5cff18  39.85MB/107.3MB 
 2a3aee5cff18  39.85MB/107.3MB 
 2a3aee5cff18  39.85MB/107.3MB 
 2a3aee5cff18  39.85MB/107.3MB 
 2a3aee5cff18  39.85MB/107.3MB 
 2a3aee5cff18  39.85MB/107.3MB 
 2a3aee5cff18  39.85MB/107.3MB 
 2a3aee5cff18  39.85MB/107.3MB 
 2a3aee5cff18  39.85MB/107.3MB 
 2a3aee5cff18  39.85MB/107.3MB 
 2a3aee5cff18  39.85MB/107.3MB 
 2a3aee5cff18  39.85MB/107.3MB 
 2a3aee5cff18  39.85MB/107.3MB 
 2a3aee5cff18  39.85MB/107.3MB 
 2a3aee5cff18  39.85MB/107.3MB 
 2a3aee5cff18  39.85MB/107.3MB 
 2a3aee5cff18  39.85MB/107.3MB 
 2a3aee5cff18  39.85MB/107.3MB 
 2a3aee5cff18  39.85MB/107.3MB 
 2a3aee5cff18  39.85MB/107.3MB 
 2a3aee5cff18  39.85MB/107.3MB 
 2a3aee5cff18  39.85MB/107.3MB 
 2a3aee5cff18  39.85MB/107.3MB 
 2a3aee5cff18  39.85MB/107.3MB 
 2a3aee5cff18  39.85MB/107.3MB 
 2a3aee5cff18  39.85MB/107.3MB 
 2a3aee5cff18  39.85MB/107.3MB 
 2a3aee5cff18  40.89MB/107.3MB 
 2a3aee5cff18  40.89MB/107.3MB 
 2a3aee5cff18  40.89MB/107.3MB 
 2a3aee5cff18  40.89MB/107.3MB 
 2a3aee5cff18  40.89MB/107.3MB 
 2a3aee5cff18  40.89MB/107.3MB 
 2a3aee5cff18  40.89MB/107.3MB 
 2a3aee5cff18  40.89MB/107.3MB 
 2a3aee5cff18  40.89MB/107.3MB 
 2a3aee5cff18  40.89MB/107.3MB 
 2a3aee5cff18  40.89MB/107.3MB 
 2a3aee5cff18  40.89MB/107.3MB 
 2a3aee5cff18  40.89MB/107.3MB 
 2a3aee5cff18  40.89MB/107.3MB 
 2a3aee5cff18  40.89MB/107.3MB 
 2a3aee5cff18  40.89MB/107.3MB 
 2a3aee5cff18  40.89MB/107.3MB 
 2a3aee5cff18  40.89MB/107.3MB 
 2a3aee5cff18  40.89MB/107.3MB 
 2a3aee5cff18  40.89MB/107.3MB 
 2a3aee5cff18  40.89MB/107.3MB 
 2a3aee5cff18  40.89MB/107.3MB 
 2a3aee5cff18  40.89MB/107.3MB 
 2a3aee5cff18  40.89MB/107.3MB 
 2a3aee5cff18  40.89MB/107.3MB 
 2a3aee5cff18  40.89MB/107.3MB 
 2a3aee5cff18  40.89MB/107.3MB 
 2a3aee5cff18  40.89MB/107.3MB 
 2a3aee5cff18  40.89MB/107.3MB 
 2a3aee5cff18  40.89MB/107.3MB 
 2a3aee5cff18  40.89MB/107.3MB 
 2a3aee5cff18  40.89MB/107.3MB 
 2a3aee5cff18  40.89MB/107.3MB 
 2a3aee5cff18  40.89MB/107.3MB 
 2a3aee5cff18  40.89MB/107.3MB 
 2a3aee5cff18  40.89MB/107.3MB 
 2a3aee5cff18  40.89MB/107.3MB 
 2a3aee5cff18  40.89MB/107.3MB 
 2a3aee5cff18  40.89MB/107.3MB 
 2a3aee5cff18  40.89MB/107.3MB 
 2a3aee5cff18  40.89MB/107.3MB 
 2a3aee5cff18  40.89MB/107.3MB 
 2a3aee5cff18  40.89MB/107.3MB 
 2a3aee5cff18  40.89MB/107.3MB 
 2a3aee5cff18  40.89MB/107.3MB 
 2a3aee5cff18  40.89MB/107.3MB 
 2a3aee5cff18  40.89MB/107.3MB 
 2a3aee5cff18  40.89MB/107.3MB 
 2a3aee5cff18  40.89MB/107.3MB 
 2a3aee5cff18  40.89MB/107.3MB 
 2a3aee5cff18  41.94MB/107.3MB 
 2a3aee5cff18  41.94MB/107.3MB 
 2a3aee5cff18  41.94MB/107.3MB 
 2a3aee5cff18  41.94MB/107.3MB 
 2a3aee5cff18  41.94MB/107.3MB 
 2a3aee5cff18  41.94MB/107.3MB 
 2a3aee5cff18  41.94MB/107.3MB 
 2a3aee5cff18  41.94MB/107.3MB 
 2a3aee5cff18  41.94MB/107.3MB 
 2a3aee5cff18  41.94MB/107.3MB 
 2a3aee5cff18  41.94MB/107.3MB 
 2a3aee5cff18  41.94MB/107.3MB 
 2a3aee5cff18  41.94MB/107.3MB 
 2a3aee5cff18  41.94MB/107.3MB 
 2a3aee5cff18  41.94MB/107.3MB 
 2a3aee5cff18  41.94MB/107.3MB 
 2a3aee5cff18  41.94MB/107.3MB 
 2a3aee5cff18  41.94MB/107.3MB 
 2a3aee5cff18  41.94MB/107.3MB 
 2a3aee5cff18  41.94MB/107.3MB 
 2a3aee5cff18  41.94MB/107.3MB 
 2a3aee5cff18  41.94MB/107.3MB 
 2a3aee5cff18  41.94MB/107.3MB 
 2a3aee5cff18  41.94MB/107.3MB 
 2a3aee5cff18  41.94MB/107.3MB 
 2a3aee5cff18  41.94MB/107.3MB 
 2a3aee5cff18  41.94MB/107.3MB 
 2a3aee5cff18  41.94MB/107.3MB 
 2a3aee5cff18  41.94MB/107.3MB 
 2a3aee5cff18  41.94MB/107.3MB 
 2a3aee5cff18  42.99MB/107.3MB 
 2a3aee5cff18  42.99MB/107.3MB 
 2a3aee5cff18  42.99MB/107.3MB 
 2a3aee5cff18  42.99MB/107.3MB 
 2a3aee5cff18  42.99MB/107.3MB 
 2a3aee5cff18  42.99MB/107.3MB 
 2a3aee5cff18  42.99MB/107.3MB 
 2a3aee5cff18  42.99MB/107.3MB 
 2a3aee5cff18  42.99MB/107.3MB 
 2a3aee5cff18  42.99MB/107.3MB 
 2a3aee5cff18  42.99MB/107.3MB 
 2a3aee5cff18  42.99MB/107.3MB 
 2a3aee5cff18  42.99MB/107.3MB 
 2a3aee5cff18  42.99MB/107.3MB 
 2a3aee5cff18  42.99MB/107.3MB 
 2a3aee5cff18  42.99MB/107.3MB 
 2a3aee5cff18  42.99MB/107.3MB 
 2a3aee5cff18  42.99MB/107.3MB 
 2a3aee5cff18  42.99MB/107.3MB 
 2a3aee5cff18  42.99MB/107.3MB 
 2a3aee5cff18  42.99MB/107.3MB 
 2a3aee5cff18  42.99MB/107.3MB 
 2a3aee5cff18  42.99MB/107.3MB 
 2a3aee5cff18  42.99MB/107.3MB 
 2a3aee5cff18  42.99MB/107.3MB 
 2a3aee5cff18  42.99MB/107.3MB 
 2a3aee5cff18  42.99MB/107.3MB 
 2a3aee5cff18  42.99MB/107.3MB 
 2a3aee5cff18  42.99MB/107.3MB 
 2a3aee5cff18  42.99MB/107.3MB 
 2a3aee5cff18  42.99MB/107.3MB 
 2a3aee5cff18  42.99MB/107.3MB 
 2a3aee5cff18  42.99MB/107.3MB 
 2a3aee5cff18  42.99MB/107.3MB 
 2a3aee5cff18  42.99MB/107.3MB 
 2a3aee5cff18  44.04MB/107.3MB 
 2a3aee5cff18  44.04MB/107.3MB 
 2a3aee5cff18  44.04MB/107.3MB 
 2a3aee5cff18  44.04MB/107.3MB 
 2a3aee5cff18  44.04MB/107.3MB 
 2a3aee5cff18  44.04MB/107.3MB 
 2a3aee5cff18  44.04MB/107.3MB 
 2a3aee5cff18  44.04MB/107.3MB 
 2a3aee5cff18  44.04MB/107.3MB 
 2a3aee5cff18  44.04MB/107.3MB 
 2a3aee5cff18  44.04MB/107.3MB 
 2a3aee5cff18  44.04MB/107.3MB 
 2a3aee5cff18  44.04MB/107.3MB 
 2a3aee5cff18  44.04MB/107.3MB 
 2a3aee5cff18  44.04MB/107.3MB 
 2a3aee5cff18  44.04MB/107.3MB 
 2a3aee5cff18  44.04MB/107.3MB 
 2a3aee5cff18  44.04MB/107.3MB 
 2a3aee5cff18  44.04MB/107.3MB 
 2a3aee5cff18  44.04MB/107.3MB 
 2a3aee5cff18  44.04MB/107.3MB 
 2a3aee5cff18  44.04MB/107.3MB 
 2a3aee5cff18  44.04MB/107.3MB 
 2a3aee5cff18  44.04MB/107.3MB 
 2a3aee5cff18  44.04MB/107.3MB 
 2a3aee5cff18  45.09MB/107.3MB 
 2a3aee5cff18  45.09MB/107.3MB 
 2a3aee5cff18  45.09MB/107.3MB 
 2a3aee5cff18  45.09MB/107.3MB 
 2a3aee5cff18  45.09MB/107.3MB 
 2a3aee5cff18  45.09MB/107.3MB 
 2a3aee5cff18  45.09MB/107.3MB 
 2a3aee5cff18  45.09MB/107.3MB 
 2a3aee5cff18  45.09MB/107.3MB 
 2a3aee5cff18  45.09MB/107.3MB 
 2a3aee5cff18  45.09MB/107.3MB 
 2a3aee5cff18  45.09MB/107.3MB 
 2a3aee5cff18  45.09MB/107.3MB 
 2a3aee5cff18  45.09MB/107.3MB 
 2a3aee5cff18  45.09MB/107.3MB 
 2a3aee5cff18  45.09MB/107.3MB 
 2a3aee5cff18  45.09MB/107.3MB 
 2a3aee5cff18  45.09MB/107.3MB 
 2a3aee5cff18  45.09MB/107.3MB 
 2a3aee5cff18  45.09MB/107.3MB 
 2a3aee5cff18  45.09MB/107.3MB 
 2a3aee5cff18  45.09MB/107.3MB 
 2a3aee5cff18  45.09MB/107.3MB 
 2a3aee5cff18  45.09MB/107.3MB 
 2a3aee5cff18  45.09MB/107.3MB 
 2a3aee5cff18  46.14MB/107.3MB 
 2a3aee5cff18  46.14MB/107.3MB 
 2a3aee5cff18  46.14MB/107.3MB 
 2a3aee5cff18  46.14MB/107.3MB 
 2a3aee5cff18  46.14MB/107.3MB 
 2a3aee5cff18  46.14MB/107.3MB 
 2a3aee5cff18  46.14MB/107.3MB 
 2a3aee5cff18  46.14MB/107.3MB 
 2a3aee5cff18  46.14MB/107.3MB 
 2a3aee5cff18  46.14MB/107.3MB 
 2a3aee5cff18  46.14MB/107.3MB 
 2a3aee5cff18  46.14MB/107.3MB 
 2a3aee5cff18  46.14MB/107.3MB 
 2a3aee5cff18  46.14MB/107.3MB 
 2a3aee5cff18  46.14MB/107.3MB 
 2a3aee5cff18  46.14MB/107.3MB 
 2a3aee5cff18  46.14MB/107.3MB 
 2a3aee5cff18  46.14MB/107.3MB 
 2a3aee5cff18  46.14MB/107.3MB 
 2a3aee5cff18  46.14MB/107.3MB 
 2a3aee5cff18  46.14MB/107.3MB 
 2a3aee5cff18  46.14MB/107.3MB 
 2a3aee5cff18  46.14MB/107.3MB 
 2a3aee5cff18  46.14MB/107.3MB 
 2a3aee5cff18  46.14MB/107.3MB 
 2a3aee5cff18  46.14MB/107.3MB 
 2a3aee5cff18  46.14MB/107.3MB 
 2a3aee5cff18  46.14MB/107.3MB 
 2a3aee5cff18  46.14MB/107.3MB 
 2a3aee5cff18  46.14MB/107.3MB 
 2a3aee5cff18  47.19MB/107.3MB 
 2a3aee5cff18  47.19MB/107.3MB 
 2a3aee5cff18  47.19MB/107.3MB 
 2a3aee5cff18  47.19MB/107.3MB 
 2a3aee5cff18  47.19MB/107.3MB 
 2a3aee5cff18  47.19MB/107.3MB 
 2a3aee5cff18  47.19MB/107.3MB 
 2a3aee5cff18  47.19MB/107.3MB 
 2a3aee5cff18  47.19MB/107.3MB 
 2a3aee5cff18  47.19MB/107.3MB 
 2a3aee5cff18  47.19MB/107.3MB 
 2a3aee5cff18  47.19MB/107.3MB 
 2a3aee5cff18  47.19MB/107.3MB 
 2a3aee5cff18  47.19MB/107.3MB 
 2a3aee5cff18  47.19MB/107.3MB 
 2a3aee5cff18  47.19MB/107.3MB 
 2a3aee5cff18  47.19MB/107.3MB 
 2a3aee5cff18  47.19MB/107.3MB 
 2a3aee5cff18  47.19MB/107.3MB 
 2a3aee5cff18  47.19MB/107.3MB 
 2a3aee5cff18  47.19MB/107.3MB 
 2a3aee5cff18  47.19MB/107.3MB 
 2a3aee5cff18  47.19MB/107.3MB 
 2a3aee5cff18  47.19MB/107.3MB 
 2a3aee5cff18  47.19MB/107.3MB 
 2a3aee5cff18  48.23MB/107.3MB 
 2a3aee5cff18  48.23MB/107.3MB 
 2a3aee5cff18  48.23MB/107.3MB 
 2a3aee5cff18  48.23MB/107.3MB 
 2a3aee5cff18  48.23MB/107.3MB 
 2a3aee5cff18  48.23MB/107.3MB 
 2a3aee5cff18  48.23MB/107.3MB 
 2a3aee5cff18  48.23MB/107.3MB 
 2a3aee5cff18  48.23MB/107.3MB 
 2a3aee5cff18  48.23MB/107.3MB 
 2a3aee5cff18  48.23MB/107.3MB 
 2a3aee5cff18  48.23MB/107.3MB 
 2a3aee5cff18  48.23MB/107.3MB 
 2a3aee5cff18  48.23MB/107.3MB 
 2a3aee5cff18  48.23MB/107.3MB 
 2a3aee5cff18  48.23MB/107.3MB 
 2a3aee5cff18  48.23MB/107.3MB 
 2a3aee5cff18  48.23MB/107.3MB 
 2a3aee5cff18  48.23MB/107.3MB 
 2a3aee5cff18  48.23MB/107.3MB 
 2a3aee5cff18  48.23MB/107.3MB 
 2a3aee5cff18  48.23MB/107.3MB 
 2a3aee5cff18  48.23MB/107.3MB 
 2a3aee5cff18  48.23MB/107.3MB 
 2a3aee5cff18  48.23MB/107.3MB 
 2a3aee5cff18  48.23MB/107.3MB 
 2a3aee5cff18  48.23MB/107.3MB 
 2a3aee5cff18  48.23MB/107.3MB 
 2a3aee5cff18  48.23MB/107.3MB 
 2a3aee5cff18  48.23MB/107.3MB 
 2a3aee5cff18  48.23MB/107.3MB 
 2a3aee5cff18  48.23MB/107.3MB 
 2a3aee5cff18  48.23MB/107.3MB 
 2a3aee5cff18  48.23MB/107.3MB 
 2a3aee5cff18  48.23MB/107.3MB 
 2a3aee5cff18  48.23MB/107.3MB 
 2a3aee5cff18  48.23MB/107.3MB 
 2a3aee5cff18  48.23MB/107.3MB 
 2a3aee5cff18  48.23MB/107.3MB 
 2a3aee5cff18  48.23MB/107.3MB 
 2a3aee5cff18  49.28MB/107.3MB 
 2a3aee5cff18  49.28MB/107.3MB 
 2a3aee5cff18  49.28MB/107.3MB 
 2a3aee5cff18  49.28MB/107.3MB 
 2a3aee5cff18  49.28MB/107.3MB 
 2a3aee5cff18  49.28MB/107.3MB 
 2a3aee5cff18  49.28MB/107.3MB 
 2a3aee5cff18  49.28MB/107.3MB 
 2a3aee5cff18  49.28MB/107.3MB 
 2a3aee5cff18  49.28MB/107.3MB 
 2a3aee5cff18  49.28MB/107.3MB 
 2a3aee5cff18  49.28MB/107.3MB 
 2a3aee5cff18  49.28MB/107.3MB 
 2a3aee5cff18  49.28MB/107.3MB 
 2a3aee5cff18  49.28MB/107.3MB 
 2a3aee5cff18  49.28MB/107.3MB 
 2a3aee5cff18  49.28MB/107.3MB 
 2a3aee5cff18  49.28MB/107.3MB 
 2a3aee5cff18  49.28MB/107.3MB 
 2a3aee5cff18  49.28MB/107.3MB 
 2a3aee5cff18  49.28MB/107.3MB 
 2a3aee5cff18  49.28MB/107.3MB 
 2a3aee5cff18  49.28MB/107.3MB 
 2a3aee5cff18  49.28MB/107.3MB 
 2a3aee5cff18  49.28MB/107.3MB 
 2a3aee5cff18  49.28MB/107.3MB 
 2a3aee5cff18  49.28MB/107.3MB 
 2a3aee5cff18  49.28MB/107.3MB 
 2a3aee5cff18  49.28MB/107.3MB 
 2a3aee5cff18  49.28MB/107.3MB 
 2a3aee5cff18  49.28MB/107.3MB 
 2a3aee5cff18  49.28MB/107.3MB 
 2a3aee5cff18  49.28MB/107.3MB 
 2a3aee5cff18  49.28MB/107.3MB 
 2a3aee5cff18  49.28MB/107.3MB 
 2a3aee5cff18  49.28MB/107.3MB 
 2a3aee5cff18  49.28MB/107.3MB 
 2a3aee5cff18  49.28MB/107.3MB 
 2a3aee5cff18  49.28MB/107.3MB 
 2a3aee5cff18  49.28MB/107.3MB 
 2a3aee5cff18  50.33MB/107.3MB 
 2a3aee5cff18  50.33MB/107.3MB 
 2a3aee5cff18  50.33MB/107.3MB 
 2a3aee5cff18  50.33MB/107.3MB 
 2a3aee5cff18  50.33MB/107.3MB 
 2a3aee5cff18  50.33MB/107.3MB 
 2a3aee5cff18  50.33MB/107.3MB 
 2a3aee5cff18  50.33MB/107.3MB 
 2a3aee5cff18  50.33MB/107.3MB 
 2a3aee5cff18  50.33MB/107.3MB 
 2a3aee5cff18  50.33MB/107.3MB 
 2a3aee5cff18  50.33MB/107.3MB 
 2a3aee5cff18  50.33MB/107.3MB 
 2a3aee5cff18  50.33MB/107.3MB 
 2a3aee5cff18  50.33MB/107.3MB 
 2a3aee5cff18  50.33MB/107.3MB 
 2a3aee5cff18  50.33MB/107.3MB 
 2a3aee5cff18  50.33MB/107.3MB 
 2a3aee5cff18  50.33MB/107.3MB 
 2a3aee5cff18  50.33MB/107.3MB 
 2a3aee5cff18  50.33MB/107.3MB 
 2a3aee5cff18  50.33MB/107.3MB 
 2a3aee5cff18  50.33MB/107.3MB 
 2a3aee5cff18  50.33MB/107.3MB 
 2a3aee5cff18  50.33MB/107.3MB 
 2a3aee5cff18  50.33MB/107.3MB 
 2a3aee5cff18  50.33MB/107.3MB 
 2a3aee5cff18  50.33MB/107.3MB 
 2a3aee5cff18  50.33MB/107.3MB 
 2a3aee5cff18  50.33MB/107.3MB 
 2a3aee5cff18  51.38MB/107.3MB 
 2a3aee5cff18  51.38MB/107.3MB 
 2a3aee5cff18  51.38MB/107.3MB 
 2a3aee5cff18  51.38MB/107.3MB 
 2a3aee5cff18  51.38MB/107.3MB 
 2a3aee5cff18  51.38MB/107.3MB 
 2a3aee5cff18  51.38MB/107.3MB 
 2a3aee5cff18  51.38MB/107.3MB 
 2a3aee5cff18  51.38MB/107.3MB 
 2a3aee5cff18  51.38MB/107.3MB 
 2a3aee5cff18  51.38MB/107.3MB 
 2a3aee5cff18  51.38MB/107.3MB 
 2a3aee5cff18  51.38MB/107.3MB 
 2a3aee5cff18  51.38MB/107.3MB 
 2a3aee5cff18  51.38MB/107.3MB 
 2a3aee5cff18  51.38MB/107.3MB 
 2a3aee5cff18  51.38MB/107.3MB 
 2a3aee5cff18  51.38MB/107.3MB 
 2a3aee5cff18  51.38MB/107.3MB 
 2a3aee5cff18  51.38MB/107.3MB 
 2a3aee5cff18  51.38MB/107.3MB 
 2a3aee5cff18  51.38MB/107.3MB 
 2a3aee5cff18  51.38MB/107.3MB 
 2a3aee5cff18  51.38MB/107.3MB 
 2a3aee5cff18  51.38MB/107.3MB 
 2a3aee5cff18  51.38MB/107.3MB 
 2a3aee5cff18  51.38MB/107.3MB 
 2a3aee5cff18  51.38MB/107.3MB 
 2a3aee5cff18  51.38MB/107.3MB 
 2a3aee5cff18  51.38MB/107.3MB 
 2a3aee5cff18  51.38MB/107.3MB 
 2a3aee5cff18  51.38MB/107.3MB 
 2a3aee5cff18  51.38MB/107.3MB 
 2a3aee5cff18  51.38MB/107.3MB 
 2a3aee5cff18  51.38MB/107.3MB 
 2a3aee5cff18  51.38MB/107.3MB 
 2a3aee5cff18  51.38MB/107.3MB 
 2a3aee5cff18  51.38MB/107.3MB 
 2a3aee5cff18  51.38MB/107.3MB 
 2a3aee5cff18  51.38MB/107.3MB 
 2a3aee5cff18  51.38MB/107.3MB 
 2a3aee5cff18  51.38MB/107.3MB 
 2a3aee5cff18  51.38MB/107.3MB 
 2a3aee5cff18  51.38MB/107.3MB 
 2a3aee5cff18  51.38MB/107.3MB 
 2a3aee5cff18  51.38MB/107.3MB 
 2a3aee5cff18  51.38MB/107.3MB 
 2a3aee5cff18  51.38MB/107.3MB 
 2a3aee5cff18  51.38MB/107.3MB 
 2a3aee5cff18  51.38MB/107.3MB 
 2a3aee5cff18  51.38MB/107.3MB 
 2a3aee5cff18  51.38MB/107.3MB 
 2a3aee5cff18  51.38MB/107.3MB 
 2a3aee5cff18  51.38MB/107.3MB 
 2a3aee5cff18  51.38MB/107.3MB 
 2a3aee5cff18  52.43MB/107.3MB 
 2a3aee5cff18  52.43MB/107.3MB 
 2a3aee5cff18  52.43MB/107.3MB 
 2a3aee5cff18  52.43MB/107.3MB 
 2a3aee5cff18  52.43MB/107.3MB 
 2a3aee5cff18  52.43MB/107.3MB 
 2a3aee5cff18  52.43MB/107.3MB 
 2a3aee5cff18  52.43MB/107.3MB 
 2a3aee5cff18  52.43MB/107.3MB 
 2a3aee5cff18  52.43MB/107.3MB 
 2a3aee5cff18  52.43MB/107.3MB 
 2a3aee5cff18  52.43MB/107.3MB 
 2a3aee5cff18  52.43MB/107.3MB 
 2a3aee5cff18  52.43MB/107.3MB 
 2a3aee5cff18  52.43MB/107.3MB 
 2a3aee5cff18  52.43MB/107.3MB 
 2a3aee5cff18  52.43MB/107.3MB 
 2a3aee5cff18  52.43MB/107.3MB 
 2a3aee5cff18  52.43MB/107.3MB 
 2a3aee5cff18  52.43MB/107.3MB 
 2a3aee5cff18  52.43MB/107.3MB 
 2a3aee5cff18  52.43MB/107.3MB 
 2a3aee5cff18  52.43MB/107.3MB 
 2a3aee5cff18  52.43MB/107.3MB 
 2a3aee5cff18  52.43MB/107.3MB 
 2a3aee5cff18  52.43MB/107.3MB 
 2a3aee5cff18  52.43MB/107.3MB 
 2a3aee5cff18  52.43MB/107.3MB 
 2a3aee5cff18  52.43MB/107.3MB 
 2a3aee5cff18  52.43MB/107.3MB 
 2a3aee5cff18  52.43MB/107.3MB 
 2a3aee5cff18  52.43MB/107.3MB 
 2a3aee5cff18  52.43MB/107.3MB 
 2a3aee5cff18  52.43MB/107.3MB 
 2a3aee5cff18  52.43MB/107.3MB 
 2a3aee5cff18  52.43MB/107.3MB 
 2a3aee5cff18  52.43MB/107.3MB 
 2a3aee5cff18  52.43MB/107.3MB 
 2a3aee5cff18  52.43MB/107.3MB 
 2a3aee5cff18  52.43MB/107.3MB 
 2a3aee5cff18  52.43MB/107.3MB 
 2a3aee5cff18  52.43MB/107.3MB 
 2a3aee5cff18  52.43MB/107.3MB 
 2a3aee5cff18  53.48MB/107.3MB 
 2a3aee5cff18  53.48MB/107.3MB 
 2a3aee5cff18  53.48MB/107.3MB 
 2a3aee5cff18  53.48MB/107.3MB 
 2a3aee5cff18  53.48MB/107.3MB 
 2a3aee5cff18  53.48MB/107.3MB 
 2a3aee5cff18  53.48MB/107.3MB 
 2a3aee5cff18  53.48MB/107.3MB 
 2a3aee5cff18  53.48MB/107.3MB 
 2a3aee5cff18  53.48MB/107.3MB 
 2a3aee5cff18  53.48MB/107.3MB 
 2a3aee5cff18  53.48MB/107.3MB 
 2a3aee5cff18  53.48MB/107.3MB 
 2a3aee5cff18  53.48MB/107.3MB 
 2a3aee5cff18  53.48MB/107.3MB 
 2a3aee5cff18  53.48MB/107.3MB 
 2a3aee5cff18  53.48MB/107.3MB 
 2a3aee5cff18  53.48MB/107.3MB 
 2a3aee5cff18  53.48MB/107.3MB 
 2a3aee5cff18  53.48MB/107.3MB 
 2a3aee5cff18  53.48MB/107.3MB 
 2a3aee5cff18  53.48MB/107.3MB 
 2a3aee5cff18  53.48MB/107.3MB 
 2a3aee5cff18  53.48MB/107.3MB 
 2a3aee5cff18  53.48MB/107.3MB 
 2a3aee5cff18  53.48MB/107.3MB 
 2a3aee5cff18  53.48MB/107.3MB 
 2a3aee5cff18  53.48MB/107.3MB 
 2a3aee5cff18  53.48MB/107.3MB 
 2a3aee5cff18  53.48MB/107.3MB 
 2a3aee5cff18  53.48MB/107.3MB 
 2a3aee5cff18  53.48MB/107.3MB 
 2a3aee5cff18  53.48MB/107.3MB 
 2a3aee5cff18  53.48MB/107.3MB 
 2a3aee5cff18  53.48MB/107.3MB 
 2a3aee5cff18  53.48MB/107.3MB 
 2a3aee5cff18  53.48MB/107.3MB 
 2a3aee5cff18  53.48MB/107.3MB 
 2a3aee5cff18  53.48MB/107.3MB 
 2a3aee5cff18  53.48MB/107.3MB 
 2a3aee5cff18  53.48MB/107.3MB 
 2a3aee5cff18  53.48MB/107.3MB 
 2a3aee5cff18  53.48MB/107.3MB 
 2a3aee5cff18  53.48MB/107.3MB 
 2a3aee5cff18  53.48MB/107.3MB 
 2a3aee5cff18  53.48MB/107.3MB 
 2a3aee5cff18  53.48MB/107.3MB 
 2a3aee5cff18  53.48MB/107.3MB 
 2a3aee5cff18  53.48MB/107.3MB 
 2a3aee5cff18  53.48MB/107.3MB 
 2a3aee5cff18  53.48MB/107.3MB 
 2a3aee5cff18  53.48MB/107.3MB 
 2a3aee5cff18  54.53MB/107.3MB 
 2a3aee5cff18  54.53MB/107.3MB 
 2a3aee5cff18  54.53MB/107.3MB 
 2a3aee5cff18  54.53MB/107.3MB 
 2a3aee5cff18  54.53MB/107.3MB 
 2a3aee5cff18  54.53MB/107.3MB 
 2a3aee5cff18  54.53MB/107.3MB 
 2a3aee5cff18  54.53MB/107.3MB 
 2a3aee5cff18  54.53MB/107.3MB 
 2a3aee5cff18  54.53MB/107.3MB 
 2a3aee5cff18  54.53MB/107.3MB 
 2a3aee5cff18  54.53MB/107.3MB 
 2a3aee5cff18  54.53MB/107.3MB 
 2a3aee5cff18  54.53MB/107.3MB 
 2a3aee5cff18  54.53MB/107.3MB 
 2a3aee5cff18  54.53MB/107.3MB 
 2a3aee5cff18  54.53MB/107.3MB 
 2a3aee5cff18  54.53MB/107.3MB 
 2a3aee5cff18  54.53MB/107.3MB 
 2a3aee5cff18  54.53MB/107.3MB 
 2a3aee5cff18  54.53MB/107.3MB 
 2a3aee5cff18  54.53MB/107.3MB 
 2a3aee5cff18  54.53MB/107.3MB 
 2a3aee5cff18  54.53MB/107.3MB 
 2a3aee5cff18  54.53MB/107.3MB 
 2a3aee5cff18  54.53MB/107.3MB 
 2a3aee5cff18  54.53MB/107.3MB 
 2a3aee5cff18  54.53MB/107.3MB 
 2a3aee5cff18  54.53MB/107.3MB 
 2a3aee5cff18  54.53MB/107.3MB 
 2a3aee5cff18  55.57MB/107.3MB 
 2a3aee5cff18  55.57MB/107.3MB 
 2a3aee5cff18  55.57MB/107.3MB 
 2a3aee5cff18  55.57MB/107.3MB 
 2a3aee5cff18  55.57MB/107.3MB 
 2a3aee5cff18  55.57MB/107.3MB 
 2a3aee5cff18  55.57MB/107.3MB 
 2a3aee5cff18  55.57MB/107.3MB 
 2a3aee5cff18  55.57MB/107.3MB 
 2a3aee5cff18  55.57MB/107.3MB 
 2a3aee5cff18  55.57MB/107.3MB 
 2a3aee5cff18  55.57MB/107.3MB 
 2a3aee5cff18  55.57MB/107.3MB 
 2a3aee5cff18  55.57MB/107.3MB 
 2a3aee5cff18  55.57MB/107.3MB 
 2a3aee5cff18  55.57MB/107.3MB 
 2a3aee5cff18  55.57MB/107.3MB 
 2a3aee5cff18  55.57MB/107.3MB 
 2a3aee5cff18  55.57MB/107.3MB 
 2a3aee5cff18  55.57MB/107.3MB 
 2a3aee5cff18  55.57MB/107.3MB 
 2a3aee5cff18  55.57MB/107.3MB 
 2a3aee5cff18  55.57MB/107.3MB 
 2a3aee5cff18  55.57MB/107.3MB 
 2a3aee5cff18  55.57MB/107.3MB 
 2a3aee5cff18  55.57MB/107.3MB 
 2a3aee5cff18  55.57MB/107.3MB 
 2a3aee5cff18  55.57MB/107.3MB 
 2a3aee5cff18  55.57MB/107.3MB 
 2a3aee5cff18  55.57MB/107.3MB 
 2a3aee5cff18  56.62MB/107.3MB 
 2a3aee5cff18  56.62MB/107.3MB 
 2a3aee5cff18  56.62MB/107.3MB 
 2a3aee5cff18  56.62MB/107.3MB 
 2a3aee5cff18  56.62MB/107.3MB 
 2a3aee5cff18  56.62MB/107.3MB 
 2a3aee5cff18  56.62MB/107.3MB 
 2a3aee5cff18  56.62MB/107.3MB 
 2a3aee5cff18  56.62MB/107.3MB 
 2a3aee5cff18  56.62MB/107.3MB 
 2a3aee5cff18  56.62MB/107.3MB 
 2a3aee5cff18  56.62MB/107.3MB 
 2a3aee5cff18  56.62MB/107.3MB 
 2a3aee5cff18  56.62MB/107.3MB 
 2a3aee5cff18  56.62MB/107.3MB 
 2a3aee5cff18  56.62MB/107.3MB 
 2a3aee5cff18  56.62MB/107.3MB 
 2a3aee5cff18  56.62MB/107.3MB 
 2a3aee5cff18  56.62MB/107.3MB 
 2a3aee5cff18  56.62MB/107.3MB 
 2a3aee5cff18  56.62MB/107.3MB 
 2a3aee5cff18  56.62MB/107.3MB 
 2a3aee5cff18  56.62MB/107.3MB 
 2a3aee5cff18  56.62MB/107.3MB 
 2a3aee5cff18  56.62MB/107.3MB 
 2a3aee5cff18  56.62MB/107.3MB 
 2a3aee5cff18  56.62MB/107.3MB 
 2a3aee5cff18  56.62MB/107.3MB 
 2a3aee5cff18  56.62MB/107.3MB 
 2a3aee5cff18  56.62MB/107.3MB 
 2a3aee5cff18  57.67MB/107.3MB 
 2a3aee5cff18  57.67MB/107.3MB 
 2a3aee5cff18  57.67MB/107.3MB 
 2a3aee5cff18  57.67MB/107.3MB 
 2a3aee5cff18  57.67MB/107.3MB 
 2a3aee5cff18  57.67MB/107.3MB 
 2a3aee5cff18  57.67MB/107.3MB 
 2a3aee5cff18  57.67MB/107.3MB 
 2a3aee5cff18  57.67MB/107.3MB 
 2a3aee5cff18  57.67MB/107.3MB 
 2a3aee5cff18  57.67MB/107.3MB 
 2a3aee5cff18  57.67MB/107.3MB 
 2a3aee5cff18  57.67MB/107.3MB 
 2a3aee5cff18  57.67MB/107.3MB 
 2a3aee5cff18  57.67MB/107.3MB 
 2a3aee5cff18  57.67MB/107.3MB 
 2a3aee5cff18  57.67MB/107.3MB 
 2a3aee5cff18  57.67MB/107.3MB 
 2a3aee5cff18  57.67MB/107.3MB 
 2a3aee5cff18  57.67MB/107.3MB 
 2a3aee5cff18  57.67MB/107.3MB 
 2a3aee5cff18  57.67MB/107.3MB 
 2a3aee5cff18  57.67MB/107.3MB 
 2a3aee5cff18  57.67MB/107.3MB 
 2a3aee5cff18  57.67MB/107.3MB 
 2a3aee5cff18  57.67MB/107.3MB 
 2a3aee5cff18  57.67MB/107.3MB 
 2a3aee5cff18  57.67MB/107.3MB 
 2a3aee5cff18  57.67MB/107.3MB 
 2a3aee5cff18  57.67MB/107.3MB 
 2a3aee5cff18  58.72MB/107.3MB 
 2a3aee5cff18  58.72MB/107.3MB 
 2a3aee5cff18  58.72MB/107.3MB 
 2a3aee5cff18  58.72MB/107.3MB 
 2a3aee5cff18  58.72MB/107.3MB 
 2a3aee5cff18  58.72MB/107.3MB 
 2a3aee5cff18  58.72MB/107.3MB 
 2a3aee5cff18  58.72MB/107.3MB 
 2a3aee5cff18  58.72MB/107.3MB 
 2a3aee5cff18  58.72MB/107.3MB 
 2a3aee5cff18  58.72MB/107.3MB 
 2a3aee5cff18  58.72MB/107.3MB 
 2a3aee5cff18  58.72MB/107.3MB 
 2a3aee5cff18  58.72MB/107.3MB 
 2a3aee5cff18  58.72MB/107.3MB 
 2a3aee5cff18  58.72MB/107.3MB 
 2a3aee5cff18  58.72MB/107.3MB 
 2a3aee5cff18  58.72MB/107.3MB 
 2a3aee5cff18  58.72MB/107.3MB 
 2a3aee5cff18  58.72MB/107.3MB 
 2a3aee5cff18  58.72MB/107.3MB 
 2a3aee5cff18  58.72MB/107.3MB 
 2a3aee5cff18  58.72MB/107.3MB 
 2a3aee5cff18  58.72MB/107.3MB 
 2a3aee5cff18  58.72MB/107.3MB 
 2a3aee5cff18  58.72MB/107.3MB 
 2a3aee5cff18  58.72MB/107.3MB 
 2a3aee5cff18  58.72MB/107.3MB 
 2a3aee5cff18  58.72MB/107.3MB 
 2a3aee5cff18  58.72MB/107.3MB 
 2a3aee5cff18  58.72MB/107.3MB 
 2a3aee5cff18  58.72MB/107.3MB 
 2a3aee5cff18  58.72MB/107.3MB 
 2a3aee5cff18  58.72MB/107.3MB 
 2a3aee5cff18  58.72MB/107.3MB 
 2a3aee5cff18  58.72MB/107.3MB 
 2a3aee5cff18  58.72MB/107.3MB 
 2a3aee5cff18  58.72MB/107.3MB 
 2a3aee5cff18  58.72MB/107.3MB 
 2a3aee5cff18  58.72MB/107.3MB 
 2a3aee5cff18  59.77MB/107.3MB 
 2a3aee5cff18  59.77MB/107.3MB 
 2a3aee5cff18  59.77MB/107.3MB 
 2a3aee5cff18  59.77MB/107.3MB 
 2a3aee5cff18  59.77MB/107.3MB 
 2a3aee5cff18  59.77MB/107.3MB 
 2a3aee5cff18  59.77MB/107.3MB 
 2a3aee5cff18  59.77MB/107.3MB 
 2a3aee5cff18  59.77MB/107.3MB 
 2a3aee5cff18  59.77MB/107.3MB 
 2a3aee5cff18  59.77MB/107.3MB 
 2a3aee5cff18  59.77MB/107.3MB 
 2a3aee5cff18  59.77MB/107.3MB 
 2a3aee5cff18  59.77MB/107.3MB 
 2a3aee5cff18  59.77MB/107.3MB 
 2a3aee5cff18  59.77MB/107.3MB 
 2a3aee5cff18  59.77MB/107.3MB 
 2a3aee5cff18  59.77MB/107.3MB 
 2a3aee5cff18  59.77MB/107.3MB 
 2a3aee5cff18  59.77MB/107.3MB 
 2a3aee5cff18  59.77MB/107.3MB 
 2a3aee5cff18  59.77MB/107.3MB 
 2a3aee5cff18  59.77MB/107.3MB 
 2a3aee5cff18  59.77MB/107.3MB 
 2a3aee5cff18  59.77MB/107.3MB 
 2a3aee5cff18  59.77MB/107.3MB 
 2a3aee5cff18  59.77MB/107.3MB 
 2a3aee5cff18  59.77MB/107.3MB 
 2a3aee5cff18  59.77MB/107.3MB 
 2a3aee5cff18  59.77MB/107.3MB 
 2a3aee5cff18  59.77MB/107.3MB 
 2a3aee5cff18  59.77MB/107.3MB 
 2a3aee5cff18  59.77MB/107.3MB 
 2a3aee5cff18  59.77MB/107.3MB 
 2a3aee5cff18  59.77MB/107.3MB 
 2a3aee5cff18  60.82MB/107.3MB 
 2a3aee5cff18  60.82MB/107.3MB 
 2a3aee5cff18  60.82MB/107.3MB 
 2a3aee5cff18  60.82MB/107.3MB 
 2a3aee5cff18  60.82MB/107.3MB 
 2a3aee5cff18  60.82MB/107.3MB 
 2a3aee5cff18  60.82MB/107.3MB 
 2a3aee5cff18  60.82MB/107.3MB 
 2a3aee5cff18  60.82MB/107.3MB 
 2a3aee5cff18  60.82MB/107.3MB 
 2a3aee5cff18  60.82MB/107.3MB 
 2a3aee5cff18  60.82MB/107.3MB 
 2a3aee5cff18  60.82MB/107.3MB 
 2a3aee5cff18  60.82MB/107.3MB 
 2a3aee5cff18  60.82MB/107.3MB 
 2a3aee5cff18  60.82MB/107.3MB 
 2a3aee5cff18  60.82MB/107.3MB 
 2a3aee5cff18  60.82MB/107.3MB 
 2a3aee5cff18  60.82MB/107.3MB 
 2a3aee5cff18  60.82MB/107.3MB 
 2a3aee5cff18  60.82MB/107.3MB 
 2a3aee5cff18  60.82MB/107.3MB 
 2a3aee5cff18  60.82MB/107.3MB 
 2a3aee5cff18  60.82MB/107.3MB 
 2a3aee5cff18  60.82MB/107.3MB 
 2a3aee5cff18  60.82MB/107.3MB 
 2a3aee5cff18  60.82MB/107.3MB 
 2a3aee5cff18  60.82MB/107.3MB 
 2a3aee5cff18  60.82MB/107.3MB 
 2a3aee5cff18  60.82MB/107.3MB 
 2a3aee5cff18  61.87MB/107.3MB 
 2a3aee5cff18  61.87MB/107.3MB 
 2a3aee5cff18  61.87MB/107.3MB 
 2a3aee5cff18  61.87MB/107.3MB 
 2a3aee5cff18  61.87MB/107.3MB 
 2a3aee5cff18  61.87MB/107.3MB 
 2a3aee5cff18  61.87MB/107.3MB 
 2a3aee5cff18  61.87MB/107.3MB 
 2a3aee5cff18  61.87MB/107.3MB 
 2a3aee5cff18  61.87MB/107.3MB 
 2a3aee5cff18  61.87MB/107.3MB 
 2a3aee5cff18  61.87MB/107.3MB 
 2a3aee5cff18  61.87MB/107.3MB 
 2a3aee5cff18  61.87MB/107.3MB 
 2a3aee5cff18  61.87MB/107.3MB 
 2a3aee5cff18  61.87MB/107.3MB 
 2a3aee5cff18  61.87MB/107.3MB 
 2a3aee5cff18  61.87MB/107.3MB 
 2a3aee5cff18  61.87MB/107.3MB 
 2a3aee5cff18  61.87MB/107.3MB 
 2a3aee5cff18  61.87MB/107.3MB 
 2a3aee5cff18  61.87MB/107.3MB 
 2a3aee5cff18  61.87MB/107.3MB 
 2a3aee5cff18  61.87MB/107.3MB 
 2a3aee5cff18  61.87MB/107.3MB 
 2a3aee5cff18  61.87MB/107.3MB 
 2a3aee5cff18  61.87MB/107.3MB 
 2a3aee5cff18  61.87MB/107.3MB 
 2a3aee5cff18  61.87MB/107.3MB 
 2a3aee5cff18  61.87MB/107.3MB 
 2a3aee5cff18  61.87MB/107.3MB 
 2a3aee5cff18  61.87MB/107.3MB 
 2a3aee5cff18  61.87MB/107.3MB 
 2a3aee5cff18  61.87MB/107.3MB 
 2a3aee5cff18  61.87MB/107.3MB 
 2a3aee5cff18  62.91MB/107.3MB 
 2a3aee5cff18  62.91MB/107.3MB 
 2a3aee5cff18  62.91MB/107.3MB 
 2a3aee5cff18  62.91MB/107.3MB 
 2a3aee5cff18  62.91MB/107.3MB 
 2a3aee5cff18  62.91MB/107.3MB 
 2a3aee5cff18  62.91MB/107.3MB 
 2a3aee5cff18  62.91MB/107.3MB 
 2a3aee5cff18  62.91MB/107.3MB 
 2a3aee5cff18  62.91MB/107.3MB 
 2a3aee5cff18  62.91MB/107.3MB 
 2a3aee5cff18  62.91MB/107.3MB 
 2a3aee5cff18  62.91MB/107.3MB 
 2a3aee5cff18  62.91MB/107.3MB 
 2a3aee5cff18  62.91MB/107.3MB 
 2a3aee5cff18  62.91MB/107.3MB 
 2a3aee5cff18  62.91MB/107.3MB 
 2a3aee5cff18  62.91MB/107.3MB 
 2a3aee5cff18  62.91MB/107.3MB 
 2a3aee5cff18  62.91MB/107.3MB 
 2a3aee5cff18  62.91MB/107.3MB 
 2a3aee5cff18  62.91MB/107.3MB 
 2a3aee5cff18  62.91MB/107.3MB 
 2a3aee5cff18  62.91MB/107.3MB 
 2a3aee5cff18  62.91MB/107.3MB 
 2a3aee5cff18  62.91MB/107.3MB 
 2a3aee5cff18  62.91MB/107.3MB 
 2a3aee5cff18  62.91MB/107.3MB 
 2a3aee5cff18  62.91MB/107.3MB 
 2a3aee5cff18  62.91MB/107.3MB 
 2a3aee5cff18  63.96MB/107.3MB 
 2a3aee5cff18  63.96MB/107.3MB 
 2a3aee5cff18  63.96MB/107.3MB 
 2a3aee5cff18  63.96MB/107.3MB 
 2a3aee5cff18  63.96MB/107.3MB 
 2a3aee5cff18  63.96MB/107.3MB 
 2a3aee5cff18  63.96MB/107.3MB 
 2a3aee5cff18  63.96MB/107.3MB 
 2a3aee5cff18  63.96MB/107.3MB 
 2a3aee5cff18  63.96MB/107.3MB 
 2a3aee5cff18  63.96MB/107.3MB 
 2a3aee5cff18  63.96MB/107.3MB 
 2a3aee5cff18  63.96MB/107.3MB 
 2a3aee5cff18  63.96MB/107.3MB 
 2a3aee5cff18  63.96MB/107.3MB 
 2a3aee5cff18  63.96MB/107.3MB 
 2a3aee5cff18  63.96MB/107.3MB 
 2a3aee5cff18  63.96MB/107.3MB 
 2a3aee5cff18  63.96MB/107.3MB 
 2a3aee5cff18  63.96MB/107.3MB 
 2a3aee5cff18  63.96MB/107.3MB 
 2a3aee5cff18  63.96MB/107.3MB 
 2a3aee5cff18  63.96MB/107.3MB 
 2a3aee5cff18  63.96MB/107.3MB 
 2a3aee5cff18  63.96MB/107.3MB 
 2a3aee5cff18  63.96MB/107.3MB 
 2a3aee5cff18  63.96MB/107.3MB 
 2a3aee5cff18  63.96MB/107.3MB 
 2a3aee5cff18  63.96MB/107.3MB 
 2a3aee5cff18  65.01MB/107.3MB 
 2a3aee5cff18  65.01MB/107.3MB 
 2a3aee5cff18  65.01MB/107.3MB 
 2a3aee5cff18  65.01MB/107.3MB 
 2a3aee5cff18  65.01MB/107.3MB 
 2a3aee5cff18  65.01MB/107.3MB 
 2a3aee5cff18  65.01MB/107.3MB 
 2a3aee5cff18  65.01MB/107.3MB 
 2a3aee5cff18  65.01MB/107.3MB 
 2a3aee5cff18  65.01MB/107.3MB 
 2a3aee5cff18  65.01MB/107.3MB 
 2a3aee5cff18  65.01MB/107.3MB 
 2a3aee5cff18  65.01MB/107.3MB 
 2a3aee5cff18  65.01MB/107.3MB 
 2a3aee5cff18  65.01MB/107.3MB 
 2a3aee5cff18  65.01MB/107.3MB 
 2a3aee5cff18  65.01MB/107.3MB 
 2a3aee5cff18  65.01MB/107.3MB 
 2a3aee5cff18  65.01MB/107.3MB 
 2a3aee5cff18  65.01MB/107.3MB 
 2a3aee5cff18  65.01MB/107.3MB 
 2a3aee5cff18  65.01MB/107.3MB 
 2a3aee5cff18  65.01MB/107.3MB 
 2a3aee5cff18  65.01MB/107.3MB 
 2a3aee5cff18  65.01MB/107.3MB 
 2a3aee5cff18  65.01MB/107.3MB 
 2a3aee5cff18  65.01MB/107.3MB 
 2a3aee5cff18  65.01MB/107.3MB 
 2a3aee5cff18  65.01MB/107.3MB 
 2a3aee5cff18  65.01MB/107.3MB 
 2a3aee5cff18  65.01MB/107.3MB 
 2a3aee5cff18  66.06MB/107.3MB 
 2a3aee5cff18  66.06MB/107.3MB 
 2a3aee5cff18  66.06MB/107.3MB 
 2a3aee5cff18  66.06MB/107.3MB 
 2a3aee5cff18  66.06MB/107.3MB 
 2a3aee5cff18  66.06MB/107.3MB 
 2a3aee5cff18  66.06MB/107.3MB 
 2a3aee5cff18  66.06MB/107.3MB 
 2a3aee5cff18  66.06MB/107.3MB 
 2a3aee5cff18  66.06MB/107.3MB 
 2a3aee5cff18  66.06MB/107.3MB 
 2a3aee5cff18  66.06MB/107.3MB 
 2a3aee5cff18  66.06MB/107.3MB 
 2a3aee5cff18  66.06MB/107.3MB 
 2a3aee5cff18  66.06MB/107.3MB 
 2a3aee5cff18  66.06MB/107.3MB 
 2a3aee5cff18  66.06MB/107.3MB 
 2a3aee5cff18  66.06MB/107.3MB 
 2a3aee5cff18  66.06MB/107.3MB 
 2a3aee5cff18  66.06MB/107.3MB 
 2a3aee5cff18  66.06MB/107.3MB 
 2a3aee5cff18  66.06MB/107.3MB 
 2a3aee5cff18  66.06MB/107.3MB 
 2a3aee5cff18  66.06MB/107.3MB 
 2a3aee5cff18  66.06MB/107.3MB 
 2a3aee5cff18  66.06MB/107.3MB 
 2a3aee5cff18  66.06MB/107.3MB 
 2a3aee5cff18  66.06MB/107.3MB 
 2a3aee5cff18  66.06MB/107.3MB 
 2a3aee5cff18  66.06MB/107.3MB 
 2a3aee5cff18  66.06MB/107.3MB 
 2a3aee5cff18  66.06MB/107.3MB 
 2a3aee5cff18  66.06MB/107.3MB 
 2a3aee5cff18  66.06MB/107.3MB 
 2a3aee5cff18  66.06MB/107.3MB 
 2a3aee5cff18  66.06MB/107.3MB 
 2a3aee5cff18  66.06MB/107.3MB 
 2a3aee5cff18  66.06MB/107.3MB 
 2a3aee5cff18  66.06MB/107.3MB 
 2a3aee5cff18  66.06MB/107.3MB 
 2a3aee5cff18  67.11MB/107.3MB 
 2a3aee5cff18  67.11MB/107.3MB 
 2a3aee5cff18  67.11MB/107.3MB 
 2a3aee5cff18  67.11MB/107.3MB 
 2a3aee5cff18  67.11MB/107.3MB 
 2a3aee5cff18  67.11MB/107.3MB 
 2a3aee5cff18  67.11MB/107.3MB 
 2a3aee5cff18  67.11MB/107.3MB 
 2a3aee5cff18  67.11MB/107.3MB 
 2a3aee5cff18  67.11MB/107.3MB 
 2a3aee5cff18  67.11MB/107.3MB 
 2a3aee5cff18  67.11MB/107.3MB 
 2a3aee5cff18  67.11MB/107.3MB 
 2a3aee5cff18  67.11MB/107.3MB 
 2a3aee5cff18  67.11MB/107.3MB 
 2a3aee5cff18  67.11MB/107.3MB 
 2a3aee5cff18  67.11MB/107.3MB 
 2a3aee5cff18  67.11MB/107.3MB 
 2a3aee5cff18  67.11MB/107.3MB 
 2a3aee5cff18  67.11MB/107.3MB 
 2a3aee5cff18  67.11MB/107.3MB 
 2a3aee5cff18  67.11MB/107.3MB 
 2a3aee5cff18  67.11MB/107.3MB 
 2a3aee5cff18  67.11MB/107.3MB 
 2a3aee5cff18  67.11MB/107.3MB 
 2a3aee5cff18  67.11MB/107.3MB 
 2a3aee5cff18  67.11MB/107.3MB 
 2a3aee5cff18  67.11MB/107.3MB 
 2a3aee5cff18  67.11MB/107.3MB 
 2a3aee5cff18  67.11MB/107.3MB 
 2a3aee5cff18  68.16MB/107.3MB 
 2a3aee5cff18  68.16MB/107.3MB 
 2a3aee5cff18  68.16MB/107.3MB 
 2a3aee5cff18  68.16MB/107.3MB 
 2a3aee5cff18  68.16MB/107.3MB 
 2a3aee5cff18  68.16MB/107.3MB 
 2a3aee5cff18  68.16MB/107.3MB 
 2a3aee5cff18  68.16MB/107.3MB 
 2a3aee5cff18  68.16MB/107.3MB 
 2a3aee5cff18  68.16MB/107.3MB 
 2a3aee5cff18  68.16MB/107.3MB 
 2a3aee5cff18  68.16MB/107.3MB 
 2a3aee5cff18  68.16MB/107.3MB 
 2a3aee5cff18  68.16MB/107.3MB 
 2a3aee5cff18  68.16MB/107.3MB 
 2a3aee5cff18  68.16MB/107.3MB 
 2a3aee5cff18  68.16MB/107.3MB 
 2a3aee5cff18  68.16MB/107.3MB 
 2a3aee5cff18  68.16MB/107.3MB 
 2a3aee5cff18  68.16MB/107.3MB 
 2a3aee5cff18  68.16MB/107.3MB 
 2a3aee5cff18  68.16MB/107.3MB 
 2a3aee5cff18  68.16MB/107.3MB 
 2a3aee5cff18  68.16MB/107.3MB 
 2a3aee5cff18  68.16MB/107.3MB 
 2a3aee5cff18  68.16MB/107.3MB 
 2a3aee5cff18  68.16MB/107.3MB 
 2a3aee5cff18  68.16MB/107.3MB 
 2a3aee5cff18  68.16MB/107.3MB 
 2a3aee5cff18  68.16MB/107.3MB 
 2a3aee5cff18  69.21MB/107.3MB 
 2a3aee5cff18  69.21MB/107.3MB 
 2a3aee5cff18  69.21MB/107.3MB 
 2a3aee5cff18  69.21MB/107.3MB 
 2a3aee5cff18  69.21MB/107.3MB 
 2a3aee5cff18  69.21MB/107.3MB 
 2a3aee5cff18  69.21MB/107.3MB 
 2a3aee5cff18  69.21MB/107.3MB 
 2a3aee5cff18  69.21MB/107.3MB 
 2a3aee5cff18  69.21MB/107.3MB 
 2a3aee5cff18  69.21MB/107.3MB 
 2a3aee5cff18  69.21MB/107.3MB 
 2a3aee5cff18  69.21MB/107.3MB 
 2a3aee5cff18  69.21MB/107.3MB 
 2a3aee5cff18  69.21MB/107.3MB 
 2a3aee5cff18  69.21MB/107.3MB 
 2a3aee5cff18  69.21MB/107.3MB 
 2a3aee5cff18  69.21MB/107.3MB 
 2a3aee5cff18  69.21MB/107.3MB 
 2a3aee5cff18  69.21MB/107.3MB 
 2a3aee5cff18  69.21MB/107.3MB 
 2a3aee5cff18  69.21MB/107.3MB 
 2a3aee5cff18  69.21MB/107.3MB 
 2a3aee5cff18  69.21MB/107.3MB 
 2a3aee5cff18  69.21MB/107.3MB 
 2a3aee5cff18  69.21MB/107.3MB 
 2a3aee5cff18  69.21MB/107.3MB 
 2a3aee5cff18  69.21MB/107.3MB 
 2a3aee5cff18  69.21MB/107.3MB 
 2a3aee5cff18  69.21MB/107.3MB 
 2a3aee5cff18  69.21MB/107.3MB 
 2a3aee5cff18  69.21MB/107.3MB 
 2a3aee5cff18  69.21MB/107.3MB 
 2a3aee5cff18  69.21MB/107.3MB 
 2a3aee5cff18  69.21MB/107.3MB 
 2a3aee5cff18  69.21MB/107.3MB 
 2a3aee5cff18  69.21MB/107.3MB 
 2a3aee5cff18  69.21MB/107.3MB 
 2a3aee5cff18  69.21MB/107.3MB 
 2a3aee5cff18  69.21MB/107.3MB 
 2a3aee5cff18  69.21MB/107.3MB 
 2a3aee5cff18  69.21MB/107.3MB 
 2a3aee5cff18  69.21MB/107.3MB 
 2a3aee5cff18  69.21MB/107.3MB 
 2a3aee5cff18  69.21MB/107.3MB 
 2a3aee5cff18  69.21MB/107.3MB 
 2a3aee5cff18  69.21MB/107.3MB 
 2a3aee5cff18  69.21MB/107.3MB 
 2a3aee5cff18  70.25MB/107.3MB 
 2a3aee5cff18  70.25MB/107.3MB 
 2a3aee5cff18  70.25MB/107.3MB 
 2a3aee5cff18  70.25MB/107.3MB 
 2a3aee5cff18  70.25MB/107.3MB 
 2a3aee5cff18  70.25MB/107.3MB 
 2a3aee5cff18  70.25MB/107.3MB 
 2a3aee5cff18  70.25MB/107.3MB 
 2a3aee5cff18  70.25MB/107.3MB 
 2a3aee5cff18  70.25MB/107.3MB 
 2a3aee5cff18  70.25MB/107.3MB 
 2a3aee5cff18  70.25MB/107.3MB 
 2a3aee5cff18  70.25MB/107.3MB 
 2a3aee5cff18  70.25MB/107.3MB 
 2a3aee5cff18  70.25MB/107.3MB 
 2a3aee5cff18  70.25MB/107.3MB 
 2a3aee5cff18  70.25MB/107.3MB 
 2a3aee5cff18  70.25MB/107.3MB 
 2a3aee5cff18  70.25MB/107.3MB 
 2a3aee5cff18  70.25MB/107.3MB 
 2a3aee5cff18  70.25MB/107.3MB 
 2a3aee5cff18  70.25MB/107.3MB 
 2a3aee5cff18  70.25MB/107.3MB 
 2a3aee5cff18  70.25MB/107.3MB 
 2a3aee5cff18  70.25MB/107.3MB 
 2a3aee5cff18  70.25MB/107.3MB 
 2a3aee5cff18  70.25MB/107.3MB 
 2a3aee5cff18  70.25MB/107.3MB 
 2a3aee5cff18  70.25MB/107.3MB 
 2a3aee5cff18  70.25MB/107.3MB 
 2a3aee5cff18  70.25MB/107.3MB 
 2a3aee5cff18  70.25MB/107.3MB 
 2a3aee5cff18  70.25MB/107.3MB 
 2a3aee5cff18  70.25MB/107.3MB 
 2a3aee5cff18  70.25MB/107.3MB 
 2a3aee5cff18  70.25MB/107.3MB 
 2a3aee5cff18  70.25MB/107.3MB 
 2a3aee5cff18  70.25MB/107.3MB 
 2a3aee5cff18  70.25MB/107.3MB 
 2a3aee5cff18  70.25MB/107.3MB 
 2a3aee5cff18  70.25MB/107.3MB 
 2a3aee5cff18  70.25MB/107.3MB 
 2a3aee5cff18  70.25MB/107.3MB 
 2a3aee5cff18  70.25MB/107.3MB 
 2a3aee5cff18  70.25MB/107.3MB 
 2a3aee5cff18  70.25MB/107.3MB 
 2a3aee5cff18   71.3MB/107.3MB 
 2a3aee5cff18   71.3MB/107.3MB 
 2a3aee5cff18   71.3MB/107.3MB 
 2a3aee5cff18   71.3MB/107.3MB 
 2a3aee5cff18   71.3MB/107.3MB 
 2a3aee5cff18   71.3MB/107.3MB 
 2a3aee5cff18   71.3MB/107.3MB 
 2a3aee5cff18   71.3MB/107.3MB 
 2a3aee5cff18   71.3MB/107.3MB 
 2a3aee5cff18   71.3MB/107.3MB 
 2a3aee5cff18   71.3MB/107.3MB 
 2a3aee5cff18   71.3MB/107.3MB 
 2a3aee5cff18   71.3MB/107.3MB 
 2a3aee5cff18   71.3MB/107.3MB 
 2a3aee5cff18   71.3MB/107.3MB 
 2a3aee5cff18   71.3MB/107.3MB 
 2a3aee5cff18   71.3MB/107.3MB 
 2a3aee5cff18   71.3MB/107.3MB 
 2a3aee5cff18   71.3MB/107.3MB 
 2a3aee5cff18   71.3MB/107.3MB 
 2a3aee5cff18   71.3MB/107.3MB 
 2a3aee5cff18   71.3MB/107.3MB 
 2a3aee5cff18   71.3MB/107.3MB 
 2a3aee5cff18   71.3MB/107.3MB 
 2a3aee5cff18   71.3MB/107.3MB 
 2a3aee5cff18   71.3MB/107.3MB 
 2a3aee5cff18   71.3MB/107.3MB 
 2a3aee5cff18   71.3MB/107.3MB 
 2a3aee5cff18   71.3MB/107.3MB 
 2a3aee5cff18   71.3MB/107.3MB 
 2a3aee5cff18   71.3MB/107.3MB 
 2a3aee5cff18  72.35MB/107.3MB 
 2a3aee5cff18  72.35MB/107.3MB 
 2a3aee5cff18  72.35MB/107.3MB 
 2a3aee5cff18  72.35MB/107.3MB 
 2a3aee5cff18  72.35MB/107.3MB 
 2a3aee5cff18  72.35MB/107.3MB 
 2a3aee5cff18  72.35MB/107.3MB 
 2a3aee5cff18  72.35MB/107.3MB 
 2a3aee5cff18  72.35MB/107.3MB 
 2a3aee5cff18  72.35MB/107.3MB 
 2a3aee5cff18  72.35MB/107.3MB 
 2a3aee5cff18  72.35MB/107.3MB 
 2a3aee5cff18  72.35MB/107.3MB 
 2a3aee5cff18  72.35MB/107.3MB 
 2a3aee5cff18  72.35MB/107.3MB 
 2a3aee5cff18  72.35MB/107.3MB 
 2a3aee5cff18  72.35MB/107.3MB 
 2a3aee5cff18  72.35MB/107.3MB 
 2a3aee5cff18  72.35MB/107.3MB 
 2a3aee5cff18  72.35MB/107.3MB 
 2a3aee5cff18  72.35MB/107.3MB 
 2a3aee5cff18  72.35MB/107.3MB 
 2a3aee5cff18  72.35MB/107.3MB 
 2a3aee5cff18  72.35MB/107.3MB 
 2a3aee5cff18  72.35MB/107.3MB 
 2a3aee5cff18  72.35MB/107.3MB 
 2a3aee5cff18  72.35MB/107.3MB 
 2a3aee5cff18  72.35MB/107.3MB 
 2a3aee5cff18   73.4MB/107.3MB 
 2a3aee5cff18   73.4MB/107.3MB 
 2a3aee5cff18   73.4MB/107.3MB 
 2a3aee5cff18   73.4MB/107.3MB 
 2a3aee5cff18   73.4MB/107.3MB 
 2a3aee5cff18   73.4MB/107.3MB 
 2a3aee5cff18   73.4MB/107.3MB 
 2a3aee5cff18   73.4MB/107.3MB 
 2a3aee5cff18   73.4MB/107.3MB 
 2a3aee5cff18   73.4MB/107.3MB 
 2a3aee5cff18   73.4MB/107.3MB 
 2a3aee5cff18   73.4MB/107.3MB 
 2a3aee5cff18   73.4MB/107.3MB 
 2a3aee5cff18   73.4MB/107.3MB 
 2a3aee5cff18   73.4MB/107.3MB 
 2a3aee5cff18   73.4MB/107.3MB 
 2a3aee5cff18   73.4MB/107.3MB 
 2a3aee5cff18   73.4MB/107.3MB 
 2a3aee5cff18   73.4MB/107.3MB 
 2a3aee5cff18   73.4MB/107.3MB 
 2a3aee5cff18   73.4MB/107.3MB 
 2a3aee5cff18   73.4MB/107.3MB 
 2a3aee5cff18   73.4MB/107.3MB 
 2a3aee5cff18   73.4MB/107.3MB 
 2a3aee5cff18   73.4MB/107.3MB 
 2a3aee5cff18   73.4MB/107.3MB 
 2a3aee5cff18   73.4MB/107.3MB 
 2a3aee5cff18   73.4MB/107.3MB 
 2a3aee5cff18   73.4MB/107.3MB 
 2a3aee5cff18   73.4MB/107.3MB 
 2a3aee5cff18   73.4MB/107.3MB 
 2a3aee5cff18   73.4MB/107.3MB 
 2a3aee5cff18   73.4MB/107.3MB 
 2a3aee5cff18   73.4MB/107.3MB 
 2a3aee5cff18   73.4MB/107.3MB 
 2a3aee5cff18   73.4MB/107.3MB 
 2a3aee5cff18   73.4MB/107.3MB 
 2a3aee5cff18   73.4MB/107.3MB 
 2a3aee5cff18   73.4MB/107.3MB 
 2a3aee5cff18   73.4MB/107.3MB 
 2a3aee5cff18   73.4MB/107.3MB 
 2a3aee5cff18   73.4MB/107.3MB 
 2a3aee5cff18  74.45MB/107.3MB 
 2a3aee5cff18  74.45MB/107.3MB 
 2a3aee5cff18  74.45MB/107.3MB 
 2a3aee5cff18  74.45MB/107.3MB 
 2a3aee5cff18  74.45MB/107.3MB 
 2a3aee5cff18  74.45MB/107.3MB 
 2a3aee5cff18  74.45MB/107.3MB 
 2a3aee5cff18  74.45MB/107.3MB 
 2a3aee5cff18  74.45MB/107.3MB 
 2a3aee5cff18  74.45MB/107.3MB 
 2a3aee5cff18  74.45MB/107.3MB 
 2a3aee5cff18  74.45MB/107.3MB 
 2a3aee5cff18  74.45MB/107.3MB 
 2a3aee5cff18  74.45MB/107.3MB 
 2a3aee5cff18  74.45MB/107.3MB 
 2a3aee5cff18  74.45MB/107.3MB 
 2a3aee5cff18  74.45MB/107.3MB 
 2a3aee5cff18  74.45MB/107.3MB 
 2a3aee5cff18  74.45MB/107.3MB 
 2a3aee5cff18  74.45MB/107.3MB 
 2a3aee5cff18  74.45MB/107.3MB 
 2a3aee5cff18  74.45MB/107.3MB 
 2a3aee5cff18  74.45MB/107.3MB 
 2a3aee5cff18  74.45MB/107.3MB 
 2a3aee5cff18  74.45MB/107.3MB 
 2a3aee5cff18  74.45MB/107.3MB 
 2a3aee5cff18  74.45MB/107.3MB 
 2a3aee5cff18  74.45MB/107.3MB 
 2a3aee5cff18  74.45MB/107.3MB 
 2a3aee5cff18  74.45MB/107.3MB 
 2a3aee5cff18  74.45MB/107.3MB 
 2a3aee5cff18  74.45MB/107.3MB 
 2a3aee5cff18  74.45MB/107.3MB 
 2a3aee5cff18  74.45MB/107.3MB 
 2a3aee5cff18   75.5MB/107.3MB 
 2a3aee5cff18   75.5MB/107.3MB 
 2a3aee5cff18   75.5MB/107.3MB 
 2a3aee5cff18   75.5MB/107.3MB 
 2a3aee5cff18   75.5MB/107.3MB 
 2a3aee5cff18   75.5MB/107.3MB 
 2a3aee5cff18   75.5MB/107.3MB 
 2a3aee5cff18   75.5MB/107.3MB 
 2a3aee5cff18   75.5MB/107.3MB 
 2a3aee5cff18   75.5MB/107.3MB 
 2a3aee5cff18   75.5MB/107.3MB 
 2a3aee5cff18   75.5MB/107.3MB 
 2a3aee5cff18   75.5MB/107.3MB 
 2a3aee5cff18   75.5MB/107.3MB 
 2a3aee5cff18   75.5MB/107.3MB 
 2a3aee5cff18   75.5MB/107.3MB 
 2a3aee5cff18   75.5MB/107.3MB 
 2a3aee5cff18   75.5MB/107.3MB 
 2a3aee5cff18   75.5MB/107.3MB 
 2a3aee5cff18   75.5MB/107.3MB 
 2a3aee5cff18   75.5MB/107.3MB 
 2a3aee5cff18   75.5MB/107.3MB 
 2a3aee5cff18   75.5MB/107.3MB 
 2a3aee5cff18   75.5MB/107.3MB 
 2a3aee5cff18   75.5MB/107.3MB 
 2a3aee5cff18   75.5MB/107.3MB 
 2a3aee5cff18   75.5MB/107.3MB 
 2a3aee5cff18   75.5MB/107.3MB 
 2a3aee5cff18   75.5MB/107.3MB 
 2a3aee5cff18   75.5MB/107.3MB 
 2a3aee5cff18   75.5MB/107.3MB 
 2a3aee5cff18   75.5MB/107.3MB 
 2a3aee5cff18   75.5MB/107.3MB 
 2a3aee5cff18   75.5MB/107.3MB 
 2a3aee5cff18   75.5MB/107.3MB 
 2a3aee5cff18   75.5MB/107.3MB 
 2a3aee5cff18   75.5MB/107.3MB 
 2a3aee5cff18   75.5MB/107.3MB 
 2a3aee5cff18   75.5MB/107.3MB 
 2a3aee5cff18  76.55MB/107.3MB 
 2a3aee5cff18  76.55MB/107.3MB 
 2a3aee5cff18  76.55MB/107.3MB 
 2a3aee5cff18  76.55MB/107.3MB 
 2a3aee5cff18  76.55MB/107.3MB 
 2a3aee5cff18  76.55MB/107.3MB 
 2a3aee5cff18  76.55MB/107.3MB 
 2a3aee5cff18  76.55MB/107.3MB 
 2a3aee5cff18  76.55MB/107.3MB 
 2a3aee5cff18  76.55MB/107.3MB 
 2a3aee5cff18  76.55MB/107.3MB 
 2a3aee5cff18  76.55MB/107.3MB 
 2a3aee5cff18  76.55MB/107.3MB 
 2a3aee5cff18  76.55MB/107.3MB 
 2a3aee5cff18  76.55MB/107.3MB 
 2a3aee5cff18  76.55MB/107.3MB 
 2a3aee5cff18  76.55MB/107.3MB 
 2a3aee5cff18  76.55MB/107.3MB 
 2a3aee5cff18  76.55MB/107.3MB 
 2a3aee5cff18  76.55MB/107.3MB 
 2a3aee5cff18  76.55MB/107.3MB 
 2a3aee5cff18  76.55MB/107.3MB 
 2a3aee5cff18  76.55MB/107.3MB 
 2a3aee5cff18  76.55MB/107.3MB 
 2a3aee5cff18  76.55MB/107.3MB 
 2a3aee5cff18  76.55MB/107.3MB 
 2a3aee5cff18  76.55MB/107.3MB 
 2a3aee5cff18  76.69MB/107.3MB 
 2a3aee5cff18  76.65MB/107.3MB 
 2a3aee5cff18  77.59MB/107.3MB 
 2a3aee5cff18  77.59MB/107.3MB 
 2a3aee5cff18  77.59MB/107.3MB 
 2a3aee5cff18  77.59MB/107.3MB 
 2a3aee5cff18  77.59MB/107.3MB 
 2a3aee5cff18  77.59MB/107.3MB 
 2a3aee5cff18  77.59MB/107.3MB 
 2a3aee5cff18  77.59MB/107.3MB 
 2a3aee5cff18  77.59MB/107.3MB 
 2a3aee5cff18  77.59MB/107.3MB 
 2a3aee5cff18  77.59MB/107.3MB 
 2a3aee5cff18  77.59MB/107.3MB 
 2a3aee5cff18  77.59MB/107.3MB 
 2a3aee5cff18  77.59MB/107.3MB 
 2a3aee5cff18  77.59MB/107.3MB 
 2a3aee5cff18  77.59MB/107.3MB 
 2a3aee5cff18  77.59MB/107.3MB 
 2a3aee5cff18  77.59MB/107.3MB 
 2a3aee5cff18  77.59MB/107.3MB 
 2a3aee5cff18  77.59MB/107.3MB 
 2a3aee5cff18  77.59MB/107.3MB 
 2a3aee5cff18  77.59MB/107.3MB 
 2a3aee5cff18  77.59MB/107.3MB 
 2a3aee5cff18  77.59MB/107.3MB 
 2a3aee5cff18  77.59MB/107.3MB 
 2a3aee5cff18  77.59MB/107.3MB 
 2a3aee5cff18  77.59MB/107.3MB 
 2a3aee5cff18  77.59MB/107.3MB 
 2a3aee5cff18  77.59MB/107.3MB 
 2a3aee5cff18  77.59MB/107.3MB 
 2a3aee5cff18  77.59MB/107.3MB 
 2a3aee5cff18  77.59MB/107.3MB 
 2a3aee5cff18  77.59MB/107.3MB 
 2a3aee5cff18  77.59MB/107.3MB 
 2a3aee5cff18  77.59MB/107.3MB 
 2a3aee5cff18  77.59MB/107.3MB 
 2a3aee5cff18  77.59MB/107.3MB 
 2a3aee5cff18  77.59MB/107.3MB 
 2a3aee5cff18  77.59MB/107.3MB 
 2a3aee5cff18  77.59MB/107.3MB 
 2a3aee5cff18  77.59MB/107.3MB 
 2a3aee5cff18  77.59MB/107.3MB 
 2a3aee5cff18  77.59MB/107.3MB 
 2a3aee5cff18  78.64MB/107.3MB 
 2a3aee5cff18  78.64MB/107.3MB 
 2a3aee5cff18  78.64MB/107.3MB 
 2a3aee5cff18  78.64MB/107.3MB 
 2a3aee5cff18  78.64MB/107.3MB 
 2a3aee5cff18  78.64MB/107.3MB 
 2a3aee5cff18  78.64MB/107.3MB 
 2a3aee5cff18  78.64MB/107.3MB 
 2a3aee5cff18  78.64MB/107.3MB 
 2a3aee5cff18  78.64MB/107.3MB 
 2a3aee5cff18  78.64MB/107.3MB 
 2a3aee5cff18  78.64MB/107.3MB 
 2a3aee5cff18  78.64MB/107.3MB 
 2a3aee5cff18  78.64MB/107.3MB 
 2a3aee5cff18  78.64MB/107.3MB 
 2a3aee5cff18  78.64MB/107.3MB 
 2a3aee5cff18  78.64MB/107.3MB 
 2a3aee5cff18  78.64MB/107.3MB 
 2a3aee5cff18  78.64MB/107.3MB 
 2a3aee5cff18  78.64MB/107.3MB 
 2a3aee5cff18  78.64MB/107.3MB 
 2a3aee5cff18  78.64MB/107.3MB 
 2a3aee5cff18  78.64MB/107.3MB 
 2a3aee5cff18  78.64MB/107.3MB 
 2a3aee5cff18  78.64MB/107.3MB 
 2a3aee5cff18  78.64MB/107.3MB 
 2a3aee5cff18  78.64MB/107.3MB 
 2a3aee5cff18  78.64MB/107.3MB 
 2a3aee5cff18  78.64MB/107.3MB 
 2a3aee5cff18  78.64MB/107.3MB 
 2a3aee5cff18  79.69MB/107.3MB 
 2a3aee5cff18  79.69MB/107.3MB 
 2a3aee5cff18  79.69MB/107.3MB 
 2a3aee5cff18  79.69MB/107.3MB 
 2a3aee5cff18  79.69MB/107.3MB 
 2a3aee5cff18  79.69MB/107.3MB 
 2a3aee5cff18  79.69MB/107.3MB 
 2a3aee5cff18  79.69MB/107.3MB 
 2a3aee5cff18  79.69MB/107.3MB 
 2a3aee5cff18  79.69MB/107.3MB 
 2a3aee5cff18  79.69MB/107.3MB 
 2a3aee5cff18  79.69MB/107.3MB 
 2a3aee5cff18  79.69MB/107.3MB 
 2a3aee5cff18  79.69MB/107.3MB 
 2a3aee5cff18  79.69MB/107.3MB 
 2a3aee5cff18  79.69MB/107.3MB 
 2a3aee5cff18  79.69MB/107.3MB 
 2a3aee5cff18  79.69MB/107.3MB 
 2a3aee5cff18  79.69MB/107.3MB 
 2a3aee5cff18  79.69MB/107.3MB 
 2a3aee5cff18  79.69MB/107.3MB 
 2a3aee5cff18  79.69MB/107.3MB 
 2a3aee5cff18  79.69MB/107.3MB 
 2a3aee5cff18  79.69MB/107.3MB 
 2a3aee5cff18  79.69MB/107.3MB 
 2a3aee5cff18  79.69MB/107.3MB 
 2a3aee5cff18  79.69MB/107.3MB 
 2a3aee5cff18  79.69MB/107.3MB 
 2a3aee5cff18  80.74MB/107.3MB 
 2a3aee5cff18  80.74MB/107.3MB 
 2a3aee5cff18  80.74MB/107.3MB 
 2a3aee5cff18  80.74MB/107.3MB 
 2a3aee5cff18  80.74MB/107.3MB 
 2a3aee5cff18  80.74MB/107.3MB 
 2a3aee5cff18  80.74MB/107.3MB 
 2a3aee5cff18  80.74MB/107.3MB 
 2a3aee5cff18  80.74MB/107.3MB 
 2a3aee5cff18  80.74MB/107.3MB 
 2a3aee5cff18  80.74MB/107.3MB 
 2a3aee5cff18  80.74MB/107.3MB 
 2a3aee5cff18  80.74MB/107.3MB 
 2a3aee5cff18  80.74MB/107.3MB 
 2a3aee5cff18  80.74MB/107.3MB 
 2a3aee5cff18  80.74MB/107.3MB 
 2a3aee5cff18  80.74MB/107.3MB 
 2a3aee5cff18  80.74MB/107.3MB 
 2a3aee5cff18  80.74MB/107.3MB 
 2a3aee5cff18  80.74MB/107.3MB 
 2a3aee5cff18  80.74MB/107.3MB 
 2a3aee5cff18  80.74MB/107.3MB 
 2a3aee5cff18  80.74MB/107.3MB 
 2a3aee5cff18  80.74MB/107.3MB 
 2a3aee5cff18  80.74MB/107.3MB 
 2a3aee5cff18  80.74MB/107.3MB 
 2a3aee5cff18  80.74MB/107.3MB 
 2a3aee5cff18  81.79MB/107.3MB 
 2a3aee5cff18  81.79MB/107.3MB 
 2a3aee5cff18  81.79MB/107.3MB 
 2a3aee5cff18  81.79MB/107.3MB 
 2a3aee5cff18  81.79MB/107.3MB 
 2a3aee5cff18  81.79MB/107.3MB 
 2a3aee5cff18  81.79MB/107.3MB 
 2a3aee5cff18  81.79MB/107.3MB 
 2a3aee5cff18  81.79MB/107.3MB 
 2a3aee5cff18  81.79MB/107.3MB 
 2a3aee5cff18  81.79MB/107.3MB 
 2a3aee5cff18  81.79MB/107.3MB 
 2a3aee5cff18  81.79MB/107.3MB 
 2a3aee5cff18  81.79MB/107.3MB 
 2a3aee5cff18  81.79MB/107.3MB 
 2a3aee5cff18  81.79MB/107.3MB 
 2a3aee5cff18  81.79MB/107.3MB 
 2a3aee5cff18  81.79MB/107.3MB 
 2a3aee5cff18  81.79MB/107.3MB 
 2a3aee5cff18  81.79MB/107.3MB 
 2a3aee5cff18  81.79MB/107.3MB 
 2a3aee5cff18  81.79MB/107.3MB 
 2a3aee5cff18  81.79MB/107.3MB 
 2a3aee5cff18  81.79MB/107.3MB 
 2a3aee5cff18  81.79MB/107.3MB 
 2a3aee5cff18  81.79MB/107.3MB 
 2a3aee5cff18  81.79MB/107.3MB 
 2a3aee5cff18  81.79MB/107.3MB 
 2a3aee5cff18  81.79MB/107.3MB 
 2a3aee5cff18  81.79MB/107.3MB 
 2a3aee5cff18  82.84MB/107.3MB 
 2a3aee5cff18  82.84MB/107.3MB 
 2a3aee5cff18  82.84MB/107.3MB 
 2a3aee5cff18  82.84MB/107.3MB 
 2a3aee5cff18  82.84MB/107.3MB 
 2a3aee5cff18  82.84MB/107.3MB 
 2a3aee5cff18  82.84MB/107.3MB 
 2a3aee5cff18  82.84MB/107.3MB 
 2a3aee5cff18  82.84MB/107.3MB 
 2a3aee5cff18  82.84MB/107.3MB 
 2a3aee5cff18  82.84MB/107.3MB 
 2a3aee5cff18  82.84MB/107.3MB 
 2a3aee5cff18  82.84MB/107.3MB 
 2a3aee5cff18  82.84MB/107.3MB 
 2a3aee5cff18  82.84MB/107.3MB 
 2a3aee5cff18  82.84MB/107.3MB 
 2a3aee5cff18  82.84MB/107.3MB 
 2a3aee5cff18  82.84MB/107.3MB 
 2a3aee5cff18  82.84MB/107.3MB 
 2a3aee5cff18  82.84MB/107.3MB 
 2a3aee5cff18  82.84MB/107.3MB 
 2a3aee5cff18  82.84MB/107.3MB 
 2a3aee5cff18  82.84MB/107.3MB 
 2a3aee5cff18  82.84MB/107.3MB 
 2a3aee5cff18  82.84MB/107.3MB 
 2a3aee5cff18  82.84MB/107.3MB 
 2a3aee5cff18  82.84MB/107.3MB 
 2a3aee5cff18  82.84MB/107.3MB 
 2a3aee5cff18  82.84MB/107.3MB 
 2a3aee5cff18  82.84MB/107.3MB 
 2a3aee5cff18  83.89MB/107.3MB 
 2a3aee5cff18  83.89MB/107.3MB 
 2a3aee5cff18  83.89MB/107.3MB 
 2a3aee5cff18  83.89MB/107.3MB 
 2a3aee5cff18  83.89MB/107.3MB 
 2a3aee5cff18  83.89MB/107.3MB 
 2a3aee5cff18  83.89MB/107.3MB 
 2a3aee5cff18  83.89MB/107.3MB 
 2a3aee5cff18  83.89MB/107.3MB 
 2a3aee5cff18  83.89MB/107.3MB 
 2a3aee5cff18  83.89MB/107.3MB 
 2a3aee5cff18  83.89MB/107.3MB 
 2a3aee5cff18  83.89MB/107.3MB 
 2a3aee5cff18  83.89MB/107.3MB 
 2a3aee5cff18  83.89MB/107.3MB 
 2a3aee5cff18  83.89MB/107.3MB 
 2a3aee5cff18  83.89MB/107.3MB 
 2a3aee5cff18  83.89MB/107.3MB 
 2a3aee5cff18  83.89MB/107.3MB 
 2a3aee5cff18  83.89MB/107.3MB 
 2a3aee5cff18  83.89MB/107.3MB 
 2a3aee5cff18  83.89MB/107.3MB 
 2a3aee5cff18  83.89MB/107.3MB 
 2a3aee5cff18  83.89MB/107.3MB 
 2a3aee5cff18  83.89MB/107.3MB 
 2a3aee5cff18  83.89MB/107.3MB 
 2a3aee5cff18  83.89MB/107.3MB 
 2a3aee5cff18  83.89MB/107.3MB 
 2a3aee5cff18  83.89MB/107.3MB 
 2a3aee5cff18  83.89MB/107.3MB 
 2a3aee5cff18  83.89MB/107.3MB 
 2a3aee5cff18  83.89MB/107.3MB 
 2a3aee5cff18  83.89MB/107.3MB 
 2a3aee5cff18  83.89MB/107.3MB 
 2a3aee5cff18  83.89MB/107.3MB 
 2a3aee5cff18  84.93MB/107.3MB 
 2a3aee5cff18  84.93MB/107.3MB 
 2a3aee5cff18  84.93MB/107.3MB 
 2a3aee5cff18  84.93MB/107.3MB 
 2a3aee5cff18  84.93MB/107.3MB 
 2a3aee5cff18  84.93MB/107.3MB 
 2a3aee5cff18  84.93MB/107.3MB 
 2a3aee5cff18  84.93MB/107.3MB 
 2a3aee5cff18  84.93MB/107.3MB 
 2a3aee5cff18  84.93MB/107.3MB 
 2a3aee5cff18  84.93MB/107.3MB 
 2a3aee5cff18  84.93MB/107.3MB 
 2a3aee5cff18  84.93MB/107.3MB 
 2a3aee5cff18  84.93MB/107.3MB 
 2a3aee5cff18  84.93MB/107.3MB 
 2a3aee5cff18  84.93MB/107.3MB 
 2a3aee5cff18  84.93MB/107.3MB 
 2a3aee5cff18  84.93MB/107.3MB 
 2a3aee5cff18  84.93MB/107.3MB 
 2a3aee5cff18  84.93MB/107.3MB 
 2a3aee5cff18  84.93MB/107.3MB 
 2a3aee5cff18  84.93MB/107.3MB 
 2a3aee5cff18  84.93MB/107.3MB 
 2a3aee5cff18  84.93MB/107.3MB 
 2a3aee5cff18  84.93MB/107.3MB 
 2a3aee5cff18  85.98MB/107.3MB 
 2a3aee5cff18  85.98MB/107.3MB 
 2a3aee5cff18  85.98MB/107.3MB 
 2a3aee5cff18  85.98MB/107.3MB 
 2a3aee5cff18  85.98MB/107.3MB 
 2a3aee5cff18  85.98MB/107.3MB 
 2a3aee5cff18  85.98MB/107.3MB 
 2a3aee5cff18  85.98MB/107.3MB 
 2a3aee5cff18  85.98MB/107.3MB 
 2a3aee5cff18  85.98MB/107.3MB 
 2a3aee5cff18  85.98MB/107.3MB 
 2a3aee5cff18  85.98MB/107.3MB 
 2a3aee5cff18  85.98MB/107.3MB 
 2a3aee5cff18  85.98MB/107.3MB 
 2a3aee5cff18  85.98MB/107.3MB 
 2a3aee5cff18  85.98MB/107.3MB 
 2a3aee5cff18  85.98MB/107.3MB 
 2a3aee5cff18  85.98MB/107.3MB 
 2a3aee5cff18  85.98MB/107.3MB 
 2a3aee5cff18  85.98MB/107.3MB 
 2a3aee5cff18  85.98MB/107.3MB 
 2a3aee5cff18  85.98MB/107.3MB 
 2a3aee5cff18  85.98MB/107.3MB 
 2a3aee5cff18  85.98MB/107.3MB 
 2a3aee5cff18  85.98MB/107.3MB 
 2a3aee5cff18  85.98MB/107.3MB 
 2a3aee5cff18  85.98MB/107.3MB 
 2a3aee5cff18  85.98MB/107.3MB 
 2a3aee5cff18  85.98MB/107.3MB 
 2a3aee5cff18  85.98MB/107.3MB 
 2a3aee5cff18  85.98MB/107.3MB 
 2a3aee5cff18  85.98MB/107.3MB 
 2a3aee5cff18  85.98MB/107.3MB 
 2a3aee5cff18  85.98MB/107.3MB 
 2a3aee5cff18  85.98MB/107.3MB 
 2a3aee5cff18  87.03MB/107.3MB 
 2a3aee5cff18  87.03MB/107.3MB 
 2a3aee5cff18  87.03MB/107.3MB 
 2a3aee5cff18  87.03MB/107.3MB 
 2a3aee5cff18  87.03MB/107.3MB 
 2a3aee5cff18  87.03MB/107.3MB 
 2a3aee5cff18  87.03MB/107.3MB 
 2a3aee5cff18  87.03MB/107.3MB 
 2a3aee5cff18  87.03MB/107.3MB 
 2a3aee5cff18  87.03MB/107.3MB 
 2a3aee5cff18  87.03MB/107.3MB 
 2a3aee5cff18  87.03MB/107.3MB 
 2a3aee5cff18  87.03MB/107.3MB 
 2a3aee5cff18  87.03MB/107.3MB 
 2a3aee5cff18  87.03MB/107.3MB 
 2a3aee5cff18  87.03MB/107.3MB 
 2a3aee5cff18  87.03MB/107.3MB 
 2a3aee5cff18  87.03MB/107.3MB 
 2a3aee5cff18  87.03MB/107.3MB 
 2a3aee5cff18  87.03MB/107.3MB 
 2a3aee5cff18  87.03MB/107.3MB 
 2a3aee5cff18  87.03MB/107.3MB 
 2a3aee5cff18  87.03MB/107.3MB 
 2a3aee5cff18  87.03MB/107.3MB 
 2a3aee5cff18  87.03MB/107.3MB 
 2a3aee5cff18  87.03MB/107.3MB 
 2a3aee5cff18  87.03MB/107.3MB 
 2a3aee5cff18  87.03MB/107.3MB 
 2a3aee5cff18  87.03MB/107.3MB 
 2a3aee5cff18  87.03MB/107.3MB 
 2a3aee5cff18  87.03MB/107.3MB 
 2a3aee5cff18  87.03MB/107.3MB 
 2a3aee5cff18  87.03MB/107.3MB 
 2a3aee5cff18  88.08MB/107.3MB 
 2a3aee5cff18  88.08MB/107.3MB 
 2a3aee5cff18  88.08MB/107.3MB 
 2a3aee5cff18  88.08MB/107.3MB 
 2a3aee5cff18  88.08MB/107.3MB 
 2a3aee5cff18  88.08MB/107.3MB 
 2a3aee5cff18  88.08MB/107.3MB 
 2a3aee5cff18  88.08MB/107.3MB 
 2a3aee5cff18  88.08MB/107.3MB 
 2a3aee5cff18  88.08MB/107.3MB 
 2a3aee5cff18  88.08MB/107.3MB 
 2a3aee5cff18  88.08MB/107.3MB 
 2a3aee5cff18  88.08MB/107.3MB 
 2a3aee5cff18  88.08MB/107.3MB 
 2a3aee5cff18  88.08MB/107.3MB 
 2a3aee5cff18  88.08MB/107.3MB 
 2a3aee5cff18  88.08MB/107.3MB 
 2a3aee5cff18  88.08MB/107.3MB 
 2a3aee5cff18  88.08MB/107.3MB 
 2a3aee5cff18  88.08MB/107.3MB 
 2a3aee5cff18  88.08MB/107.3MB 
 2a3aee5cff18  88.08MB/107.3MB 
 2a3aee5cff18  88.08MB/107.3MB 
 2a3aee5cff18  88.08MB/107.3MB 
 2a3aee5cff18  88.08MB/107.3MB 
 2a3aee5cff18  88.08MB/107.3MB 
 2a3aee5cff18  88.08MB/107.3MB 
 2a3aee5cff18  88.08MB/107.3MB 
 2a3aee5cff18  88.08MB/107.3MB 
 2a3aee5cff18  88.08MB/107.3MB 
 2a3aee5cff18  88.08MB/107.3MB 
 2a3aee5cff18  88.08MB/107.3MB 
 2a3aee5cff18  88.08MB/107.3MB 
 2a3aee5cff18  88.08MB/107.3MB 
 2a3aee5cff18  88.08MB/107.3MB 
 2a3aee5cff18  88.08MB/107.3MB 
 2a3aee5cff18  88.08MB/107.3MB 
 2a3aee5cff18  88.08MB/107.3MB 
 2a3aee5cff18  88.08MB/107.3MB 
 2a3aee5cff18  88.08MB/107.3MB 
 2a3aee5cff18  88.08MB/107.3MB 
 2a3aee5cff18  88.08MB/107.3MB 
 2a3aee5cff18  88.08MB/107.3MB 
 2a3aee5cff18  88.08MB/107.3MB 
 2a3aee5cff18  88.08MB/107.3MB 
 2a3aee5cff18  89.13MB/107.3MB 
 2a3aee5cff18  89.13MB/107.3MB 
 2a3aee5cff18  89.13MB/107.3MB 
 2a3aee5cff18  89.13MB/107.3MB 
 2a3aee5cff18  89.13MB/107.3MB 
 2a3aee5cff18  89.13MB/107.3MB 
 2a3aee5cff18  89.13MB/107.3MB 
 2a3aee5cff18  89.13MB/107.3MB 
 2a3aee5cff18  89.13MB/107.3MB 
 2a3aee5cff18  89.13MB/107.3MB 
 2a3aee5cff18  89.13MB/107.3MB 
 2a3aee5cff18  89.13MB/107.3MB 
 2a3aee5cff18  89.13MB/107.3MB 
 2a3aee5cff18  89.13MB/107.3MB 
 2a3aee5cff18  89.13MB/107.3MB 
 2a3aee5cff18  89.13MB/107.3MB 
 2a3aee5cff18  89.13MB/107.3MB 
 2a3aee5cff18  89.13MB/107.3MB 
 2a3aee5cff18  89.13MB/107.3MB 
 2a3aee5cff18  89.13MB/107.3MB 
 2a3aee5cff18  89.13MB/107.3MB 
 2a3aee5cff18  89.13MB/107.3MB 
 2a3aee5cff18  89.13MB/107.3MB 
 2a3aee5cff18  89.13MB/107.3MB 
 2a3aee5cff18  89.13MB/107.3MB 
 2a3aee5cff18  89.13MB/107.3MB 
 2a3aee5cff18  89.13MB/107.3MB 
 2a3aee5cff18  89.13MB/107.3MB 
 2a3aee5cff18  89.13MB/107.3MB 
 2a3aee5cff18  89.13MB/107.3MB 
 2a3aee5cff18  89.13MB/107.3MB 
 2a3aee5cff18  89.13MB/107.3MB 
 2a3aee5cff18  89.13MB/107.3MB 
 2a3aee5cff18  89.13MB/107.3MB 
 2a3aee5cff18  89.13MB/107.3MB 
 2a3aee5cff18  89.13MB/107.3MB 
 2a3aee5cff18  90.18MB/107.3MB 
 2a3aee5cff18  90.18MB/107.3MB 
 2a3aee5cff18  90.18MB/107.3MB 
 2a3aee5cff18  90.18MB/107.3MB 
 2a3aee5cff18  90.18MB/107.3MB 
 2a3aee5cff18  90.18MB/107.3MB 
 2a3aee5cff18  90.18MB/107.3MB 
 2a3aee5cff18  90.18MB/107.3MB 
 2a3aee5cff18  90.18MB/107.3MB 
 2a3aee5cff18  90.18MB/107.3MB 
 2a3aee5cff18  90.18MB/107.3MB 
 2a3aee5cff18  90.18MB/107.3MB 
 2a3aee5cff18  90.18MB/107.3MB 
 2a3aee5cff18  90.18MB/107.3MB 
 2a3aee5cff18  90.18MB/107.3MB 
 2a3aee5cff18  90.18MB/107.3MB 
 2a3aee5cff18  90.18MB/107.3MB 
 2a3aee5cff18  90.18MB/107.3MB 
 2a3aee5cff18  90.18MB/107.3MB 
 2a3aee5cff18  90.18MB/107.3MB 
 2a3aee5cff18  90.18MB/107.3MB 
 2a3aee5cff18  90.18MB/107.3MB 
 2a3aee5cff18  90.18MB/107.3MB 
 2a3aee5cff18  90.18MB/107.3MB 
 2a3aee5cff18  90.18MB/107.3MB 
 2a3aee5cff18  90.18MB/107.3MB 
 2a3aee5cff18  90.18MB/107.3MB 
 2a3aee5cff18  90.18MB/107.3MB 
 2a3aee5cff18  90.18MB/107.3MB 
 2a3aee5cff18  90.18MB/107.3MB 
 2a3aee5cff18  90.18MB/107.3MB 
 2a3aee5cff18  90.48MB/107.3MB 
 2a3aee5cff18   90.3MB/107.3MB 
 2a3aee5cff18  91.23MB/107.3MB 
 2a3aee5cff18  91.23MB/107.3MB 
 2a3aee5cff18  91.23MB/107.3MB 
 2a3aee5cff18  91.23MB/107.3MB 
 2a3aee5cff18  91.23MB/107.3MB 
 2a3aee5cff18  91.23MB/107.3MB 
 2a3aee5cff18  91.23MB/107.3MB 
 2a3aee5cff18  91.23MB/107.3MB 
 2a3aee5cff18  91.23MB/107.3MB 
 2a3aee5cff18  91.23MB/107.3MB 
 2a3aee5cff18  91.23MB/107.3MB 
 2a3aee5cff18  91.23MB/107.3MB 
 2a3aee5cff18  91.23MB/107.3MB 
 2a3aee5cff18  91.23MB/107.3MB 
 2a3aee5cff18  91.23MB/107.3MB 
 2a3aee5cff18  91.23MB/107.3MB 
 2a3aee5cff18  91.23MB/107.3MB 
 2a3aee5cff18  91.23MB/107.3MB 
 2a3aee5cff18  91.23MB/107.3MB 
 2a3aee5cff18  91.23MB/107.3MB 
 2a3aee5cff18  91.23MB/107.3MB 
 2a3aee5cff18  91.23MB/107.3MB 
 2a3aee5cff18  91.23MB/107.3MB 
 2a3aee5cff18  91.23MB/107.3MB 
 2a3aee5cff18  91.23MB/107.3MB 
 2a3aee5cff18  91.23MB/107.3MB 
 2a3aee5cff18  91.23MB/107.3MB 
 2a3aee5cff18  91.23MB/107.3MB 
 2a3aee5cff18  91.23MB/107.3MB 
 2a3aee5cff18  91.23MB/107.3MB 
 2a3aee5cff18  91.23MB/107.3MB 
 2a3aee5cff18  91.23MB/107.3MB 
 2a3aee5cff18  91.23MB/107.3MB 
 2a3aee5cff18  92.27MB/107.3MB 
 2a3aee5cff18  92.27MB/107.3MB 
 2a3aee5cff18  92.27MB/107.3MB 
 2a3aee5cff18  92.27MB/107.3MB 
 2a3aee5cff18  92.27MB/107.3MB 
 2a3aee5cff18  92.27MB/107.3MB 
 2a3aee5cff18  92.27MB/107.3MB 
 2a3aee5cff18  92.27MB/107.3MB 
 2a3aee5cff18  92.27MB/107.3MB 
 2a3aee5cff18  92.27MB/107.3MB 
 2a3aee5cff18  92.27MB/107.3MB 
 2a3aee5cff18  92.27MB/107.3MB 
 2a3aee5cff18  92.27MB/107.3MB 
 2a3aee5cff18  92.27MB/107.3MB 
 2a3aee5cff18  92.27MB/107.3MB 
 2a3aee5cff18  92.27MB/107.3MB 
 2a3aee5cff18  92.27MB/107.3MB 
 2a3aee5cff18  92.27MB/107.3MB 
 2a3aee5cff18  92.27MB/107.3MB 
 2a3aee5cff18  92.27MB/107.3MB 
 2a3aee5cff18  92.27MB/107.3MB 
 2a3aee5cff18  92.27MB/107.3MB 
 2a3aee5cff18  92.27MB/107.3MB 
 2a3aee5cff18  92.27MB/107.3MB 
 2a3aee5cff18  92.27MB/107.3MB 
 2a3aee5cff18  92.27MB/107.3MB 
 2a3aee5cff18  92.27MB/107.3MB 
 2a3aee5cff18  92.27MB/107.3MB 
 2a3aee5cff18  92.27MB/107.3MB 
 2a3aee5cff18  93.32MB/107.3MB 
 2a3aee5cff18  93.32MB/107.3MB 
 2a3aee5cff18  93.32MB/107.3MB 
 2a3aee5cff18  93.32MB/107.3MB 
 2a3aee5cff18  93.32MB/107.3MB 
 2a3aee5cff18  93.32MB/107.3MB 
 2a3aee5cff18  93.32MB/107.3MB 
 2a3aee5cff18  93.32MB/107.3MB 
 2a3aee5cff18  93.32MB/107.3MB 
 2a3aee5cff18  93.32MB/107.3MB 
 2a3aee5cff18  93.32MB/107.3MB 
 2a3aee5cff18  93.32MB/107.3MB 
 2a3aee5cff18  93.32MB/107.3MB 
 2a3aee5cff18  93.32MB/107.3MB 
 2a3aee5cff18  93.32MB/107.3MB 
 2a3aee5cff18  93.32MB/107.3MB 
 2a3aee5cff18  93.32MB/107.3MB 
 2a3aee5cff18  93.32MB/107.3MB 
 2a3aee5cff18  93.32MB/107.3MB 
 2a3aee5cff18  93.32MB/107.3MB 
 2a3aee5cff18  93.32MB/107.3MB 
 2a3aee5cff18  93.32MB/107.3MB 
 2a3aee5cff18  93.32MB/107.3MB 
 2a3aee5cff18  93.32MB/107.3MB 
 2a3aee5cff18  93.32MB/107.3MB 
 2a3aee5cff18  93.32MB/107.3MB 
 2a3aee5cff18  93.32MB/107.3MB 
 2a3aee5cff18  93.32MB/107.3MB 
 2a3aee5cff18  93.32MB/107.3MB 
 2a3aee5cff18  93.32MB/107.3MB 
 2a3aee5cff18  93.32MB/107.3MB 
 2a3aee5cff18  93.32MB/107.3MB 
 2a3aee5cff18  93.32MB/107.3MB 
 2a3aee5cff18  93.32MB/107.3MB 
 2a3aee5cff18  93.32MB/107.3MB 
 2a3aee5cff18  93.32MB/107.3MB 
 2a3aee5cff18  93.32MB/107.3MB 
 2a3aee5cff18  93.32MB/107.3MB 
 2a3aee5cff18  93.32MB/107.3MB 
 2a3aee5cff18  93.32MB/107.3MB 
 2a3aee5cff18  93.32MB/107.3MB 
 2a3aee5cff18  94.37MB/107.3MB 
 2a3aee5cff18  94.37MB/107.3MB 
 2a3aee5cff18  94.37MB/107.3MB 
 2a3aee5cff18  94.37MB/107.3MB 
 2a3aee5cff18  94.37MB/107.3MB 
 2a3aee5cff18  94.37MB/107.3MB 
 2a3aee5cff18  94.37MB/107.3MB 
 2a3aee5cff18  94.37MB/107.3MB 
 2a3aee5cff18  94.37MB/107.3MB 
 2a3aee5cff18  94.37MB/107.3MB 
 2a3aee5cff18  94.37MB/107.3MB 
 2a3aee5cff18  94.37MB/107.3MB 
 2a3aee5cff18  94.37MB/107.3MB 
 2a3aee5cff18  94.37MB/107.3MB 
 2a3aee5cff18  94.37MB/107.3MB 
 2a3aee5cff18  94.37MB/107.3MB 
 2a3aee5cff18  94.37MB/107.3MB 
 2a3aee5cff18  94.37MB/107.3MB 
 2a3aee5cff18  94.37MB/107.3MB 
 2a3aee5cff18  94.37MB/107.3MB 
 2a3aee5cff18  94.37MB/107.3MB 
 2a3aee5cff18  94.37MB/107.3MB 
 2a3aee5cff18  94.37MB/107.3MB 
 2a3aee5cff18  94.37MB/107.3MB 
 2a3aee5cff18  94.37MB/107.3MB 
 2a3aee5cff18  94.37MB/107.3MB 
 2a3aee5cff18  94.37MB/107.3MB 
 2a3aee5cff18  94.37MB/107.3MB 
 2a3aee5cff18  94.37MB/107.3MB 
 2a3aee5cff18  94.37MB/107.3MB 
 2a3aee5cff18  94.37MB/107.3MB 
 2a3aee5cff18  94.37MB/107.3MB 
 2a3aee5cff18  94.37MB/107.3MB 
 2a3aee5cff18  94.37MB/107.3MB 
 2a3aee5cff18  94.37MB/107.3MB 
 2a3aee5cff18  94.37MB/107.3MB 
 2a3aee5cff18  94.37MB/107.3MB 
 2a3aee5cff18  94.37MB/107.3MB 
 2a3aee5cff18  94.37MB/107.3MB 
 2a3aee5cff18  94.37MB/107.3MB 
 2a3aee5cff18  94.37MB/107.3MB 
 2a3aee5cff18  94.37MB/107.3MB 
 2a3aee5cff18  94.37MB/107.3MB 
 2a3aee5cff18  94.37MB/107.3MB 
 2a3aee5cff18  94.37MB/107.3MB 
 2a3aee5cff18  94.37MB/107.3MB 
 2a3aee5cff18  94.37MB/107.3MB 
 2a3aee5cff18  94.37MB/107.3MB 
 2a3aee5cff18  94.37MB/107.3MB 
 2a3aee5cff18  94.37MB/107.3MB 
 2a3aee5cff18  94.37MB/107.3MB 
 2a3aee5cff18  94.37MB/107.3MB 
 2a3aee5cff18  94.37MB/107.3MB 
 2a3aee5cff18  94.37MB/107.3MB 
 2a3aee5cff18  94.37MB/107.3MB 
 2a3aee5cff18  94.37MB/107.3MB 
 2a3aee5cff18  94.37MB/107.3MB 
 2a3aee5cff18  94.37MB/107.3MB 
 2a3aee5cff18  94.37MB/107.3MB 
 2a3aee5cff18  94.37MB/107.3MB 
 2a3aee5cff18  94.37MB/107.3MB 
 2a3aee5cff18  94.37MB/107.3MB 
 2a3aee5cff18  94.37MB/107.3MB 
 2a3aee5cff18  94.37MB/107.3MB 
 2a3aee5cff18  94.37MB/107.3MB 
 2a3aee5cff18  94.37MB/107.3MB 
 2a3aee5cff18  94.37MB/107.3MB 
 2a3aee5cff18  94.37MB/107.3MB 
 2a3aee5cff18  94.37MB/107.3MB 
 2a3aee5cff18  94.37MB/107.3MB 
 2a3aee5cff18  95.42MB/107.3MB 
 2a3aee5cff18  95.42MB/107.3MB 
 2a3aee5cff18  95.42MB/107.3MB 
 2a3aee5cff18  95.42MB/107.3MB 
 2a3aee5cff18  95.42MB/107.3MB 
 2a3aee5cff18  95.42MB/107.3MB 
 2a3aee5cff18  95.42MB/107.3MB 
 2a3aee5cff18  95.42MB/107.3MB 
 2a3aee5cff18  95.42MB/107.3MB 
 2a3aee5cff18  95.42MB/107.3MB 
 2a3aee5cff18  95.42MB/107.3MB 
 2a3aee5cff18  95.42MB/107.3MB 
 2a3aee5cff18  95.42MB/107.3MB 
 2a3aee5cff18  95.42MB/107.3MB 
 2a3aee5cff18  95.42MB/107.3MB 
 2a3aee5cff18  95.42MB/107.3MB 
 2a3aee5cff18  95.42MB/107.3MB 
 2a3aee5cff18  95.42MB/107.3MB 
 2a3aee5cff18  95.42MB/107.3MB 
 2a3aee5cff18  95.42MB/107.3MB 
 2a3aee5cff18  95.42MB/107.3MB 
 2a3aee5cff18  95.42MB/107.3MB 
 2a3aee5cff18  95.42MB/107.3MB 
 2a3aee5cff18  95.42MB/107.3MB 
 2a3aee5cff18  95.42MB/107.3MB 
 2a3aee5cff18  95.42MB/107.3MB 
 2a3aee5cff18  95.42MB/107.3MB 
 2a3aee5cff18  95.42MB/107.3MB 
 2a3aee5cff18  95.42MB/107.3MB 
 2a3aee5cff18  95.42MB/107.3MB 
 2a3aee5cff18  95.42MB/107.3MB 
 2a3aee5cff18  95.42MB/107.3MB 
 2a3aee5cff18  95.42MB/107.3MB 
 2a3aee5cff18  95.42MB/107.3MB 
 2a3aee5cff18  95.42MB/107.3MB 
 2a3aee5cff18  95.42MB/107.3MB 
 2a3aee5cff18  95.42MB/107.3MB 
 2a3aee5cff18  95.42MB/107.3MB 
 2a3aee5cff18  95.42MB/107.3MB 
 2a3aee5cff18  95.42MB/107.3MB 
 2a3aee5cff18  95.42MB/107.3MB 
 2a3aee5cff18  95.42MB/107.3MB 
 2a3aee5cff18  95.42MB/107.3MB 
 2a3aee5cff18  95.42MB/107.3MB 
 2a3aee5cff18  95.42MB/107.3MB 
 2a3aee5cff18  95.42MB/107.3MB 
 2a3aee5cff18  95.42MB/107.3MB 
 2a3aee5cff18  95.42MB/107.3MB 
 2a3aee5cff18  95.42MB/107.3MB 
 2a3aee5cff18  95.42MB/107.3MB 
 2a3aee5cff18  95.42MB/107.3MB 
 2a3aee5cff18  95.42MB/107.3MB 
 2a3aee5cff18  95.42MB/107.3MB 
 2a3aee5cff18  95.42MB/107.3MB 
 2a3aee5cff18  95.42MB/107.3MB 
 2a3aee5cff18  95.42MB/107.3MB 
 2a3aee5cff18  95.42MB/107.3MB 
 2a3aee5cff18  95.42MB/107.3MB 
 2a3aee5cff18  95.42MB/107.3MB 
 2a3aee5cff18  95.42MB/107.3MB 
 2a3aee5cff18  96.47MB/107.3MB 
 2a3aee5cff18  96.47MB/107.3MB 
 2a3aee5cff18  96.47MB/107.3MB 
 2a3aee5cff18  96.47MB/107.3MB 
 2a3aee5cff18  96.47MB/107.3MB 
 2a3aee5cff18  96.47MB/107.3MB 
 2a3aee5cff18  96.47MB/107.3MB 
 2a3aee5cff18  96.47MB/107.3MB 
 2a3aee5cff18  96.47MB/107.3MB 
 2a3aee5cff18  96.47MB/107.3MB 
 2a3aee5cff18  96.47MB/107.3MB 
 2a3aee5cff18  96.47MB/107.3MB 
 2a3aee5cff18  96.47MB/107.3MB 
 2a3aee5cff18  96.47MB/107.3MB 
 2a3aee5cff18  96.47MB/107.3MB 
 2a3aee5cff18  96.47MB/107.3MB 
 2a3aee5cff18  96.47MB/107.3MB 
 2a3aee5cff18  96.47MB/107.3MB 
 2a3aee5cff18  96.47MB/107.3MB 
 2a3aee5cff18  96.47MB/107.3MB 
 2a3aee5cff18  96.47MB/107.3MB 
 2a3aee5cff18  96.47MB/107.3MB 
 2a3aee5cff18  96.47MB/107.3MB 
 2a3aee5cff18  96.47MB/107.3MB 
 2a3aee5cff18  96.47MB/107.3MB 
 2a3aee5cff18  96.47MB/107.3MB 
 2a3aee5cff18  96.47MB/107.3MB 
 2a3aee5cff18  96.47MB/107.3MB 
 2a3aee5cff18  96.47MB/107.3MB 
 2a3aee5cff18  96.47MB/107.3MB 
 2a3aee5cff18  96.47MB/107.3MB 
 2a3aee5cff18  96.47MB/107.3MB 
 2a3aee5cff18  96.47MB/107.3MB 
 2a3aee5cff18  96.47MB/107.3MB 
 2a3aee5cff18  96.47MB/107.3MB 
 2a3aee5cff18  96.47MB/107.3MB 
 2a3aee5cff18  96.47MB/107.3MB 
 2a3aee5cff18  96.47MB/107.3MB 
 2a3aee5cff18  96.47MB/107.3MB 
 2a3aee5cff18  96.47MB/107.3MB 
 2a3aee5cff18  96.47MB/107.3MB 
 2a3aee5cff18  96.47MB/107.3MB 
 2a3aee5cff18  96.47MB/107.3MB 
 2a3aee5cff18  96.47MB/107.3MB 
 2a3aee5cff18  96.47MB/107.3MB 
 2a3aee5cff18  96.47MB/107.3MB 
 2a3aee5cff18  96.47MB/107.3MB 
 2a3aee5cff18  96.47MB/107.3MB 
 2a3aee5cff18  96.47MB/107.3MB 
 2a3aee5cff18  96.47MB/107.3MB 
 2a3aee5cff18  96.47MB/107.3MB 
 2a3aee5cff18  96.47MB/107.3MB 
 2a3aee5cff18  96.47MB/107.3MB 
 2a3aee5cff18  96.47MB/107.3MB 
 2a3aee5cff18  96.47MB/107.3MB 
 2a3aee5cff18  96.47MB/107.3MB 
 2a3aee5cff18  96.47MB/107.3MB 
 2a3aee5cff18  96.47MB/107.3MB 
 2a3aee5cff18  96.47MB/107.3MB 
 2a3aee5cff18  96.47MB/107.3MB 
 2a3aee5cff18  96.47MB/107.3MB 
 2a3aee5cff18  96.47MB/107.3MB 
 2a3aee5cff18  96.47MB/107.3MB 
 2a3aee5cff18  96.47MB/107.3MB 
 2a3aee5cff18  96.47MB/107.3MB 
 2a3aee5cff18  97.52MB/107.3MB 
 2a3aee5cff18  97.52MB/107.3MB 
 2a3aee5cff18  97.52MB/107.3MB 
 2a3aee5cff18  97.52MB/107.3MB 
 2a3aee5cff18  97.52MB/107.3MB 
 2a3aee5cff18  97.52MB/107.3MB 
 2a3aee5cff18  97.52MB/107.3MB 
 2a3aee5cff18  97.52MB/107.3MB 
 2a3aee5cff18  97.52MB/107.3MB 
 2a3aee5cff18  97.52MB/107.3MB 
 2a3aee5cff18  97.52MB/107.3MB 
 2a3aee5cff18  97.52MB/107.3MB 
 2a3aee5cff18  97.52MB/107.3MB 
 2a3aee5cff18  97.52MB/107.3MB 
 2a3aee5cff18  97.52MB/107.3MB 
 2a3aee5cff18  97.52MB/107.3MB 
 2a3aee5cff18  97.52MB/107.3MB 
 2a3aee5cff18  97.52MB/107.3MB 
 2a3aee5cff18  97.52MB/107.3MB 
 2a3aee5cff18  97.52MB/107.3MB 
 2a3aee5cff18  97.52MB/107.3MB 
 2a3aee5cff18  97.52MB/107.3MB 
 2a3aee5cff18  97.52MB/107.3MB 
 2a3aee5cff18  97.52MB/107.3MB 
 2a3aee5cff18  97.52MB/107.3MB 
 2a3aee5cff18  97.52MB/107.3MB 
 2a3aee5cff18  97.52MB/107.3MB 
 2a3aee5cff18  97.52MB/107.3MB 
 2a3aee5cff18  97.52MB/107.3MB 
 2a3aee5cff18  97.52MB/107.3MB 
 2a3aee5cff18  97.52MB/107.3MB 
 2a3aee5cff18  97.52MB/107.3MB 
 2a3aee5cff18  97.52MB/107.3MB 
 2a3aee5cff18  97.52MB/107.3MB 
 2a3aee5cff18  97.52MB/107.3MB 
 2a3aee5cff18  98.57MB/107.3MB 
 2a3aee5cff18  98.57MB/107.3MB 
 2a3aee5cff18  98.57MB/107.3MB 
 2a3aee5cff18  98.57MB/107.3MB 
 2a3aee5cff18  98.57MB/107.3MB 
 2a3aee5cff18  98.57MB/107.3MB 
 2a3aee5cff18  98.57MB/107.3MB 
 2a3aee5cff18  98.57MB/107.3MB 
 2a3aee5cff18  98.57MB/107.3MB 
 2a3aee5cff18  98.57MB/107.3MB 
 2a3aee5cff18  98.57MB/107.3MB 
 2a3aee5cff18  98.57MB/107.3MB 
 2a3aee5cff18  98.57MB/107.3MB 
 2a3aee5cff18  98.57MB/107.3MB 
 2a3aee5cff18  98.57MB/107.3MB 
 2a3aee5cff18  98.57MB/107.3MB 
 2a3aee5cff18  98.57MB/107.3MB 
 2a3aee5cff18  98.57MB/107.3MB 
 2a3aee5cff18  98.57MB/107.3MB 
 2a3aee5cff18  98.57MB/107.3MB 
 2a3aee5cff18  98.57MB/107.3MB 
 2a3aee5cff18  98.57MB/107.3MB 
 2a3aee5cff18  98.57MB/107.3MB 
 2a3aee5cff18  98.57MB/107.3MB 
 2a3aee5cff18  98.57MB/107.3MB 
 2a3aee5cff18  98.57MB/107.3MB 
 2a3aee5cff18  98.57MB/107.3MB 
 2a3aee5cff18  98.57MB/107.3MB 
 2a3aee5cff18  98.57MB/107.3MB 
 2a3aee5cff18  98.57MB/107.3MB 
 2a3aee5cff18  98.57MB/107.3MB 
 2a3aee5cff18  98.57MB/107.3MB 
 2a3aee5cff18  98.57MB/107.3MB 
 2a3aee5cff18  98.57MB/107.3MB 
 2a3aee5cff18  98.57MB/107.3MB 
 2a3aee5cff18  98.57MB/107.3MB 
 2a3aee5cff18  98.57MB/107.3MB 
 2a3aee5cff18  98.57MB/107.3MB 
 2a3aee5cff18  98.57MB/107.3MB 
 2a3aee5cff18  98.57MB/107.3MB 
 2a3aee5cff18  98.57MB/107.3MB 
 2a3aee5cff18  98.57MB/107.3MB 
 2a3aee5cff18  98.57MB/107.3MB 
 2a3aee5cff18  99.61MB/107.3MB 
 2a3aee5cff18  99.61MB/107.3MB 
 2a3aee5cff18  99.61MB/107.3MB 
 2a3aee5cff18  99.61MB/107.3MB 
 2a3aee5cff18  99.61MB/107.3MB 
 2a3aee5cff18  99.61MB/107.3MB 
 2a3aee5cff18  99.61MB/107.3MB 
 2a3aee5cff18  99.61MB/107.3MB 
 2a3aee5cff18  99.61MB/107.3MB 
 2a3aee5cff18  99.61MB/107.3MB 
 2a3aee5cff18  99.61MB/107.3MB 
 2a3aee5cff18  99.61MB/107.3MB 
 2a3aee5cff18  99.61MB/107.3MB 
 2a3aee5cff18  99.61MB/107.3MB 
 2a3aee5cff18  99.61MB/107.3MB 
 2a3aee5cff18  99.61MB/107.3MB 
 2a3aee5cff18  99.61MB/107.3MB 
 2a3aee5cff18  99.61MB/107.3MB 
 2a3aee5cff18  99.61MB/107.3MB 
 2a3aee5cff18  99.61MB/107.3MB 
 2a3aee5cff18  99.61MB/107.3MB 
 2a3aee5cff18  99.61MB/107.3MB 
 2a3aee5cff18  99.61MB/107.3MB 
 2a3aee5cff18  99.61MB/107.3MB 
 2a3aee5cff18  99.61MB/107.3MB 
 2a3aee5cff18  99.61MB/107.3MB 
 2a3aee5cff18  99.61MB/107.3MB 
 2a3aee5cff18  99.61MB/107.3MB 
 2a3aee5cff18  99.61MB/107.3MB 
 2a3aee5cff18  99.61MB/107.3MB 
 2a3aee5cff18  99.61MB/107.3MB 
 2a3aee5cff18  99.61MB/107.3MB 
 2a3aee5cff18  99.61MB/107.3MB 
 2a3aee5cff18  99.61MB/107.3MB 
 2a3aee5cff18  99.61MB/107.3MB 
 2a3aee5cff18  99.61MB/107.3MB 
 2a3aee5cff18  99.61MB/107.3MB 
 2a3aee5cff18  100.7MB/107.3MB 
 2a3aee5cff18  100.7MB/107.3MB 
 2a3aee5cff18  100.7MB/107.3MB 
 2a3aee5cff18  100.7MB/107.3MB 
 2a3aee5cff18  100.7MB/107.3MB 
 2a3aee5cff18  100.7MB/107.3MB 
 2a3aee5cff18  100.7MB/107.3MB 
 2a3aee5cff18  100.7MB/107.3MB 
 2a3aee5cff18  100.7MB/107.3MB 
 2a3aee5cff18  100.7MB/107.3MB 
 2a3aee5cff18  100.7MB/107.3MB 
 2a3aee5cff18  100.7MB/107.3MB 
 2a3aee5cff18  100.7MB/107.3MB 
 2a3aee5cff18  100.7MB/107.3MB 
 2a3aee5cff18  100.7MB/107.3MB 
 2a3aee5cff18  100.7MB/107.3MB 
 2a3aee5cff18  100.7MB/107.3MB 
 2a3aee5cff18  100.7MB/107.3MB 
 2a3aee5cff18  100.7MB/107.3MB 
 2a3aee5cff18  100.7MB/107.3MB 
 2a3aee5cff18  100.7MB/107.3MB 
 2a3aee5cff18  100.7MB/107.3MB 
 2a3aee5cff18  100.7MB/107.3MB 
 2a3aee5cff18  100.7MB/107.3MB 
 2a3aee5cff18  100.7MB/107.3MB 
 2a3aee5cff18  100.7MB/107.3MB 
 2a3aee5cff18  100.7MB/107.3MB 
 2a3aee5cff18  100.7MB/107.3MB 
 2a3aee5cff18  100.7MB/107.3MB 
 2a3aee5cff18  100.7MB/107.3MB 
 2a3aee5cff18  100.7MB/107.3MB 
 2a3aee5cff18  100.7MB/107.3MB 
 2a3aee5cff18  100.7MB/107.3MB 
 2a3aee5cff18  100.7MB/107.3MB 
 2a3aee5cff18  100.7MB/107.3MB 
 2a3aee5cff18  100.7MB/107.3MB 
 2a3aee5cff18  100.7MB/107.3MB 
 2a3aee5cff18  100.7MB/107.3MB 
 2a3aee5cff18  100.7MB/107.3MB 
 2a3aee5cff18  100.7MB/107.3MB 
 2a3aee5cff18  100.7MB/107.3MB 
 2a3aee5cff18  100.7MB/107.3MB 
 2a3aee5cff18  100.7MB/107.3MB 
 2a3aee5cff18  100.7MB/107.3MB 
 2a3aee5cff18  100.7MB/107.3MB 
 2a3aee5cff18  100.7MB/107.3MB 
 2a3aee5cff18  100.7MB/107.3MB 
 2a3aee5cff18  100.7MB/107.3MB 
 2a3aee5cff18  100.7MB/107.3MB 
 2a3aee5cff18  100.7MB/107.3MB 
 2a3aee5cff18  101.7MB/107.3MB 
 2a3aee5cff18  101.7MB/107.3MB 
 2a3aee5cff18  101.7MB/107.3MB 
 2a3aee5cff18  101.7MB/107.3MB 
 2a3aee5cff18  101.7MB/107.3MB 
 2a3aee5cff18  101.7MB/107.3MB 
 2a3aee5cff18  101.7MB/107.3MB 
 2a3aee5cff18  101.7MB/107.3MB 
 2a3aee5cff18  101.7MB/107.3MB 
 2a3aee5cff18  101.7MB/107.3MB 
 2a3aee5cff18  101.7MB/107.3MB 
 2a3aee5cff18  101.7MB/107.3MB 
 2a3aee5cff18  101.7MB/107.3MB 
 2a3aee5cff18  101.7MB/107.3MB 
 2a3aee5cff18  101.7MB/107.3MB 
 2a3aee5cff18  101.7MB/107.3MB 
 2a3aee5cff18  101.7MB/107.3MB 
 2a3aee5cff18  101.7MB/107.3MB 
 2a3aee5cff18  101.7MB/107.3MB 
 2a3aee5cff18  101.7MB/107.3MB 
 2a3aee5cff18  101.7MB/107.3MB 
 2a3aee5cff18  101.7MB/107.3MB 
 2a3aee5cff18  101.7MB/107.3MB 
 2a3aee5cff18  101.7MB/107.3MB 
 2a3aee5cff18  101.7MB/107.3MB 
 2a3aee5cff18  101.7MB/107.3MB 
 2a3aee5cff18  101.7MB/107.3MB 
 2a3aee5cff18  101.7MB/107.3MB 
 2a3aee5cff18  101.7MB/107.3MB 
 2a3aee5cff18  101.7MB/107.3MB 
 2a3aee5cff18  102.8MB/107.3MB 
 2a3aee5cff18  102.8MB/107.3MB 
 2a3aee5cff18  102.8MB/107.3MB 
 2a3aee5cff18  102.8MB/107.3MB 
 2a3aee5cff18  102.8MB/107.3MB 
 2a3aee5cff18  102.8MB/107.3MB 
 2a3aee5cff18  102.8MB/107.3MB 
 2a3aee5cff18  102.8MB/107.3MB 
 2a3aee5cff18  102.8MB/107.3MB 
 2a3aee5cff18  102.8MB/107.3MB 
 2a3aee5cff18  102.8MB/107.3MB 
 2a3aee5cff18  102.8MB/107.3MB 
 2a3aee5cff18  102.8MB/107.3MB 
 2a3aee5cff18  102.8MB/107.3MB 
 2a3aee5cff18  102.8MB/107.3MB 
 2a3aee5cff18  102.8MB/107.3MB 
 2a3aee5cff18  102.8MB/107.3MB 
 2a3aee5cff18  102.8MB/107.3MB 
 2a3aee5cff18  102.8MB/107.3MB 
 2a3aee5cff18  102.8MB/107.3MB 
 2a3aee5cff18  102.8MB/107.3MB 
 2a3aee5cff18  102.8MB/107.3MB 
 2a3aee5cff18  102.8MB/107.3MB 
 2a3aee5cff18  102.8MB/107.3MB 
 2a3aee5cff18  102.8MB/107.3MB 
 2a3aee5cff18  102.8MB/107.3MB 
 2a3aee5cff18  102.8MB/107.3MB 
 2a3aee5cff18  102.8MB/107.3MB 
 2a3aee5cff18  102.8MB/107.3MB 
 2a3aee5cff18  102.8MB/107.3MB 
 2a3aee5cff18  102.8MB/107.3MB 
 2a3aee5cff18  102.8MB/107.3MB 
 2a3aee5cff18  102.8MB/107.3MB 
 2a3aee5cff18  102.8MB/107.3MB 
 2a3aee5cff18  102.8MB/107.3MB 
 2a3aee5cff18  102.8MB/107.3MB 
 2a3aee5cff18  102.8MB/107.3MB 
 2a3aee5cff18  102.8MB/107.3MB 
 2a3aee5cff18  102.8MB/107.3MB 
 2a3aee5cff18  102.8MB/107.3MB 
 2a3aee5cff18  103.8MB/107.3MB 
 2a3aee5cff18  103.8MB/107.3MB 
 2a3aee5cff18  103.8MB/107.3MB 
 2a3aee5cff18  103.8MB/107.3MB 
 2a3aee5cff18  103.8MB/107.3MB 
 2a3aee5cff18  103.8MB/107.3MB 
 2a3aee5cff18  103.8MB/107.3MB 
 2a3aee5cff18  103.8MB/107.3MB 
 2a3aee5cff18  103.8MB/107.3MB 
 2a3aee5cff18  103.8MB/107.3MB 
 2a3aee5cff18  103.8MB/107.3MB 
 2a3aee5cff18  103.8MB/107.3MB 
 2a3aee5cff18  103.8MB/107.3MB 
 2a3aee5cff18  103.8MB/107.3MB 
 2a3aee5cff18  103.8MB/107.3MB 
 2a3aee5cff18  103.8MB/107.3MB 
 2a3aee5cff18  103.8MB/107.3MB 
 2a3aee5cff18  103.8MB/107.3MB 
 2a3aee5cff18  103.8MB/107.3MB 
 2a3aee5cff18  103.8MB/107.3MB 
 2a3aee5cff18  103.8MB/107.3MB 
 2a3aee5cff18  103.8MB/107.3MB 
 2a3aee5cff18  103.8MB/107.3MB 
 2a3aee5cff18  103.8MB/107.3MB 
 2a3aee5cff18  103.8MB/107.3MB 
 2a3aee5cff18  103.8MB/107.3MB 
 2a3aee5cff18  103.8MB/107.3MB 
 2a3aee5cff18  103.8MB/107.3MB 
 2a3aee5cff18  103.8MB/107.3MB 
 2a3aee5cff18  103.8MB/107.3MB 
 2a3aee5cff18  103.8MB/107.3MB 
 2a3aee5cff18  103.8MB/107.3MB 
 2a3aee5cff18  103.8MB/107.3MB 
 2a3aee5cff18  103.8MB/107.3MB 
 2a3aee5cff18  103.8MB/107.3MB 
 2a3aee5cff18  104.9MB/107.3MB 
 2a3aee5cff18  104.9MB/107.3MB 
 2a3aee5cff18  104.9MB/107.3MB 
 2a3aee5cff18  104.9MB/107.3MB 
 2a3aee5cff18  104.9MB/107.3MB 
 2a3aee5cff18  104.9MB/107.3MB 
 2a3aee5cff18  104.9MB/107.3MB 
 2a3aee5cff18  104.9MB/107.3MB 
 2a3aee5cff18  104.9MB/107.3MB 
 2a3aee5cff18  104.9MB/107.3MB 
 2a3aee5cff18  104.9MB/107.3MB 
 2a3aee5cff18  104.9MB/107.3MB 
 2a3aee5cff18  104.9MB/107.3MB 
 2a3aee5cff18  104.9MB/107.3MB 
 2a3aee5cff18  104.9MB/107.3MB 
 2a3aee5cff18  104.9MB/107.3MB 
 2a3aee5cff18  104.9MB/107.3MB 
 2a3aee5cff18  104.9MB/107.3MB 
 2a3aee5cff18  104.9MB/107.3MB 
 2a3aee5cff18  104.9MB/107.3MB 
 2a3aee5cff18  104.9MB/107.3MB 
 2a3aee5cff18  104.9MB/107.3MB 
 2a3aee5cff18  104.9MB/107.3MB 
 2a3aee5cff18  104.9MB/107.3MB 
 2a3aee5cff18  104.9MB/107.3MB 
 2a3aee5cff18  104.9MB/107.3MB 
 2a3aee5cff18  104.9MB/107.3MB 
 2a3aee5cff18  104.9MB/107.3MB 
 2a3aee5cff18  104.9MB/107.3MB 
 2a3aee5cff18  104.9MB/107.3MB 
 2a3aee5cff18  104.9MB/107.3MB 
 2a3aee5cff18  104.9MB/107.3MB 
 2a3aee5cff18  104.9MB/107.3MB 
 2a3aee5cff18  104.9MB/107.3MB 
 2a3aee5cff18  104.9MB/107.3MB 
 2a3aee5cff18  104.9MB/107.3MB 
 2a3aee5cff18  104.9MB/107.3MB 
 2a3aee5cff18  104.9MB/107.3MB 
 2a3aee5cff18  105.9MB/107.3MB 
 2a3aee5cff18  105.9MB/107.3MB 
 2a3aee5cff18  105.9MB/107.3MB 
 2a3aee5cff18  105.9MB/107.3MB 
 2a3aee5cff18  105.9MB/107.3MB 
 2a3aee5cff18  105.9MB/107.3MB 
 2a3aee5cff18  105.9MB/107.3MB 
 2a3aee5cff18  105.9MB/107.3MB 
 2a3aee5cff18  105.9MB/107.3MB 
 2a3aee5cff18  105.9MB/107.3MB 
 2a3aee5cff18  105.9MB/107.3MB 
 2a3aee5cff18  105.9MB/107.3MB 
 2a3aee5cff18  105.9MB/107.3MB 
 2a3aee5cff18  105.9MB/107.3MB 
 2a3aee5cff18  105.9MB/107.3MB 
 2a3aee5cff18  105.9MB/107.3MB 
 2a3aee5cff18  105.9MB/107.3MB 
 2a3aee5cff18  105.9MB/107.3MB 
 2a3aee5cff18  105.9MB/107.3MB 
 2a3aee5cff18  105.9MB/107.3MB 
 2a3aee5cff18  105.9MB/107.3MB 
 2a3aee5cff18  105.9MB/107.3MB 
 2a3aee5cff18  105.9MB/107.3MB 
 2a3aee5cff18  105.9MB/107.3MB 
 2a3aee5cff18  105.9MB/107.3MB 
 2a3aee5cff18  105.9MB/107.3MB 
 2a3aee5cff18  105.9MB/107.3MB 
 2a3aee5cff18  105.9MB/107.3MB 
 2a3aee5cff18  105.9MB/107.3MB 
 2a3aee5cff18  105.9MB/107.3MB 
 2a3aee5cff18  105.9MB/107.3MB 
 2a3aee5cff18  105.9MB/107.3MB 
 2a3aee5cff18  105.9MB/107.3MB 
 2a3aee5cff18  105.9MB/107.3MB 
 2a3aee5cff18  105.9MB/107.3MB 
 2a3aee5cff18  105.9MB/107.3MB 
 2a3aee5cff18  105.9MB/107.3MB 
 2a3aee5cff18  105.9MB/107.3MB 
 2a3aee5cff18  105.9MB/107.3MB 
 2a3aee5cff18  105.9MB/107.3MB 
 2a3aee5cff18  105.9MB/107.3MB 
 2a3aee5cff18  105.9MB/107.3MB 
 2a3aee5cff18  105.9MB/107.3MB 
 2a3aee5cff18  105.9MB/107.3MB 
 2a3aee5cff18  105.9MB/107.3MB 
 2a3aee5cff18    107MB/107.3MB 
 2a3aee5cff18    107MB/107.3MB 
 2a3aee5cff18    107MB/107.3MB 
 2a3aee5cff18    107MB/107.3MB 
 2a3aee5cff18    107MB/107.3MB 
 2a3aee5cff18    107MB/107.3MB 
 2a3aee5cff18    107MB/107.3MB 
 2a3aee5cff18  107.3MB/107.3MB 
 2a3aee5cff18  107.3MB/107.3MB 
 2a3aee5cff18  
 2a3aee5cff18 1 s 
 2a3aee5cff18  
 2a3aee5cff18 1 s 
 2a3aee5cff18  
 2a3aee5cff18 1 s 
 2a3aee5cff18  
 2a3aee5cff18  
 2a3aee5cff18 1 s 
 2a3aee5cff18 1 s 
 2a3aee5cff18 1 s 
 2a3aee5cff18 1 s 
 2a3aee5cff18 1 s 
 2a3aee5cff18 1 s 
 2a3aee5cff18 1 s 
 2a3aee5cff18 1 s 
 2a3aee5cff18 1 s 
 2a3aee5cff18 1 s 
 2a3aee5cff18 1 s 
 2a3aee5cff18 1 s 
 2a3aee5cff18 1 s 
 2a3aee5cff18 1 s 
 2a3aee5cff18 1 s 
 2a3aee5cff18 1 s 
 2a3aee5cff18 1 s 
 2a3aee5cff18 1 s 
 2a3aee5cff18 1 s 
 2a3aee5cff18 1 s 
 2a3aee5cff18 1 s 
 2a3aee5cff18 1 s 
 2a3aee5cff18 1 s 
 2a3aee5cff18 1 s 
 2a3aee5cff18 1 s 
 2a3aee5cff18 1 s 
 2a3aee5cff18 1 s 
 2a3aee5cff18 1 s 
 2a3aee5cff18 1 s 
 2a3aee5cff18 1 s 
 2a3aee5cff18 1 s 
 2a3aee5cff18 1 s 
 2a3aee5cff18 1 s 
 2a3aee5cff18 1 s 
 2a3aee5cff18 1 s 
 2a3aee5cff18 1 s 
 2a3aee5cff18 1 s 
 2a3aee5cff18 1 s 
 2a3aee5cff18 1 s 
 2a3aee5cff18 1 s 
 b3e07fcc12d0  
 b3e07fcc12d0  
 50b78e752f7f  
 50b78e752f7f  
 87cffb22d195  
 87cffb22d195  
 6427dcf47359 1 s 
 6427dcf47359 1 s 
 5884e2123361  
 2a3aee5cff18  
 5884e2123361  
 2a3aee5cff18  
 50b78e752f7f  
 b3e07fcc12d0  
 87cffb22d195  
 6427dcf47359  
 5884e2123361  
 2a3aee5cff18  
 b3e07fcc12d0  
 50b78e752f7f  
 Image postgres:16.2 Pulled 
 87cffb22d195  
 6427dcf47359  
 5884e2123361  
 2a3aee5cff18  
 6427dcf47359  
 b3e07fcc12d0  
 50b78e752f7f  
 87cffb22d195  
 5884e2123361  
 2a3aee5cff18  
 6427dcf47359  
 6427dcf47359  
 Image postgres:16.2 Pulled 
 Image postgres:16.2 Pulled 
 Image postgres:16.2 Pulled 
 Image postgres:16.2 Pulled 
 Network myb_my-network Creating 
 Network myb_my-network Created 
 Volume myb_postgres_document_data Creating 
 Volume myb_postgres_document_data Created 
 Volume myb_postgres_coproperty_data Creating 
 Volume myb_postgres_coproperty_data Created 
 Volume myb_postgres_invoice_data Creating 
 Volume myb_postgres_invoice_data Created 
 Volume myb_postgres_data Creating 
 Volume myb_postgres_data Created 
 Volume myb_postgres_keycloak_data Creating 
 Volume myb_postgres_keycloak_data Created 
 Container myb-timesheetDB-1 Creating 
 Container myb-copropertyDB-1 Creating 
 Container keycloak-db Creating 
 Container myb-invoiceDB-1 Creating 
 Container myb-documentDB-1 Creating 
 Container keycloak-db Created 
 Container myb-invoiceDB-1 Created 
 Container myb-timesheetDB-1 Created 
 Container myb-copropertyDB-1 Created 
 Container myb-documentDB-1 Created 
 Container myb-copropertyDB-1 Starting 
 Container myb-timesheetDB-1 Starting 
 Container keycloak-db Starting 
 Container myb-invoiceDB-1 Starting 
 Container myb-documentDB-1 Starting 
 Container myb-documentDB-1 Started 
 Container keycloak-db Started 
 Container myb-copropertyDB-1 Started 
 Container myb-invoiceDB-1 Started 
 Container myb-timesheetDB-1 Started 
time="2026-01-14T21:51:09+01:00" level=warning msg="/Users/macbook/Workspace/myb/docker-compose.yml: the attribute `version` is obsolete, it will be ignored, please remove it to avoid potential confusion"
 Image quay.io/keycloak/keycloak:23.0.4 Pulling 
 7d540c46d7f3  
 f49b9c68cd9b  
 be6bbb578f8c  
 70c0d1c56192  
 70c0d1c56192  1.049MB/6.606MB 
 74e75eba0cad  
 70c0d1c56192  1.049MB/6.606MB 
 7d540c46d7f3  
 70c0d1c56192  1.049MB/6.606MB 
 70c0d1c56192  1.049MB/6.606MB 
 70c0d1c56192  1.049MB/6.606MB 
 70c0d1c56192  1.049MB/6.606MB 
 70c0d1c56192  1.049MB/6.606MB 
 70c0d1c56192  1.049MB/6.606MB 
 70c0d1c56192  2.097MB/6.606MB 
 70c0d1c56192  2.097MB/6.606MB 
 70c0d1c56192  2.097MB/6.606MB 
 70c0d1c56192  2.097MB/6.606MB 
 70c0d1c56192  2.097MB/6.606MB 
 70c0d1c56192  2.097MB/6.606MB 
 70c0d1c56192  2.097MB/6.606MB 
 70c0d1c56192  2.097MB/6.606MB 
 70c0d1c56192  2.097MB/6.606MB 
 70c0d1c56192  2.097MB/6.606MB 
 70c0d1c56192  2.097MB/6.606MB 
 70c0d1c56192  3.146MB/6.606MB 
 70c0d1c56192  3.146MB/6.606MB 
 be6bbb578f8c  1.049MB/76.52MB 
 70c0d1c56192  3.146MB/6.606MB 
 be6bbb578f8c  1.049MB/76.52MB 
 70c0d1c56192  3.146MB/6.606MB 
 be6bbb578f8c  1.049MB/76.52MB 
 70c0d1c56192  3.146MB/6.606MB 
 be6bbb578f8c  1.049MB/76.52MB 
 70c0d1c56192  3.146MB/6.606MB 
 be6bbb578f8c  1.049MB/76.52MB 
 70c0d1c56192  3.146MB/6.606MB 
 be6bbb578f8c  1.049MB/76.52MB 
 70c0d1c56192  3.146MB/6.606MB 
 70c0d1c56192  3.146MB/6.606MB 
 be6bbb578f8c  1.049MB/76.52MB 
 be6bbb578f8c  1.049MB/76.52MB 
 70c0d1c56192  3.146MB/6.606MB 
 be6bbb578f8c  1.049MB/76.52MB 
 70c0d1c56192  3.146MB/6.606MB 
 70c0d1c56192  4.194MB/6.606MB 
 f49b9c68cd9b  1.049MB/177.9MB 
 be6bbb578f8c  1.049MB/76.52MB 
 70c0d1c56192  4.194MB/6.606MB 
 f49b9c68cd9b  1.049MB/177.9MB 
 be6bbb578f8c  1.049MB/76.52MB 
 be6bbb578f8c  1.049MB/76.52MB 
 70c0d1c56192  4.194MB/6.606MB 
 f49b9c68cd9b  1.049MB/177.9MB 
 be6bbb578f8c  1.049MB/76.52MB 
 70c0d1c56192  4.194MB/6.606MB 
 f49b9c68cd9b  1.049MB/177.9MB 
 be6bbb578f8c  1.049MB/76.52MB 
 70c0d1c56192  4.194MB/6.606MB 
 f49b9c68cd9b  1.049MB/177.9MB 
 70c0d1c56192  4.194MB/6.606MB 
 f49b9c68cd9b  1.049MB/177.9MB 
 be6bbb578f8c  2.097MB/76.52MB 
 70c0d1c56192  4.194MB/6.606MB 
 f49b9c68cd9b  1.049MB/177.9MB 
 be6bbb578f8c  2.097MB/76.52MB 
 be6bbb578f8c  2.097MB/76.52MB 
 70c0d1c56192  4.194MB/6.606MB 
 f49b9c68cd9b  1.049MB/177.9MB 
 be6bbb578f8c  2.097MB/76.52MB 
 70c0d1c56192  5.243MB/6.606MB 
 f49b9c68cd9b  1.049MB/177.9MB 
 be6bbb578f8c  2.097MB/76.52MB 
 70c0d1c56192  5.243MB/6.606MB 
 f49b9c68cd9b  1.049MB/177.9MB 
 be6bbb578f8c  2.097MB/76.52MB 
 70c0d1c56192  5.243MB/6.606MB 
 f49b9c68cd9b  1.049MB/177.9MB 
 be6bbb578f8c  2.097MB/76.52MB 
 70c0d1c56192  5.243MB/6.606MB 
 f49b9c68cd9b  1.049MB/177.9MB 
 be6bbb578f8c  2.097MB/76.52MB 
 70c0d1c56192  5.243MB/6.606MB 
 f49b9c68cd9b  1.049MB/177.9MB 
 70c0d1c56192  5.243MB/6.606MB 
 f49b9c68cd9b  1.049MB/177.9MB 
 be6bbb578f8c  2.097MB/76.52MB 
 be6bbb578f8c  2.097MB/76.52MB 
 70c0d1c56192  5.243MB/6.606MB 
 f49b9c68cd9b  1.049MB/177.9MB 
 70c0d1c56192  5.243MB/6.606MB 
 f49b9c68cd9b  1.049MB/177.9MB 
 be6bbb578f8c  2.097MB/76.52MB 
 be6bbb578f8c  2.097MB/76.52MB 
 70c0d1c56192  5.243MB/6.606MB 
 f49b9c68cd9b  1.049MB/177.9MB 
 70c0d1c56192  5.243MB/6.606MB 
 f49b9c68cd9b  1.049MB/177.9MB 
 be6bbb578f8c  2.097MB/76.52MB 
 be6bbb578f8c  2.097MB/76.52MB 
 70c0d1c56192  6.291MB/6.606MB 
 f49b9c68cd9b  1.049MB/177.9MB 
 be6bbb578f8c  3.146MB/76.52MB 
 70c0d1c56192  6.606MB/6.606MB 
 f49b9c68cd9b  1.049MB/177.9MB 
 be6bbb578f8c  3.146MB/76.52MB 
 70c0d1c56192  
 f49b9c68cd9b  1.049MB/177.9MB 
 70c0d1c56192  
 f49b9c68cd9b  1.049MB/177.9MB 
 be6bbb578f8c  3.146MB/76.52MB 
 be6bbb578f8c  3.146MB/76.52MB 
 f49b9c68cd9b  1.049MB/177.9MB 
 f49b9c68cd9b  1.049MB/177.9MB 
 be6bbb578f8c  3.146MB/76.52MB 
 be6bbb578f8c  3.146MB/76.52MB 
 f49b9c68cd9b  1.049MB/177.9MB 
 f49b9c68cd9b  1.049MB/177.9MB 
 be6bbb578f8c  3.146MB/76.52MB 
 be6bbb578f8c  3.146MB/76.52MB 
 f49b9c68cd9b  1.049MB/177.9MB 
 be6bbb578f8c  3.146MB/76.52MB 
 f49b9c68cd9b  1.049MB/177.9MB 
 f49b9c68cd9b  1.049MB/177.9MB 
 be6bbb578f8c  3.146MB/76.52MB 
 be6bbb578f8c  3.146MB/76.52MB 
 f49b9c68cd9b  1.049MB/177.9MB 
 f49b9c68cd9b  2.097MB/177.9MB 
 be6bbb578f8c  3.146MB/76.52MB 
 be6bbb578f8c  3.146MB/76.52MB 
 f49b9c68cd9b  2.097MB/177.9MB 
 f49b9c68cd9b  2.097MB/177.9MB 
 be6bbb578f8c  4.194MB/76.52MB 
 be6bbb578f8c  4.194MB/76.52MB 
 f49b9c68cd9b  2.097MB/177.9MB 
 be6bbb578f8c  4.194MB/76.52MB 
 f49b9c68cd9b  2.097MB/177.9MB 
 f49b9c68cd9b  2.097MB/177.9MB 
 be6bbb578f8c  4.194MB/76.52MB 
 be6bbb578f8c  4.194MB/76.52MB 
 f49b9c68cd9b  2.097MB/177.9MB 
 be6bbb578f8c  4.194MB/76.52MB 
 f49b9c68cd9b  2.097MB/177.9MB 
 be6bbb578f8c  4.194MB/76.52MB 
 f49b9c68cd9b  2.097MB/177.9MB 
 f49b9c68cd9b  2.097MB/177.9MB 
 be6bbb578f8c  4.194MB/76.52MB 
 be6bbb578f8c  4.194MB/76.52MB 
 f49b9c68cd9b  2.097MB/177.9MB 
 be6bbb578f8c  4.194MB/76.52MB 
 f49b9c68cd9b  2.097MB/177.9MB 
 be6bbb578f8c  5.243MB/76.52MB 
 f49b9c68cd9b  2.097MB/177.9MB 
 be6bbb578f8c  5.243MB/76.52MB 
 f49b9c68cd9b  2.097MB/177.9MB 
 be6bbb578f8c  5.243MB/76.52MB 
 f49b9c68cd9b  2.097MB/177.9MB 
 f49b9c68cd9b  2.097MB/177.9MB 
 be6bbb578f8c  5.243MB/76.52MB 
 be6bbb578f8c  5.243MB/76.52MB 
 f49b9c68cd9b  2.097MB/177.9MB 
 f49b9c68cd9b  2.097MB/177.9MB 
 be6bbb578f8c  5.243MB/76.52MB 
 f49b9c68cd9b  2.097MB/177.9MB 
 be6bbb578f8c  5.243MB/76.52MB 
 f49b9c68cd9b  2.097MB/177.9MB 
 be6bbb578f8c  5.243MB/76.52MB 
 be6bbb578f8c  6.291MB/76.52MB 
 f49b9c68cd9b  2.097MB/177.9MB 
 f49b9c68cd9b  2.097MB/177.9MB 
 be6bbb578f8c  6.291MB/76.52MB 
 be6bbb578f8c  6.291MB/76.52MB 
 f49b9c68cd9b  2.097MB/177.9MB 
 f49b9c68cd9b  2.097MB/177.9MB 
 be6bbb578f8c  6.291MB/76.52MB 
 be6bbb578f8c  6.291MB/76.52MB 
 f49b9c68cd9b  2.097MB/177.9MB 
 be6bbb578f8c  6.291MB/76.52MB 
 f49b9c68cd9b  2.097MB/177.9MB 
 be6bbb578f8c  6.291MB/76.52MB 
 f49b9c68cd9b  2.097MB/177.9MB 
 be6bbb578f8c  6.291MB/76.52MB 
 f49b9c68cd9b  2.097MB/177.9MB 
 f49b9c68cd9b  2.097MB/177.9MB 
 be6bbb578f8c  6.291MB/76.52MB 
 be6bbb578f8c  6.291MB/76.52MB 
 f49b9c68cd9b  2.097MB/177.9MB 
 be6bbb578f8c   7.34MB/76.52MB 
 f49b9c68cd9b  2.097MB/177.9MB 
 be6bbb578f8c   7.34MB/76.52MB 
 f49b9c68cd9b  2.097MB/177.9MB 
 be6bbb578f8c   7.34MB/76.52MB 
 f49b9c68cd9b  2.097MB/177.9MB 
 be6bbb578f8c   7.34MB/76.52MB 
 f49b9c68cd9b  2.097MB/177.9MB 
 f49b9c68cd9b  2.097MB/177.9MB 
 be6bbb578f8c   7.34MB/76.52MB 
 be6bbb578f8c   7.34MB/76.52MB 
 f49b9c68cd9b  2.097MB/177.9MB 
 be6bbb578f8c   7.34MB/76.52MB 
 f49b9c68cd9b  2.097MB/177.9MB 
 f49b9c68cd9b  2.097MB/177.9MB 
 be6bbb578f8c   7.34MB/76.52MB 
 f49b9c68cd9b  3.146MB/177.9MB 
 be6bbb578f8c   7.34MB/76.52MB 
 f49b9c68cd9b  3.146MB/177.9MB 
 be6bbb578f8c   7.34MB/76.52MB 
 f49b9c68cd9b  3.146MB/177.9MB 
 be6bbb578f8c  8.389MB/76.52MB 
 be6bbb578f8c  8.389MB/76.52MB 
 f49b9c68cd9b  3.146MB/177.9MB 
 be6bbb578f8c  8.389MB/76.52MB 
 f49b9c68cd9b  3.146MB/177.9MB 
 be6bbb578f8c  8.389MB/76.52MB 
 f49b9c68cd9b  3.146MB/177.9MB 
 be6bbb578f8c  8.389MB/76.52MB 
 f49b9c68cd9b  3.146MB/177.9MB 
 f49b9c68cd9b  3.146MB/177.9MB 
 be6bbb578f8c  8.389MB/76.52MB 
 be6bbb578f8c  8.389MB/76.52MB 
 f49b9c68cd9b  3.146MB/177.9MB 
 be6bbb578f8c  8.389MB/76.52MB 
 f49b9c68cd9b  3.146MB/177.9MB 
 be6bbb578f8c  8.389MB/76.52MB 
 f49b9c68cd9b  3.146MB/177.9MB 
 be6bbb578f8c  9.437MB/76.52MB 
 f49b9c68cd9b  3.146MB/177.9MB 
 be6bbb578f8c  9.437MB/76.52MB 
 f49b9c68cd9b  3.146MB/177.9MB 
 f49b9c68cd9b  3.146MB/177.9MB 
 be6bbb578f8c  9.437MB/76.52MB 
 be6bbb578f8c  9.437MB/76.52MB 
 f49b9c68cd9b  3.146MB/177.9MB 
 be6bbb578f8c  9.437MB/76.52MB 
 f49b9c68cd9b  3.146MB/177.9MB 
 be6bbb578f8c  9.437MB/76.52MB 
 f49b9c68cd9b  3.146MB/177.9MB 
 be6bbb578f8c  9.437MB/76.52MB 
 f49b9c68cd9b  3.146MB/177.9MB 
 be6bbb578f8c  9.437MB/76.52MB 
 f49b9c68cd9b  3.146MB/177.9MB 
 f49b9c68cd9b  3.146MB/177.9MB 
 be6bbb578f8c  9.437MB/76.52MB 
 be6bbb578f8c  10.49MB/76.52MB 
 f49b9c68cd9b  3.146MB/177.9MB 
 be6bbb578f8c  10.49MB/76.52MB 
 f49b9c68cd9b  3.146MB/177.9MB 
 f49b9c68cd9b  3.146MB/177.9MB 
 be6bbb578f8c  10.49MB/76.52MB 
 be6bbb578f8c  10.49MB/76.52MB 
 f49b9c68cd9b  4.194MB/177.9MB 
 be6bbb578f8c  10.49MB/76.52MB 
 f49b9c68cd9b  4.194MB/177.9MB 
 be6bbb578f8c  10.49MB/76.52MB 
 f49b9c68cd9b  4.194MB/177.9MB 
 be6bbb578f8c  10.49MB/76.52MB 
 f49b9c68cd9b  4.194MB/177.9MB 
 be6bbb578f8c  10.49MB/76.52MB 
 f49b9c68cd9b  4.194MB/177.9MB 
 f49b9c68cd9b  4.194MB/177.9MB 
 be6bbb578f8c  10.49MB/76.52MB 
 f49b9c68cd9b  4.194MB/177.9MB 
 be6bbb578f8c  10.49MB/76.52MB 
 f49b9c68cd9b  4.194MB/177.9MB 
 be6bbb578f8c  10.49MB/76.52MB 
 be6bbb578f8c  10.49MB/76.52MB 
 f49b9c68cd9b  4.194MB/177.9MB 
 be6bbb578f8c  10.49MB/76.52MB 
 f49b9c68cd9b  4.194MB/177.9MB 
 be6bbb578f8c  11.53MB/76.52MB 
 f49b9c68cd9b  4.194MB/177.9MB 
 be6bbb578f8c  11.53MB/76.52MB 
 f49b9c68cd9b  4.194MB/177.9MB 
 be6bbb578f8c  11.53MB/76.52MB 
 f49b9c68cd9b  4.194MB/177.9MB 
 f49b9c68cd9b  4.194MB/177.9MB 
 be6bbb578f8c  11.53MB/76.52MB 
 f49b9c68cd9b  4.194MB/177.9MB 
 be6bbb578f8c  11.53MB/76.52MB 
 f49b9c68cd9b  4.194MB/177.9MB 
 be6bbb578f8c  11.53MB/76.52MB 
 f49b9c68cd9b  4.194MB/177.9MB 
 be6bbb578f8c  11.53MB/76.52MB 
 be6bbb578f8c  11.53MB/76.52MB 
 f49b9c68cd9b  4.194MB/177.9MB 
 be6bbb578f8c  11.53MB/76.52MB 
 f49b9c68cd9b  4.194MB/177.9MB 
 be6bbb578f8c  11.53MB/76.52MB 
 f49b9c68cd9b  5.243MB/177.9MB 
 be6bbb578f8c  11.53MB/76.52MB 
 f49b9c68cd9b  5.243MB/177.9MB 
 be6bbb578f8c  12.58MB/76.52MB 
 f49b9c68cd9b  5.243MB/177.9MB 
 be6bbb578f8c  12.58MB/76.52MB 
 f49b9c68cd9b  5.243MB/177.9MB 
 be6bbb578f8c  12.58MB/76.52MB 
 f49b9c68cd9b  5.243MB/177.9MB 
 be6bbb578f8c  12.58MB/76.52MB 
 f49b9c68cd9b  5.243MB/177.9MB 
 be6bbb578f8c  12.58MB/76.52MB 
 f49b9c68cd9b  5.243MB/177.9MB 
 f49b9c68cd9b  5.243MB/177.9MB 
 be6bbb578f8c  12.58MB/76.52MB 
 be6bbb578f8c  12.58MB/76.52MB 
 f49b9c68cd9b  5.243MB/177.9MB 
 be6bbb578f8c  12.58MB/76.52MB 
 f49b9c68cd9b  5.243MB/177.9MB 
 f49b9c68cd9b  5.243MB/177.9MB 
 be6bbb578f8c  12.58MB/76.52MB 
 be6bbb578f8c  12.58MB/76.52MB 
 f49b9c68cd9b  5.243MB/177.9MB 
 f49b9c68cd9b  5.243MB/177.9MB 
 be6bbb578f8c  13.63MB/76.52MB 
 be6bbb578f8c  13.63MB/76.52MB 
 f49b9c68cd9b  5.243MB/177.9MB 
 f49b9c68cd9b  5.243MB/177.9MB 
 be6bbb578f8c  13.63MB/76.52MB 
 be6bbb578f8c  13.63MB/76.52MB 
 f49b9c68cd9b  5.243MB/177.9MB 
 f49b9c68cd9b  5.243MB/177.9MB 
 be6bbb578f8c  13.63MB/76.52MB 
 be6bbb578f8c  13.63MB/76.52MB 
 f49b9c68cd9b  5.243MB/177.9MB 
 f49b9c68cd9b  5.243MB/177.9MB 
 be6bbb578f8c  13.63MB/76.52MB 
 f49b9c68cd9b  5.243MB/177.9MB 
 be6bbb578f8c  13.63MB/76.52MB 
 f49b9c68cd9b  5.243MB/177.9MB 
 be6bbb578f8c  13.63MB/76.52MB 
 be6bbb578f8c  13.63MB/76.52MB 
 f49b9c68cd9b  6.291MB/177.9MB 
 be6bbb578f8c  13.63MB/76.52MB 
 f49b9c68cd9b  6.291MB/177.9MB 
 f49b9c68cd9b  6.291MB/177.9MB 
 be6bbb578f8c  13.63MB/76.52MB 
 be6bbb578f8c  13.63MB/76.52MB 
 f49b9c68cd9b  6.291MB/177.9MB 
 be6bbb578f8c  13.63MB/76.52MB 
 f49b9c68cd9b  6.291MB/177.9MB 
 be6bbb578f8c  13.63MB/76.52MB 
 f49b9c68cd9b  6.291MB/177.9MB 
 f49b9c68cd9b  6.291MB/177.9MB 
 be6bbb578f8c  14.68MB/76.52MB 
 be6bbb578f8c  14.68MB/76.52MB 
 f49b9c68cd9b  6.291MB/177.9MB 
 f49b9c68cd9b  6.291MB/177.9MB 
 be6bbb578f8c  14.68MB/76.52MB 
 be6bbb578f8c  14.68MB/76.52MB 
 f49b9c68cd9b  6.291MB/177.9MB 
 be6bbb578f8c  14.68MB/76.52MB 
 f49b9c68cd9b  6.291MB/177.9MB 
 be6bbb578f8c  14.68MB/76.52MB 
 f49b9c68cd9b  6.291MB/177.9MB 
 f49b9c68cd9b  6.291MB/177.9MB 
 be6bbb578f8c  14.68MB/76.52MB 
 f49b9c68cd9b  6.291MB/177.9MB 
 be6bbb578f8c  14.68MB/76.52MB 
 be6bbb578f8c  14.68MB/76.52MB 
 f49b9c68cd9b  6.291MB/177.9MB 
 f49b9c68cd9b  6.291MB/177.9MB 
 be6bbb578f8c  14.68MB/76.52MB 
 f49b9c68cd9b  6.291MB/177.9MB 
 be6bbb578f8c  15.73MB/76.52MB 
 be6bbb578f8c  15.73MB/76.52MB 
 f49b9c68cd9b  6.291MB/177.9MB 
 be6bbb578f8c  15.73MB/76.52MB 
 f49b9c68cd9b  6.291MB/177.9MB 
 be6bbb578f8c  15.73MB/76.52MB 
 f49b9c68cd9b  6.291MB/177.9MB 
 be6bbb578f8c  15.73MB/76.52MB 
 f49b9c68cd9b  6.291MB/177.9MB 
 be6bbb578f8c  15.73MB/76.52MB 
 f49b9c68cd9b  6.291MB/177.9MB 
 be6bbb578f8c  15.73MB/76.52MB 
 f49b9c68cd9b  6.291MB/177.9MB 
 be6bbb578f8c  15.73MB/76.52MB 
 f49b9c68cd9b   7.34MB/177.9MB 
 be6bbb578f8c  15.73MB/76.52MB 
 f49b9c68cd9b   7.34MB/177.9MB 
 be6bbb578f8c  15.73MB/76.52MB 
 f49b9c68cd9b   7.34MB/177.9MB 
 be6bbb578f8c  15.73MB/76.52MB 
 f49b9c68cd9b   7.34MB/177.9MB 
 f49b9c68cd9b   7.34MB/177.9MB 
 be6bbb578f8c  16.78MB/76.52MB 
 be6bbb578f8c  16.78MB/76.52MB 
 f49b9c68cd9b   7.34MB/177.9MB 
 be6bbb578f8c  16.78MB/76.52MB 
 f49b9c68cd9b   7.34MB/177.9MB 
 f49b9c68cd9b   7.34MB/177.9MB 
 be6bbb578f8c  16.78MB/76.52MB 
 be6bbb578f8c  16.78MB/76.52MB 
 f49b9c68cd9b   7.34MB/177.9MB 
 be6bbb578f8c  16.78MB/76.52MB 
 f49b9c68cd9b   7.34MB/177.9MB 
 be6bbb578f8c  16.78MB/76.52MB 
 f49b9c68cd9b   7.34MB/177.9MB 
 be6bbb578f8c  16.78MB/76.52MB 
 f49b9c68cd9b   7.34MB/177.9MB 
 be6bbb578f8c  16.78MB/76.52MB 
 f49b9c68cd9b   7.34MB/177.9MB 
 be6bbb578f8c  17.83MB/76.52MB 
 f49b9c68cd9b   7.34MB/177.9MB 
 be6bbb578f8c  17.83MB/76.52MB 
 f49b9c68cd9b   7.34MB/177.9MB 
 be6bbb578f8c  17.83MB/76.52MB 
 f49b9c68cd9b   7.34MB/177.9MB 
 be6bbb578f8c  17.83MB/76.52MB 
 f49b9c68cd9b   7.34MB/177.9MB 
 be6bbb578f8c  17.83MB/76.52MB 
 f49b9c68cd9b   7.34MB/177.9MB 
 be6bbb578f8c  17.83MB/76.52MB 
 f49b9c68cd9b   7.34MB/177.9MB 
 f49b9c68cd9b  8.389MB/177.9MB 
 be6bbb578f8c  17.83MB/76.52MB 
 be6bbb578f8c  17.83MB/76.52MB 
 f49b9c68cd9b  8.389MB/177.9MB 
 f49b9c68cd9b  8.389MB/177.9MB 
 be6bbb578f8c  17.83MB/76.52MB 
 be6bbb578f8c  18.87MB/76.52MB 
 f49b9c68cd9b  8.389MB/177.9MB 
 be6bbb578f8c  18.87MB/76.52MB 
 f49b9c68cd9b  8.389MB/177.9MB 
 be6bbb578f8c  18.87MB/76.52MB 
 f49b9c68cd9b  8.389MB/177.9MB 
 be6bbb578f8c  18.87MB/76.52MB 
 f49b9c68cd9b  8.389MB/177.9MB 
 be6bbb578f8c  18.87MB/76.52MB 
 f49b9c68cd9b  8.389MB/177.9MB 
 be6bbb578f8c  18.87MB/76.52MB 
 f49b9c68cd9b  8.389MB/177.9MB 
 be6bbb578f8c  18.87MB/76.52MB 
 f49b9c68cd9b  8.389MB/177.9MB 
 be6bbb578f8c  18.87MB/76.52MB 
 f49b9c68cd9b  8.389MB/177.9MB 
 f49b9c68cd9b  8.389MB/177.9MB 
 be6bbb578f8c  18.87MB/76.52MB 
 be6bbb578f8c  19.92MB/76.52MB 
 f49b9c68cd9b  8.389MB/177.9MB 
 be6bbb578f8c  19.92MB/76.52MB 
 f49b9c68cd9b  8.389MB/177.9MB 
 be6bbb578f8c  19.92MB/76.52MB 
 f49b9c68cd9b  8.389MB/177.9MB 
 be6bbb578f8c  19.92MB/76.52MB 
 f49b9c68cd9b  8.389MB/177.9MB 
 f49b9c68cd9b  9.437MB/177.9MB 
 be6bbb578f8c  19.92MB/76.52MB 
 be6bbb578f8c  19.92MB/76.52MB 
 f49b9c68cd9b  9.437MB/177.9MB 
 be6bbb578f8c  19.92MB/76.52MB 
 f49b9c68cd9b  9.437MB/177.9MB 
 f49b9c68cd9b  9.437MB/177.9MB 
 be6bbb578f8c  19.92MB/76.52MB 
 be6bbb578f8c  19.92MB/76.52MB 
 f49b9c68cd9b  9.437MB/177.9MB 
 be6bbb578f8c  19.92MB/76.52MB 
 f49b9c68cd9b  9.437MB/177.9MB 
 be6bbb578f8c  19.92MB/76.52MB 
 f49b9c68cd9b  9.437MB/177.9MB 
 be6bbb578f8c  20.97MB/76.52MB 
 f49b9c68cd9b  9.437MB/177.9MB 
 f49b9c68cd9b  9.437MB/177.9MB 
 be6bbb578f8c  20.97MB/76.52MB 
 f49b9c68cd9b  9.437MB/177.9MB 
 be6bbb578f8c  20.97MB/76.52MB 
 be6bbb578f8c  20.97MB/76.52MB 
 f49b9c68cd9b  9.437MB/177.9MB 
 be6bbb578f8c  20.97MB/76.52MB 
 f49b9c68cd9b  9.437MB/177.9MB 
 be6bbb578f8c  20.97MB/76.52MB 
 f49b9c68cd9b  9.437MB/177.9MB 
 be6bbb578f8c  20.97MB/76.52MB 
 f49b9c68cd9b  9.437MB/177.9MB 
 be6bbb578f8c  22.02MB/76.52MB 
 f49b9c68cd9b  9.437MB/177.9MB 
 f49b9c68cd9b  9.437MB/177.9MB 
 be6bbb578f8c  22.02MB/76.52MB 
 be6bbb578f8c  22.02MB/76.52MB 
 f49b9c68cd9b  9.437MB/177.9MB 
 be6bbb578f8c  22.02MB/76.52MB 
 f49b9c68cd9b  9.437MB/177.9MB 
 f49b9c68cd9b  9.437MB/177.9MB 
 be6bbb578f8c  22.02MB/76.52MB 
 be6bbb578f8c  22.02MB/76.52MB 
 f49b9c68cd9b  10.49MB/177.9MB 
 be6bbb578f8c  22.02MB/76.52MB 
 f49b9c68cd9b  10.49MB/177.9MB 
 be6bbb578f8c  22.02MB/76.52MB 
 f49b9c68cd9b  10.49MB/177.9MB 
 be6bbb578f8c  22.02MB/76.52MB 
 f49b9c68cd9b  10.49MB/177.9MB 
 be6bbb578f8c  22.02MB/76.52MB 
 f49b9c68cd9b  10.49MB/177.9MB 
 be6bbb578f8c  23.07MB/76.52MB 
 f49b9c68cd9b  10.49MB/177.9MB 
 be6bbb578f8c  23.07MB/76.52MB 
 f49b9c68cd9b  10.49MB/177.9MB 
 be6bbb578f8c  23.07MB/76.52MB 
 f49b9c68cd9b  10.49MB/177.9MB 
 be6bbb578f8c  23.07MB/76.52MB 
 f49b9c68cd9b  10.49MB/177.9MB 
 be6bbb578f8c  23.07MB/76.52MB 
 f49b9c68cd9b  10.49MB/177.9MB 
 be6bbb578f8c  23.07MB/76.52MB 
 f49b9c68cd9b  10.49MB/177.9MB 
 be6bbb578f8c  23.07MB/76.52MB 
 f49b9c68cd9b  10.49MB/177.9MB 
 be6bbb578f8c  23.07MB/76.52MB 
 f49b9c68cd9b  11.53MB/177.9MB 
 be6bbb578f8c  23.07MB/76.52MB 
 f49b9c68cd9b  11.53MB/177.9MB 
 be6bbb578f8c  23.07MB/76.52MB 
 f49b9c68cd9b  11.53MB/177.9MB 
 be6bbb578f8c  23.07MB/76.52MB 
 f49b9c68cd9b  11.53MB/177.9MB 
 be6bbb578f8c  23.07MB/76.52MB 
 f49b9c68cd9b  11.53MB/177.9MB 
 be6bbb578f8c  23.07MB/76.52MB 
 f49b9c68cd9b  11.53MB/177.9MB 
 f49b9c68cd9b  11.53MB/177.9MB 
 be6bbb578f8c  24.12MB/76.52MB 
 be6bbb578f8c  24.12MB/76.52MB 
 f49b9c68cd9b  11.53MB/177.9MB 
 f49b9c68cd9b  11.53MB/177.9MB 
 be6bbb578f8c  24.12MB/76.52MB 
 be6bbb578f8c  24.12MB/76.52MB 
 f49b9c68cd9b  11.53MB/177.9MB 
 be6bbb578f8c  24.12MB/76.52MB 
 f49b9c68cd9b  11.53MB/177.9MB 
 be6bbb578f8c  24.12MB/76.52MB 
 f49b9c68cd9b  11.53MB/177.9MB 
 be6bbb578f8c  24.12MB/76.52MB 
 f49b9c68cd9b  11.53MB/177.9MB 
 be6bbb578f8c  24.12MB/76.52MB 
 f49b9c68cd9b  11.53MB/177.9MB 
 be6bbb578f8c  24.12MB/76.52MB 
 f49b9c68cd9b  11.53MB/177.9MB 
 be6bbb578f8c  24.12MB/76.52MB 
 f49b9c68cd9b  11.53MB/177.9MB 
 be6bbb578f8c  25.17MB/76.52MB 
 f49b9c68cd9b  11.53MB/177.9MB 
 f49b9c68cd9b  11.53MB/177.9MB 
 be6bbb578f8c  25.17MB/76.52MB 
 be6bbb578f8c  25.17MB/76.52MB 
 f49b9c68cd9b  11.53MB/177.9MB 
 be6bbb578f8c  25.17MB/76.52MB 
 f49b9c68cd9b  12.58MB/177.9MB 
 f49b9c68cd9b  12.58MB/177.9MB 
 be6bbb578f8c  25.17MB/76.52MB 
 be6bbb578f8c  25.17MB/76.52MB 
 f49b9c68cd9b  12.58MB/177.9MB 
 be6bbb578f8c  25.17MB/76.52MB 
 f49b9c68cd9b  12.58MB/177.9MB 
 be6bbb578f8c  25.17MB/76.52MB 
 f49b9c68cd9b  12.58MB/177.9MB 
 be6bbb578f8c  25.17MB/76.52MB 
 f49b9c68cd9b  12.58MB/177.9MB 
 f49b9c68cd9b  12.58MB/177.9MB 
 be6bbb578f8c  25.17MB/76.52MB 
 be6bbb578f8c  26.21MB/76.52MB 
 f49b9c68cd9b  12.58MB/177.9MB 
 be6bbb578f8c  26.21MB/76.52MB 
 f49b9c68cd9b  12.58MB/177.9MB 
 be6bbb578f8c  26.21MB/76.52MB 
 f49b9c68cd9b  12.58MB/177.9MB 
 be6bbb578f8c  26.21MB/76.52MB 
 f49b9c68cd9b  12.58MB/177.9MB 
 be6bbb578f8c  26.21MB/76.52MB 
 f49b9c68cd9b  12.58MB/177.9MB 
 be6bbb578f8c  26.21MB/76.52MB 
 f49b9c68cd9b  13.63MB/177.9MB 
 be6bbb578f8c  26.21MB/76.52MB 
 f49b9c68cd9b  13.63MB/177.9MB 
 be6bbb578f8c  26.21MB/76.52MB 
 f49b9c68cd9b  13.63MB/177.9MB 
 be6bbb578f8c  26.21MB/76.52MB 
 f49b9c68cd9b  13.63MB/177.9MB 
 be6bbb578f8c  26.21MB/76.52MB 
 f49b9c68cd9b  13.63MB/177.9MB 
 be6bbb578f8c  26.21MB/76.52MB 
 f49b9c68cd9b  13.63MB/177.9MB 
 be6bbb578f8c  26.21MB/76.52MB 
 f49b9c68cd9b  13.63MB/177.9MB 
 f49b9c68cd9b  13.63MB/177.9MB 
 be6bbb578f8c  27.26MB/76.52MB 
 be6bbb578f8c  27.26MB/76.52MB 
 f49b9c68cd9b  13.63MB/177.9MB 
 be6bbb578f8c  27.26MB/76.52MB 
 f49b9c68cd9b  13.63MB/177.9MB 
 be6bbb578f8c  27.26MB/76.52MB 
 f49b9c68cd9b  13.63MB/177.9MB 
 f49b9c68cd9b  13.63MB/177.9MB 
 be6bbb578f8c  27.26MB/76.52MB 
 be6bbb578f8c  27.26MB/76.52MB 
 f49b9c68cd9b  13.63MB/177.9MB 
 be6bbb578f8c  27.26MB/76.52MB 
 f49b9c68cd9b  13.63MB/177.9MB 
 be6bbb578f8c  27.26MB/76.52MB 
 f49b9c68cd9b  13.63MB/177.9MB 
 be6bbb578f8c  27.26MB/76.52MB 
 f49b9c68cd9b  13.63MB/177.9MB 
 f49b9c68cd9b  13.63MB/177.9MB 
 be6bbb578f8c  27.26MB/76.52MB 
 be6bbb578f8c  27.26MB/76.52MB 
 f49b9c68cd9b  13.63MB/177.9MB 
 be6bbb578f8c  27.26MB/76.52MB 
 f49b9c68cd9b  13.63MB/177.9MB 
 be6bbb578f8c  27.26MB/76.52MB 
 f49b9c68cd9b  14.68MB/177.9MB 
 be6bbb578f8c  27.26MB/76.52MB 
 f49b9c68cd9b  14.68MB/177.9MB 
 be6bbb578f8c  28.31MB/76.52MB 
 f49b9c68cd9b  14.68MB/177.9MB 
 be6bbb578f8c  28.31MB/76.52MB 
 f49b9c68cd9b  14.68MB/177.9MB 
 be6bbb578f8c  28.31MB/76.52MB 
 f49b9c68cd9b  14.68MB/177.9MB 
 f49b9c68cd9b  14.68MB/177.9MB 
 be6bbb578f8c  28.31MB/76.52MB 
 be6bbb578f8c  28.31MB/76.52MB 
 f49b9c68cd9b  14.68MB/177.9MB 
 be6bbb578f8c  28.31MB/76.52MB 
 f49b9c68cd9b  14.68MB/177.9MB 
 be6bbb578f8c  28.31MB/76.52MB 
 f49b9c68cd9b  14.68MB/177.9MB 
 f49b9c68cd9b  14.68MB/177.9MB 
 be6bbb578f8c  28.31MB/76.52MB 
 be6bbb578f8c  28.31MB/76.52MB 
 f49b9c68cd9b  14.68MB/177.9MB 
 be6bbb578f8c  28.31MB/76.52MB 
 f49b9c68cd9b  14.68MB/177.9MB 
 be6bbb578f8c  29.36MB/76.52MB 
 f49b9c68cd9b  14.68MB/177.9MB 
 f49b9c68cd9b  14.68MB/177.9MB 
 be6bbb578f8c  29.36MB/76.52MB 
 be6bbb578f8c  29.36MB/76.52MB 
 f49b9c68cd9b  14.68MB/177.9MB 
 be6bbb578f8c  29.36MB/76.52MB 
 f49b9c68cd9b  14.68MB/177.9MB 
 be6bbb578f8c  29.36MB/76.52MB 
 f49b9c68cd9b  14.68MB/177.9MB 
 f49b9c68cd9b  14.68MB/177.9MB 
 be6bbb578f8c  29.36MB/76.52MB 
 be6bbb578f8c  29.36MB/76.52MB 
 f49b9c68cd9b  14.68MB/177.9MB 
 f49b9c68cd9b  14.68MB/177.9MB 
 be6bbb578f8c  29.36MB/76.52MB 
 be6bbb578f8c  29.36MB/76.52MB 
 f49b9c68cd9b  14.68MB/177.9MB 
 be6bbb578f8c  29.36MB/76.52MB 
 f49b9c68cd9b  14.68MB/177.9MB 
 be6bbb578f8c  29.36MB/76.52MB 
 f49b9c68cd9b  14.68MB/177.9MB 
 be6bbb578f8c  30.41MB/76.52MB 
 f49b9c68cd9b  15.73MB/177.9MB 
 be6bbb578f8c  30.41MB/76.52MB 
 f49b9c68cd9b  15.73MB/177.9MB 
 f49b9c68cd9b  15.73MB/177.9MB 
 be6bbb578f8c  30.41MB/76.52MB 
 be6bbb578f8c  30.41MB/76.52MB 
 f49b9c68cd9b  15.73MB/177.9MB 
 be6bbb578f8c  30.41MB/76.52MB 
 f49b9c68cd9b  15.73MB/177.9MB 
 be6bbb578f8c  30.41MB/76.52MB 
 f49b9c68cd9b  15.73MB/177.9MB 
 f49b9c68cd9b  15.73MB/177.9MB 
 be6bbb578f8c  30.41MB/76.52MB 
 f49b9c68cd9b  15.73MB/177.9MB 
 be6bbb578f8c  30.41MB/76.52MB 
 f49b9c68cd9b  15.73MB/177.9MB 
 be6bbb578f8c  30.41MB/76.52MB 
 be6bbb578f8c  30.41MB/76.52MB 
 f49b9c68cd9b  15.73MB/177.9MB 
 be6bbb578f8c  30.41MB/76.52MB 
 f49b9c68cd9b  15.73MB/177.9MB 
 f49b9c68cd9b  15.73MB/177.9MB 
 be6bbb578f8c  30.41MB/76.52MB 
 be6bbb578f8c  30.41MB/76.52MB 
 f49b9c68cd9b  15.73MB/177.9MB 
 be6bbb578f8c  30.41MB/76.52MB 
 f49b9c68cd9b  15.73MB/177.9MB 
 be6bbb578f8c  31.46MB/76.52MB 
 f49b9c68cd9b  15.73MB/177.9MB 
 f49b9c68cd9b  15.73MB/177.9MB 
 be6bbb578f8c  31.46MB/76.52MB 
 be6bbb578f8c  31.46MB/76.52MB 
 f49b9c68cd9b  15.73MB/177.9MB 
 be6bbb578f8c  31.46MB/76.52MB 
 f49b9c68cd9b  15.73MB/177.9MB 
 be6bbb578f8c  31.46MB/76.52MB 
 f49b9c68cd9b  15.73MB/177.9MB 
 f49b9c68cd9b  15.73MB/177.9MB 
 be6bbb578f8c  31.46MB/76.52MB 
 be6bbb578f8c  31.46MB/76.52MB 
 f49b9c68cd9b  15.73MB/177.9MB 
 be6bbb578f8c  31.46MB/76.52MB 
 f49b9c68cd9b  15.73MB/177.9MB 
 f49b9c68cd9b  15.73MB/177.9MB 
 be6bbb578f8c  31.46MB/76.52MB 
 be6bbb578f8c  31.46MB/76.52MB 
 f49b9c68cd9b  15.73MB/177.9MB 
 f49b9c68cd9b  15.73MB/177.9MB 
 be6bbb578f8c  32.51MB/76.52MB 
 be6bbb578f8c  32.51MB/76.52MB 
 f49b9c68cd9b  15.73MB/177.9MB 
 be6bbb578f8c  32.51MB/76.52MB 
 f49b9c68cd9b  16.78MB/177.9MB 
 be6bbb578f8c  32.51MB/76.52MB 
 f49b9c68cd9b  16.78MB/177.9MB 
 be6bbb578f8c  32.51MB/76.52MB 
 f49b9c68cd9b  16.78MB/177.9MB 
 be6bbb578f8c  32.51MB/76.52MB 
 f49b9c68cd9b  16.78MB/177.9MB 
 be6bbb578f8c  32.51MB/76.52MB 
 f49b9c68cd9b  16.78MB/177.9MB 
 be6bbb578f8c  32.51MB/76.52MB 
 f49b9c68cd9b  16.78MB/177.9MB 
 be6bbb578f8c  32.51MB/76.52MB 
 f49b9c68cd9b  16.78MB/177.9MB 
 f49b9c68cd9b  16.78MB/177.9MB 
 be6bbb578f8c  32.51MB/76.52MB 
 be6bbb578f8c  32.51MB/76.52MB 
 f49b9c68cd9b  16.78MB/177.9MB 
 f49b9c68cd9b  16.78MB/177.9MB 
 be6bbb578f8c  32.51MB/76.52MB 
 f49b9c68cd9b  16.78MB/177.9MB 
 be6bbb578f8c  32.51MB/76.52MB 
 be6bbb578f8c  33.55MB/76.52MB 
 f49b9c68cd9b  16.78MB/177.9MB 
 be6bbb578f8c  33.55MB/76.52MB 
 f49b9c68cd9b  16.78MB/177.9MB 
 be6bbb578f8c  33.55MB/76.52MB 
 f49b9c68cd9b  16.78MB/177.9MB 
 be6bbb578f8c  33.55MB/76.52MB 
 f49b9c68cd9b  16.78MB/177.9MB 
 f49b9c68cd9b  16.78MB/177.9MB 
 be6bbb578f8c  33.55MB/76.52MB 
 be6bbb578f8c  33.55MB/76.52MB 
 f49b9c68cd9b  16.78MB/177.9MB 
 be6bbb578f8c  33.55MB/76.52MB 
 f49b9c68cd9b  16.78MB/177.9MB 
 be6bbb578f8c  33.55MB/76.52MB 
 f49b9c68cd9b  16.78MB/177.9MB 
 be6bbb578f8c  33.55MB/76.52MB 
 f49b9c68cd9b  16.78MB/177.9MB 
 be6bbb578f8c  33.55MB/76.52MB 
 f49b9c68cd9b  16.78MB/177.9MB 
 be6bbb578f8c  33.55MB/76.52MB 
 f49b9c68cd9b  16.78MB/177.9MB 
 be6bbb578f8c  33.55MB/76.52MB 
 f49b9c68cd9b  16.78MB/177.9MB 
 be6bbb578f8c  33.55MB/76.52MB 
 f49b9c68cd9b  16.78MB/177.9MB 
 be6bbb578f8c  33.55MB/76.52MB 
 f49b9c68cd9b  16.78MB/177.9MB 
 be6bbb578f8c   34.6MB/76.52MB 
 f49b9c68cd9b  16.78MB/177.9MB 
 be6bbb578f8c   34.6MB/76.52MB 
 f49b9c68cd9b  16.78MB/177.9MB 
 be6bbb578f8c   34.6MB/76.52MB 
 f49b9c68cd9b  17.83MB/177.9MB 
 be6bbb578f8c   34.6MB/76.52MB 
 f49b9c68cd9b  17.83MB/177.9MB 
 be6bbb578f8c   34.6MB/76.52MB 
 f49b9c68cd9b  17.83MB/177.9MB 
 be6bbb578f8c   34.6MB/76.52MB 
 f49b9c68cd9b  17.83MB/177.9MB 
 be6bbb578f8c   34.6MB/76.52MB 
 f49b9c68cd9b  17.83MB/177.9MB 
 be6bbb578f8c   34.6MB/76.52MB 
 f49b9c68cd9b  17.83MB/177.9MB 
 be6bbb578f8c   34.6MB/76.52MB 
 f49b9c68cd9b  17.83MB/177.9MB 
 f49b9c68cd9b  17.83MB/177.9MB 
 be6bbb578f8c   34.6MB/76.52MB 
 be6bbb578f8c   34.6MB/76.52MB 
 f49b9c68cd9b  17.83MB/177.9MB 
 be6bbb578f8c   34.6MB/76.52MB 
 f49b9c68cd9b  17.83MB/177.9MB 
 be6bbb578f8c   34.6MB/76.52MB 
 f49b9c68cd9b  17.83MB/177.9MB 
 be6bbb578f8c   34.6MB/76.52MB 
 f49b9c68cd9b  17.83MB/177.9MB 
 f49b9c68cd9b  17.83MB/177.9MB 
 be6bbb578f8c   34.6MB/76.52MB 
 be6bbb578f8c   34.6MB/76.52MB 
 f49b9c68cd9b  17.83MB/177.9MB 
 f49b9c68cd9b  17.83MB/177.9MB 
 be6bbb578f8c  35.65MB/76.52MB 
 f49b9c68cd9b  17.83MB/177.9MB 
 be6bbb578f8c  35.65MB/76.52MB 
 be6bbb578f8c  35.65MB/76.52MB 
 f49b9c68cd9b  17.83MB/177.9MB 
 be6bbb578f8c  35.65MB/76.52MB 
 f49b9c68cd9b  17.83MB/177.9MB 
 f49b9c68cd9b  17.83MB/177.9MB 
 be6bbb578f8c  35.65MB/76.52MB 
 be6bbb578f8c  35.65MB/76.52MB 
 f49b9c68cd9b  17.83MB/177.9MB 
 be6bbb578f8c  35.65MB/76.52MB 
 f49b9c68cd9b  17.83MB/177.9MB 
 be6bbb578f8c  35.65MB/76.52MB 
 f49b9c68cd9b  17.83MB/177.9MB 
 be6bbb578f8c  35.65MB/76.52MB 
 f49b9c68cd9b  17.83MB/177.9MB 
 be6bbb578f8c  35.65MB/76.52MB 
 f49b9c68cd9b  17.83MB/177.9MB 
 be6bbb578f8c  35.65MB/76.52MB 
 f49b9c68cd9b  17.83MB/177.9MB 
 be6bbb578f8c  35.65MB/76.52MB 
 f49b9c68cd9b  17.83MB/177.9MB 
 f49b9c68cd9b  17.83MB/177.9MB 
 be6bbb578f8c   36.7MB/76.52MB 
 f49b9c68cd9b  17.83MB/177.9MB 
 be6bbb578f8c   36.7MB/76.52MB 
 be6bbb578f8c   36.7MB/76.52MB 
 f49b9c68cd9b  17.83MB/177.9MB 
 f49b9c68cd9b  17.83MB/177.9MB 
 be6bbb578f8c   36.7MB/76.52MB 
 be6bbb578f8c   36.7MB/76.52MB 
 f49b9c68cd9b  17.83MB/177.9MB 
 be6bbb578f8c   36.7MB/76.52MB 
 f49b9c68cd9b  17.83MB/177.9MB 
 be6bbb578f8c   36.7MB/76.52MB 
 f49b9c68cd9b  17.83MB/177.9MB 
 be6bbb578f8c   36.7MB/76.52MB 
 f49b9c68cd9b  18.87MB/177.9MB 
 be6bbb578f8c   36.7MB/76.52MB 
 f49b9c68cd9b  18.87MB/177.9MB 
 be6bbb578f8c   36.7MB/76.52MB 
 f49b9c68cd9b  18.87MB/177.9MB 
 f49b9c68cd9b  18.87MB/177.9MB 
 be6bbb578f8c   36.7MB/76.52MB 
 f49b9c68cd9b  18.87MB/177.9MB 
 be6bbb578f8c   36.7MB/76.52MB 
 be6bbb578f8c   36.7MB/76.52MB 
 f49b9c68cd9b  18.87MB/177.9MB 
 be6bbb578f8c   36.7MB/76.52MB 
 f49b9c68cd9b  18.87MB/177.9MB 
 f49b9c68cd9b  18.87MB/177.9MB 
 be6bbb578f8c   36.7MB/76.52MB 
 be6bbb578f8c   36.7MB/76.52MB 
 f49b9c68cd9b  18.87MB/177.9MB 
 be6bbb578f8c   36.7MB/76.52MB 
 f49b9c68cd9b  18.87MB/177.9MB 
 be6bbb578f8c   36.7MB/76.52MB 
 f49b9c68cd9b  18.87MB/177.9MB 
 be6bbb578f8c  37.75MB/76.52MB 
 f49b9c68cd9b  18.87MB/177.9MB 
 be6bbb578f8c  37.75MB/76.52MB 
 f49b9c68cd9b  18.87MB/177.9MB 
 be6bbb578f8c  37.75MB/76.52MB 
 f49b9c68cd9b  18.87MB/177.9MB 
 be6bbb578f8c  37.75MB/76.52MB 
 f49b9c68cd9b  18.87MB/177.9MB 
 be6bbb578f8c  37.75MB/76.52MB 
 f49b9c68cd9b  18.87MB/177.9MB 
 be6bbb578f8c  37.75MB/76.52MB 
 f49b9c68cd9b  18.87MB/177.9MB 
 be6bbb578f8c  37.75MB/76.52MB 
 f49b9c68cd9b  18.87MB/177.9MB 
 be6bbb578f8c  37.75MB/76.52MB 
 f49b9c68cd9b  18.87MB/177.9MB 
 be6bbb578f8c  37.75MB/76.52MB 
 f49b9c68cd9b  18.87MB/177.9MB 
 be6bbb578f8c  37.75MB/76.52MB 
 f49b9c68cd9b  18.87MB/177.9MB 
 be6bbb578f8c  37.75MB/76.52MB 
 f49b9c68cd9b  18.87MB/177.9MB 
 be6bbb578f8c  37.75MB/76.52MB 
 f49b9c68cd9b  18.87MB/177.9MB 
 be6bbb578f8c   38.8MB/76.52MB 
 f49b9c68cd9b  18.87MB/177.9MB 
 f49b9c68cd9b  18.87MB/177.9MB 
 be6bbb578f8c   38.8MB/76.52MB 
 f49b9c68cd9b  18.87MB/177.9MB 
 be6bbb578f8c   38.8MB/76.52MB 
 be6bbb578f8c   38.8MB/76.52MB 
 f49b9c68cd9b  18.87MB/177.9MB 
 be6bbb578f8c   38.8MB/76.52MB 
 f49b9c68cd9b  18.87MB/177.9MB 
 f49b9c68cd9b  18.87MB/177.9MB 
 be6bbb578f8c   38.8MB/76.52MB 
 f49b9c68cd9b  18.87MB/177.9MB 
 be6bbb578f8c   38.8MB/76.52MB 
 be6bbb578f8c   38.8MB/76.52MB 
 f49b9c68cd9b  18.87MB/177.9MB 
 be6bbb578f8c   38.8MB/76.52MB 
 f49b9c68cd9b  18.87MB/177.9MB 
 be6bbb578f8c   38.8MB/76.52MB 
 f49b9c68cd9b  18.87MB/177.9MB 
 be6bbb578f8c   38.8MB/76.52MB 
 f49b9c68cd9b  18.87MB/177.9MB 
 be6bbb578f8c   38.8MB/76.52MB 
 f49b9c68cd9b  18.87MB/177.9MB 
 be6bbb578f8c  39.85MB/76.52MB 
 f49b9c68cd9b  18.87MB/177.9MB 
 be6bbb578f8c  39.85MB/76.52MB 
 f49b9c68cd9b  18.87MB/177.9MB 
 be6bbb578f8c  39.85MB/76.52MB 
 f49b9c68cd9b  18.87MB/177.9MB 
 f49b9c68cd9b  18.87MB/177.9MB 
 be6bbb578f8c  39.85MB/76.52MB 
 be6bbb578f8c  39.85MB/76.52MB 
 f49b9c68cd9b  18.87MB/177.9MB 
 be6bbb578f8c  39.85MB/76.52MB 
 f49b9c68cd9b  18.87MB/177.9MB 
 be6bbb578f8c  39.85MB/76.52MB 
 f49b9c68cd9b  18.87MB/177.9MB 
 be6bbb578f8c  39.85MB/76.52MB 
 f49b9c68cd9b  19.92MB/177.9MB 
 f49b9c68cd9b  19.92MB/177.9MB 
 be6bbb578f8c  39.85MB/76.52MB 
 be6bbb578f8c  39.85MB/76.52MB 
 f49b9c68cd9b  19.92MB/177.9MB 
 be6bbb578f8c  40.89MB/76.52MB 
 f49b9c68cd9b  19.92MB/177.9MB 
 f49b9c68cd9b  19.92MB/177.9MB 
 be6bbb578f8c  40.89MB/76.52MB 
 be6bbb578f8c  40.89MB/76.52MB 
 f49b9c68cd9b  19.92MB/177.9MB 
 be6bbb578f8c  40.89MB/76.52MB 
 f49b9c68cd9b  19.92MB/177.9MB 
 f49b9c68cd9b  19.92MB/177.9MB 
 be6bbb578f8c  40.89MB/76.52MB 
 be6bbb578f8c  40.89MB/76.52MB 
 f49b9c68cd9b  19.92MB/177.9MB 
 f49b9c68cd9b  19.92MB/177.9MB 
 be6bbb578f8c  40.89MB/76.52MB 
 be6bbb578f8c  40.89MB/76.52MB 
 f49b9c68cd9b  19.92MB/177.9MB 
 be6bbb578f8c  40.89MB/76.52MB 
 f49b9c68cd9b  19.92MB/177.9MB 
 be6bbb578f8c  40.89MB/76.52MB 
 f49b9c68cd9b  19.92MB/177.9MB 
 be6bbb578f8c  40.89MB/76.52MB 
 f49b9c68cd9b  19.92MB/177.9MB 
 be6bbb578f8c  41.94MB/76.52MB 
 f49b9c68cd9b  19.92MB/177.9MB 
 f49b9c68cd9b  19.92MB/177.9MB 
 be6bbb578f8c  41.94MB/76.52MB 
 be6bbb578f8c  41.94MB/76.52MB 
 f49b9c68cd9b  19.92MB/177.9MB 
 be6bbb578f8c  41.94MB/76.52MB 
 f49b9c68cd9b  19.92MB/177.9MB 
 be6bbb578f8c  41.94MB/76.52MB 
 f49b9c68cd9b  19.92MB/177.9MB 
 be6bbb578f8c  41.94MB/76.52MB 
 f49b9c68cd9b  19.92MB/177.9MB 
 f49b9c68cd9b  19.92MB/177.9MB 
 be6bbb578f8c  41.94MB/76.52MB 
 be6bbb578f8c  41.94MB/76.52MB 
 f49b9c68cd9b  19.92MB/177.9MB 
 be6bbb578f8c  41.94MB/76.52MB 
 f49b9c68cd9b  19.92MB/177.9MB 
 be6bbb578f8c  41.94MB/76.52MB 
 f49b9c68cd9b  19.92MB/177.9MB 
 be6bbb578f8c  41.94MB/76.52MB 
 f49b9c68cd9b  19.92MB/177.9MB 
 be6bbb578f8c  41.94MB/76.52MB 
 f49b9c68cd9b  19.92MB/177.9MB 
 be6bbb578f8c  41.94MB/76.52MB 
 f49b9c68cd9b  19.92MB/177.9MB 
 be6bbb578f8c  41.94MB/76.52MB 
 f49b9c68cd9b  19.92MB/177.9MB 
 f49b9c68cd9b  19.92MB/177.9MB 
 be6bbb578f8c  42.99MB/76.52MB 
 be6bbb578f8c  42.99MB/76.52MB 
 f49b9c68cd9b  19.92MB/177.9MB 
 be6bbb578f8c  42.99MB/76.52MB 
 f49b9c68cd9b  19.92MB/177.9MB 
 be6bbb578f8c  42.99MB/76.52MB 
 f49b9c68cd9b  19.92MB/177.9MB 
 be6bbb578f8c  42.99MB/76.52MB 
 f49b9c68cd9b  19.92MB/177.9MB 
 be6bbb578f8c  42.99MB/76.52MB 
 f49b9c68cd9b  19.92MB/177.9MB 
 f49b9c68cd9b  19.92MB/177.9MB 
 be6bbb578f8c  42.99MB/76.52MB 
 be6bbb578f8c  42.99MB/76.52MB 
 f49b9c68cd9b  19.92MB/177.9MB 
 f49b9c68cd9b  19.92MB/177.9MB 
 be6bbb578f8c  42.99MB/76.52MB 
 be6bbb578f8c  42.99MB/76.52MB 
 f49b9c68cd9b  20.97MB/177.9MB 
 be6bbb578f8c  42.99MB/76.52MB 
 f49b9c68cd9b  20.97MB/177.9MB 
 be6bbb578f8c  42.99MB/76.52MB 
 f49b9c68cd9b  20.97MB/177.9MB 
 be6bbb578f8c  42.99MB/76.52MB 
 f49b9c68cd9b  20.97MB/177.9MB 
 be6bbb578f8c  42.99MB/76.52MB 
 f49b9c68cd9b  20.97MB/177.9MB 
 be6bbb578f8c  42.99MB/76.52MB 
 f49b9c68cd9b  20.97MB/177.9MB 
 f49b9c68cd9b  20.97MB/177.9MB 
 be6bbb578f8c  42.99MB/76.52MB 
 be6bbb578f8c  44.04MB/76.52MB 
 f49b9c68cd9b  20.97MB/177.9MB 
 be6bbb578f8c  44.04MB/76.52MB 
 f49b9c68cd9b  20.97MB/177.9MB 
 be6bbb578f8c  44.04MB/76.52MB 
 f49b9c68cd9b  20.97MB/177.9MB 
 be6bbb578f8c  44.04MB/76.52MB 
 f49b9c68cd9b  20.97MB/177.9MB 
 be6bbb578f8c  44.04MB/76.52MB 
 f49b9c68cd9b  20.97MB/177.9MB 
 f49b9c68cd9b  20.97MB/177.9MB 
 be6bbb578f8c  44.04MB/76.52MB 
 be6bbb578f8c  44.04MB/76.52MB 
 f49b9c68cd9b  20.97MB/177.9MB 
 be6bbb578f8c  44.04MB/76.52MB 
 f49b9c68cd9b  20.97MB/177.9MB 
 be6bbb578f8c  44.04MB/76.52MB 
 f49b9c68cd9b  20.97MB/177.9MB 
 be6bbb578f8c  44.04MB/76.52MB 
 f49b9c68cd9b  20.97MB/177.9MB 
 be6bbb578f8c  44.04MB/76.52MB 
 f49b9c68cd9b  20.97MB/177.9MB 
 be6bbb578f8c  44.04MB/76.52MB 
 f49b9c68cd9b  20.97MB/177.9MB 
 be6bbb578f8c  45.09MB/76.52MB 
 f49b9c68cd9b  20.97MB/177.9MB 
 be6bbb578f8c  45.09MB/76.52MB 
 f49b9c68cd9b  20.97MB/177.9MB 
 be6bbb578f8c  45.09MB/76.52MB 
 f49b9c68cd9b  20.97MB/177.9MB 
 f49b9c68cd9b  20.97MB/177.9MB 
 be6bbb578f8c  45.09MB/76.52MB 
 be6bbb578f8c  45.09MB/76.52MB 
 f49b9c68cd9b  20.97MB/177.9MB 
 be6bbb578f8c  45.09MB/76.52MB 
 f49b9c68cd9b  20.97MB/177.9MB 
 be6bbb578f8c  45.09MB/76.52MB 
 f49b9c68cd9b  20.97MB/177.9MB 
 be6bbb578f8c  45.09MB/76.52MB 
 f49b9c68cd9b  20.97MB/177.9MB 
 be6bbb578f8c  45.09MB/76.52MB 
 f49b9c68cd9b  22.02MB/177.9MB 
 be6bbb578f8c  45.09MB/76.52MB 
 f49b9c68cd9b  22.02MB/177.9MB 
 be6bbb578f8c  45.09MB/76.52MB 
 f49b9c68cd9b  22.02MB/177.9MB 
 f49b9c68cd9b  22.02MB/177.9MB 
 be6bbb578f8c  45.09MB/76.52MB 
 be6bbb578f8c  45.09MB/76.52MB 
 f49b9c68cd9b  22.02MB/177.9MB 
 f49b9c68cd9b  22.02MB/177.9MB 
 be6bbb578f8c  45.09MB/76.52MB 
 be6bbb578f8c  46.14MB/76.52MB 
 f49b9c68cd9b  22.02MB/177.9MB 
 be6bbb578f8c  46.14MB/76.52MB 
 f49b9c68cd9b  22.02MB/177.9MB 
 be6bbb578f8c  46.14MB/76.52MB 
 f49b9c68cd9b  22.02MB/177.9MB 
 be6bbb578f8c  46.14MB/76.52MB 
 f49b9c68cd9b  22.02MB/177.9MB 
 be6bbb578f8c  46.14MB/76.52MB 
 f49b9c68cd9b  22.02MB/177.9MB 
 be6bbb578f8c  46.14MB/76.52MB 
 f49b9c68cd9b  22.02MB/177.9MB 
 be6bbb578f8c  46.14MB/76.52MB 
 f49b9c68cd9b  22.02MB/177.9MB 
 be6bbb578f8c  46.14MB/76.52MB 
 f49b9c68cd9b  22.02MB/177.9MB 
 be6bbb578f8c  46.14MB/76.52MB 
 f49b9c68cd9b  22.02MB/177.9MB 
 be6bbb578f8c  46.14MB/76.52MB 
 f49b9c68cd9b  22.02MB/177.9MB 
 f49b9c68cd9b  22.02MB/177.9MB 
 be6bbb578f8c  46.14MB/76.52MB 
 be6bbb578f8c  46.14MB/76.52MB 
 f49b9c68cd9b  22.02MB/177.9MB 
 be6bbb578f8c  46.14MB/76.52MB 
 f49b9c68cd9b  22.02MB/177.9MB 
 be6bbb578f8c  46.76MB/76.52MB 
 f49b9c68cd9b  22.02MB/177.9MB 
 f49b9c68cd9b  22.02MB/177.9MB 
 be6bbb578f8c  47.19MB/76.52MB 
 be6bbb578f8c  47.19MB/76.52MB 
 f49b9c68cd9b  22.02MB/177.9MB 
 be6bbb578f8c  47.19MB/76.52MB 
 f49b9c68cd9b  22.02MB/177.9MB 
 be6bbb578f8c  47.19MB/76.52MB 
 f49b9c68cd9b  22.02MB/177.9MB 
 be6bbb578f8c  47.19MB/76.52MB 
 f49b9c68cd9b  23.07MB/177.9MB 
 f49b9c68cd9b  23.07MB/177.9MB 
 be6bbb578f8c  47.19MB/76.52MB 
 be6bbb578f8c  47.19MB/76.52MB 
 f49b9c68cd9b  23.07MB/177.9MB 
 be6bbb578f8c  47.19MB/76.52MB 
 f49b9c68cd9b  23.07MB/177.9MB 
 be6bbb578f8c  47.19MB/76.52MB 
 f49b9c68cd9b  23.07MB/177.9MB 
 f49b9c68cd9b  23.07MB/177.9MB 
 be6bbb578f8c  47.19MB/76.52MB 
 be6bbb578f8c  47.19MB/76.52MB 
 f49b9c68cd9b  23.07MB/177.9MB 
 f49b9c68cd9b  23.07MB/177.9MB 
 be6bbb578f8c  47.19MB/76.52MB 
 be6bbb578f8c  47.19MB/76.52MB 
 f49b9c68cd9b  23.07MB/177.9MB 
 f49b9c68cd9b  23.07MB/177.9MB 
 be6bbb578f8c  47.19MB/76.52MB 
 f49b9c68cd9b  23.07MB/177.9MB 
 be6bbb578f8c  47.19MB/76.52MB 
 be6bbb578f8c  47.19MB/76.52MB 
 f49b9c68cd9b  23.07MB/177.9MB 
 be6bbb578f8c  48.23MB/76.52MB 
 f49b9c68cd9b  23.07MB/177.9MB 
 be6bbb578f8c  48.23MB/76.52MB 
 f49b9c68cd9b  23.07MB/177.9MB 
 be6bbb578f8c  48.23MB/76.52MB 
 f49b9c68cd9b  23.07MB/177.9MB 
 be6bbb578f8c  48.23MB/76.52MB 
 f49b9c68cd9b  23.07MB/177.9MB 
 f49b9c68cd9b  23.07MB/177.9MB 
 be6bbb578f8c  48.23MB/76.52MB 
 f49b9c68cd9b  23.07MB/177.9MB 
 be6bbb578f8c  48.23MB/76.52MB 
 f49b9c68cd9b  23.07MB/177.9MB 
 be6bbb578f8c  48.23MB/76.52MB 
 be6bbb578f8c  48.23MB/76.52MB 
 f49b9c68cd9b  23.07MB/177.9MB 
 be6bbb578f8c  48.23MB/76.52MB 
 f49b9c68cd9b  23.07MB/177.9MB 
 be6bbb578f8c  48.23MB/76.52MB 
 f49b9c68cd9b  24.12MB/177.9MB 
 be6bbb578f8c  48.23MB/76.52MB 
 f49b9c68cd9b  24.12MB/177.9MB 
 be6bbb578f8c  48.23MB/76.52MB 
 f49b9c68cd9b  24.12MB/177.9MB 
 f49b9c68cd9b  24.12MB/177.9MB 
 be6bbb578f8c  48.23MB/76.52MB 
 be6bbb578f8c  48.23MB/76.52MB 
 f49b9c68cd9b  24.12MB/177.9MB 
 be6bbb578f8c  48.23MB/76.52MB 
 f49b9c68cd9b  24.12MB/177.9MB 
 be6bbb578f8c  48.23MB/76.52MB 
 f49b9c68cd9b  24.12MB/177.9MB 
 be6bbb578f8c  49.28MB/76.52MB 
 f49b9c68cd9b  24.12MB/177.9MB 
 be6bbb578f8c  49.28MB/76.52MB 
 f49b9c68cd9b  24.12MB/177.9MB 
 f49b9c68cd9b  24.12MB/177.9MB 
 be6bbb578f8c  49.28MB/76.52MB 
 be6bbb578f8c  49.28MB/76.52MB 
 f49b9c68cd9b  24.12MB/177.9MB 
 f49b9c68cd9b  24.12MB/177.9MB 
 be6bbb578f8c  49.28MB/76.52MB 
 be6bbb578f8c  49.28MB/76.52MB 
 f49b9c68cd9b  24.12MB/177.9MB 
 be6bbb578f8c  49.28MB/76.52MB 
 f49b9c68cd9b  24.12MB/177.9MB 
 be6bbb578f8c  49.28MB/76.52MB 
 f49b9c68cd9b  25.17MB/177.9MB 
 be6bbb578f8c  49.28MB/76.52MB 
 f49b9c68cd9b  25.17MB/177.9MB 
 be6bbb578f8c  49.28MB/76.52MB 
 f49b9c68cd9b  25.17MB/177.9MB 
 be6bbb578f8c  49.28MB/76.52MB 
 f49b9c68cd9b  25.17MB/177.9MB 
 f49b9c68cd9b  25.17MB/177.9MB 
 be6bbb578f8c  49.28MB/76.52MB 
 be6bbb578f8c  49.28MB/76.52MB 
 f49b9c68cd9b  25.17MB/177.9MB 
 be6bbb578f8c  49.28MB/76.52MB 
 f49b9c68cd9b  25.17MB/177.9MB 
 f49b9c68cd9b  25.17MB/177.9MB 
 be6bbb578f8c  49.28MB/76.52MB 
 be6bbb578f8c  49.28MB/76.52MB 
 f49b9c68cd9b  25.17MB/177.9MB 
 be6bbb578f8c  50.33MB/76.52MB 
 f49b9c68cd9b  25.17MB/177.9MB 
 f49b9c68cd9b  25.17MB/177.9MB 
 be6bbb578f8c  50.33MB/76.52MB 
 be6bbb578f8c  50.33MB/76.52MB 
 f49b9c68cd9b  25.17MB/177.9MB 
 be6bbb578f8c  50.33MB/76.52MB 
 f49b9c68cd9b  26.21MB/177.9MB 
 be6bbb578f8c  50.33MB/76.52MB 
 f49b9c68cd9b  26.21MB/177.9MB 
 be6bbb578f8c  50.33MB/76.52MB 
 f49b9c68cd9b  26.21MB/177.9MB 
 be6bbb578f8c  50.33MB/76.52MB 
 f49b9c68cd9b  26.21MB/177.9MB 
 be6bbb578f8c  50.33MB/76.52MB 
 f49b9c68cd9b  26.21MB/177.9MB 
 be6bbb578f8c  50.33MB/76.52MB 
 f49b9c68cd9b  26.21MB/177.9MB 
 be6bbb578f8c  50.33MB/76.52MB 
 f49b9c68cd9b  26.21MB/177.9MB 
 f49b9c68cd9b  26.21MB/177.9MB 
 be6bbb578f8c  50.33MB/76.52MB 
 be6bbb578f8c  50.33MB/76.52MB 
 f49b9c68cd9b  26.21MB/177.9MB 
 f49b9c68cd9b  26.21MB/177.9MB 
 be6bbb578f8c  50.33MB/76.52MB 
 be6bbb578f8c  50.33MB/76.52MB 
 f49b9c68cd9b  26.21MB/177.9MB 
 be6bbb578f8c  50.33MB/76.52MB 
 f49b9c68cd9b  26.21MB/177.9MB 
 be6bbb578f8c  51.38MB/76.52MB 
 f49b9c68cd9b  27.26MB/177.9MB 
 be6bbb578f8c  51.38MB/76.52MB 
 f49b9c68cd9b  27.26MB/177.9MB 
 f49b9c68cd9b  27.26MB/177.9MB 
 be6bbb578f8c  51.38MB/76.52MB 
 be6bbb578f8c  51.38MB/76.52MB 
 f49b9c68cd9b  27.26MB/177.9MB 
 f49b9c68cd9b  27.26MB/177.9MB 
 be6bbb578f8c  51.38MB/76.52MB 
 be6bbb578f8c  51.38MB/76.52MB 
 f49b9c68cd9b  27.26MB/177.9MB 
 f49b9c68cd9b  27.26MB/177.9MB 
 be6bbb578f8c  51.38MB/76.52MB 
 be6bbb578f8c  51.38MB/76.52MB 
 f49b9c68cd9b  27.26MB/177.9MB 
 be6bbb578f8c  51.38MB/76.52MB 
 f49b9c68cd9b  27.26MB/177.9MB 
 be6bbb578f8c  51.38MB/76.52MB 
 f49b9c68cd9b  27.26MB/177.9MB 
 be6bbb578f8c  51.38MB/76.52MB 
 f49b9c68cd9b  27.26MB/177.9MB 
 f49b9c68cd9b  27.26MB/177.9MB 
 be6bbb578f8c  51.38MB/76.52MB 
 be6bbb578f8c  51.38MB/76.52MB 
 f49b9c68cd9b  27.26MB/177.9MB 
 be6bbb578f8c  52.43MB/76.52MB 
 f49b9c68cd9b  27.26MB/177.9MB 
 f49b9c68cd9b  28.31MB/177.9MB 
 be6bbb578f8c  52.43MB/76.52MB 
 be6bbb578f8c  52.43MB/76.52MB 
 f49b9c68cd9b  28.31MB/177.9MB 
 be6bbb578f8c  52.43MB/76.52MB 
 f49b9c68cd9b  28.31MB/177.9MB 
 be6bbb578f8c  52.43MB/76.52MB 
 f49b9c68cd9b  28.31MB/177.9MB 
 be6bbb578f8c  52.43MB/76.52MB 
 f49b9c68cd9b  28.31MB/177.9MB 
 be6bbb578f8c  52.43MB/76.52MB 
 f49b9c68cd9b  28.31MB/177.9MB 
 be6bbb578f8c  52.43MB/76.52MB 
 f49b9c68cd9b  28.31MB/177.9MB 
 f49b9c68cd9b  28.31MB/177.9MB 
 be6bbb578f8c  52.43MB/76.52MB 
 f49b9c68cd9b  28.31MB/177.9MB 
 be6bbb578f8c  52.43MB/76.52MB 
 be6bbb578f8c  52.43MB/76.52MB 
 f49b9c68cd9b  28.31MB/177.9MB 
 be6bbb578f8c  53.48MB/76.52MB 
 f49b9c68cd9b  28.31MB/177.9MB 
 be6bbb578f8c  53.48MB/76.52MB 
 f49b9c68cd9b  28.31MB/177.9MB 
 be6bbb578f8c  53.48MB/76.52MB 
 f49b9c68cd9b  28.31MB/177.9MB 
 be6bbb578f8c  53.48MB/76.52MB 
 f49b9c68cd9b  28.31MB/177.9MB 
 be6bbb578f8c  53.48MB/76.52MB 
 f49b9c68cd9b  29.36MB/177.9MB 
 f49b9c68cd9b  29.36MB/177.9MB 
 be6bbb578f8c  53.48MB/76.52MB 
 be6bbb578f8c  53.48MB/76.52MB 
 f49b9c68cd9b  29.36MB/177.9MB 
 be6bbb578f8c  53.48MB/76.52MB 
 f49b9c68cd9b  29.36MB/177.9MB 
 be6bbb578f8c  53.48MB/76.52MB 
 f49b9c68cd9b  29.36MB/177.9MB 
 f49b9c68cd9b  29.36MB/177.9MB 
 be6bbb578f8c  53.48MB/76.52MB 
 be6bbb578f8c  53.48MB/76.52MB 
 f49b9c68cd9b  29.36MB/177.9MB 
 f49b9c68cd9b  29.36MB/177.9MB 
 be6bbb578f8c  54.53MB/76.52MB 
 be6bbb578f8c  54.53MB/76.52MB 
 f49b9c68cd9b  29.36MB/177.9MB 
 f49b9c68cd9b  29.36MB/177.9MB 
 be6bbb578f8c  54.53MB/76.52MB 
 be6bbb578f8c  54.53MB/76.52MB 
 f49b9c68cd9b  29.36MB/177.9MB 
 be6bbb578f8c  54.53MB/76.52MB 
 f49b9c68cd9b  29.36MB/177.9MB 
 f49b9c68cd9b  29.36MB/177.9MB 
 be6bbb578f8c  54.53MB/76.52MB 
 f49b9c68cd9b  29.36MB/177.9MB 
 be6bbb578f8c  54.53MB/76.52MB 
 be6bbb578f8c  55.57MB/76.52MB 
 f49b9c68cd9b  29.36MB/177.9MB 
 be6bbb578f8c  55.57MB/76.52MB 
 f49b9c68cd9b  30.41MB/177.9MB 
 be6bbb578f8c  55.57MB/76.52MB 
 f49b9c68cd9b  30.41MB/177.9MB 
 be6bbb578f8c  55.57MB/76.52MB 
 f49b9c68cd9b  30.41MB/177.9MB 
 be6bbb578f8c  55.57MB/76.52MB 
 f49b9c68cd9b  30.41MB/177.9MB 
 be6bbb578f8c  55.57MB/76.52MB 
 f49b9c68cd9b  30.41MB/177.9MB 
 be6bbb578f8c  55.57MB/76.52MB 
 f49b9c68cd9b  30.41MB/177.9MB 
 be6bbb578f8c  55.57MB/76.52MB 
 f49b9c68cd9b  30.41MB/177.9MB 
 f49b9c68cd9b  30.41MB/177.9MB 
 be6bbb578f8c  55.57MB/76.52MB 
 f49b9c68cd9b  30.41MB/177.9MB 
 be6bbb578f8c  56.62MB/76.52MB 
 be6bbb578f8c  56.62MB/76.52MB 
 f49b9c68cd9b  30.41MB/177.9MB 
 f49b9c68cd9b  30.41MB/177.9MB 
 be6bbb578f8c  56.62MB/76.52MB 
 be6bbb578f8c  56.62MB/76.52MB 
 f49b9c68cd9b  30.41MB/177.9MB 
 be6bbb578f8c  56.62MB/76.52MB 
 f49b9c68cd9b  30.41MB/177.9MB 
 f49b9c68cd9b  30.41MB/177.9MB 
 be6bbb578f8c  56.62MB/76.52MB 
 be6bbb578f8c  56.62MB/76.52MB 
 f49b9c68cd9b  30.41MB/177.9MB 
 be6bbb578f8c  56.62MB/76.52MB 
 f49b9c68cd9b  30.41MB/177.9MB 
 be6bbb578f8c  56.62MB/76.52MB 
 f49b9c68cd9b  30.41MB/177.9MB 
 f49b9c68cd9b  30.41MB/177.9MB 
 be6bbb578f8c  56.62MB/76.52MB 
 be6bbb578f8c  57.67MB/76.52MB 
 f49b9c68cd9b  31.46MB/177.9MB 
 f49b9c68cd9b  31.46MB/177.9MB 
 be6bbb578f8c  57.67MB/76.52MB 
 f49b9c68cd9b  31.46MB/177.9MB 
 be6bbb578f8c  57.67MB/76.52MB 
 be6bbb578f8c  57.67MB/76.52MB 
 f49b9c68cd9b  31.46MB/177.9MB 
 f49b9c68cd9b  31.46MB/177.9MB 
 be6bbb578f8c  57.67MB/76.52MB 
 f49b9c68cd9b  31.46MB/177.9MB 
 be6bbb578f8c  57.67MB/76.52MB 
 be6bbb578f8c  57.67MB/76.52MB 
 f49b9c68cd9b  31.46MB/177.9MB 
 be6bbb578f8c  57.67MB/76.52MB 
 f49b9c68cd9b  31.46MB/177.9MB 
 be6bbb578f8c  57.67MB/76.52MB 
 f49b9c68cd9b  31.46MB/177.9MB 
 be6bbb578f8c  58.72MB/76.52MB 
 f49b9c68cd9b  31.46MB/177.9MB 
 be6bbb578f8c  58.72MB/76.52MB 
 f49b9c68cd9b  31.46MB/177.9MB 
 f49b9c68cd9b  31.46MB/177.9MB 
 be6bbb578f8c  58.72MB/76.52MB 
 be6bbb578f8c  58.72MB/76.52MB 
 f49b9c68cd9b  31.46MB/177.9MB 
 be6bbb578f8c  58.72MB/76.52MB 
 f49b9c68cd9b  31.46MB/177.9MB 
 be6bbb578f8c  58.72MB/76.52MB 
 f49b9c68cd9b  31.46MB/177.9MB 
 be6bbb578f8c  58.72MB/76.52MB 
 f49b9c68cd9b  31.46MB/177.9MB 
 f49b9c68cd9b  31.46MB/177.9MB 
 be6bbb578f8c  58.72MB/76.52MB 
 f49b9c68cd9b  31.46MB/177.9MB 
 be6bbb578f8c  58.72MB/76.52MB 
 be6bbb578f8c  59.77MB/76.52MB 
 f49b9c68cd9b  32.51MB/177.9MB 
 be6bbb578f8c  59.77MB/76.52MB 
 f49b9c68cd9b  32.51MB/177.9MB 
 be6bbb578f8c  59.77MB/76.52MB 
 f49b9c68cd9b  32.51MB/177.9MB 
 be6bbb578f8c  59.77MB/76.52MB 
 f49b9c68cd9b  32.51MB/177.9MB 
 f49b9c68cd9b  32.51MB/177.9MB 
 be6bbb578f8c  59.77MB/76.52MB 
 f49b9c68cd9b  32.51MB/177.9MB 
 be6bbb578f8c  59.77MB/76.52MB 
 be6bbb578f8c  59.77MB/76.52MB 
 f49b9c68cd9b  32.51MB/177.9MB 
 be6bbb578f8c  59.77MB/76.52MB 
 f49b9c68cd9b  32.51MB/177.9MB 
 f49b9c68cd9b  32.51MB/177.9MB 
 be6bbb578f8c  59.77MB/76.52MB 
 f49b9c68cd9b  32.51MB/177.9MB 
 be6bbb578f8c  59.77MB/76.52MB 
 be6bbb578f8c  59.77MB/76.52MB 
 f49b9c68cd9b  32.51MB/177.9MB 
 be6bbb578f8c  59.77MB/76.52MB 
 f49b9c68cd9b  32.51MB/177.9MB 
 be6bbb578f8c  59.77MB/76.52MB 
 f49b9c68cd9b  32.51MB/177.9MB 
 be6bbb578f8c  59.77MB/76.52MB 
 f49b9c68cd9b  32.51MB/177.9MB 
 be6bbb578f8c  59.77MB/76.52MB 
 f49b9c68cd9b  32.51MB/177.9MB 
 be6bbb578f8c  59.77MB/76.52MB 
 f49b9c68cd9b  32.51MB/177.9MB 
 be6bbb578f8c  60.82MB/76.52MB 
 f49b9c68cd9b  32.51MB/177.9MB 
 be6bbb578f8c  60.82MB/76.52MB 
 f49b9c68cd9b  32.51MB/177.9MB 
 be6bbb578f8c  60.82MB/76.52MB 
 f49b9c68cd9b  32.51MB/177.9MB 
 be6bbb578f8c  60.82MB/76.52MB 
 f49b9c68cd9b  32.51MB/177.9MB 
 be6bbb578f8c  60.82MB/76.52MB 
 f49b9c68cd9b  32.51MB/177.9MB 
 be6bbb578f8c  60.82MB/76.52MB 
 f49b9c68cd9b  32.51MB/177.9MB 
 be6bbb578f8c  60.82MB/76.52MB 
 f49b9c68cd9b  33.55MB/177.9MB 
 be6bbb578f8c  60.82MB/76.52MB 
 f49b9c68cd9b  33.55MB/177.9MB 
 be6bbb578f8c  60.82MB/76.52MB 
 f49b9c68cd9b  33.55MB/177.9MB 
 f49b9c68cd9b  33.55MB/177.9MB 
 be6bbb578f8c  60.82MB/76.52MB 
 be6bbb578f8c  60.82MB/76.52MB 
 f49b9c68cd9b  33.55MB/177.9MB 
 f49b9c68cd9b  33.55MB/177.9MB 
 be6bbb578f8c  61.87MB/76.52MB 
 be6bbb578f8c  61.87MB/76.52MB 
 f49b9c68cd9b  33.55MB/177.9MB 
 be6bbb578f8c  61.87MB/76.52MB 
 f49b9c68cd9b  33.55MB/177.9MB 
 be6bbb578f8c  61.87MB/76.52MB 
 f49b9c68cd9b  33.55MB/177.9MB 
 be6bbb578f8c  61.87MB/76.52MB 
 f49b9c68cd9b  33.55MB/177.9MB 
 be6bbb578f8c  61.87MB/76.52MB 
 f49b9c68cd9b  33.55MB/177.9MB 
 f49b9c68cd9b  33.55MB/177.9MB 
 be6bbb578f8c  61.87MB/76.52MB 
 be6bbb578f8c  61.87MB/76.52MB 
 f49b9c68cd9b  33.55MB/177.9MB 
 f49b9c68cd9b  33.55MB/177.9MB 
 be6bbb578f8c  61.87MB/76.52MB 
 be6bbb578f8c  61.87MB/76.52MB 
 f49b9c68cd9b  33.55MB/177.9MB 
 be6bbb578f8c  61.87MB/76.52MB 
 f49b9c68cd9b  33.55MB/177.9MB 
 be6bbb578f8c  61.87MB/76.52MB 
 f49b9c68cd9b  33.55MB/177.9MB 
 be6bbb578f8c  61.87MB/76.52MB 
 f49b9c68cd9b  33.55MB/177.9MB 
 be6bbb578f8c  61.87MB/76.52MB 
 f49b9c68cd9b  33.55MB/177.9MB 
 be6bbb578f8c  61.87MB/76.52MB 
 f49b9c68cd9b  33.55MB/177.9MB 
 f49b9c68cd9b  33.55MB/177.9MB 
 be6bbb578f8c  61.87MB/76.52MB 
 be6bbb578f8c  61.87MB/76.52MB 
 f49b9c68cd9b  33.55MB/177.9MB 
 be6bbb578f8c  62.91MB/76.52MB 
 f49b9c68cd9b  33.55MB/177.9MB 
 be6bbb578f8c  62.91MB/76.52MB 
 f49b9c68cd9b  33.55MB/177.9MB 
 be6bbb578f8c  62.91MB/76.52MB 
 f49b9c68cd9b  33.55MB/177.9MB 
 be6bbb578f8c  62.91MB/76.52MB 
 f49b9c68cd9b  33.55MB/177.9MB 
 be6bbb578f8c  62.91MB/76.52MB 
 f49b9c68cd9b   34.6MB/177.9MB 
 be6bbb578f8c  62.91MB/76.52MB 
 f49b9c68cd9b   34.6MB/177.9MB 
 be6bbb578f8c  62.91MB/76.52MB 
 f49b9c68cd9b   34.6MB/177.9MB 
 f49b9c68cd9b   34.6MB/177.9MB 
 be6bbb578f8c  62.91MB/76.52MB 
 be6bbb578f8c  62.91MB/76.52MB 
 f49b9c68cd9b   34.6MB/177.9MB 
 be6bbb578f8c  62.91MB/76.52MB 
 f49b9c68cd9b   34.6MB/177.9MB 
 f49b9c68cd9b   34.6MB/177.9MB 
 be6bbb578f8c  62.91MB/76.52MB 
 f49b9c68cd9b   34.6MB/177.9MB 
 be6bbb578f8c  62.91MB/76.52MB 
 be6bbb578f8c  62.91MB/76.52MB 
 f49b9c68cd9b   34.6MB/177.9MB 
 be6bbb578f8c  62.91MB/76.52MB 
 f49b9c68cd9b   34.6MB/177.9MB 
 be6bbb578f8c  63.96MB/76.52MB 
 f49b9c68cd9b   34.6MB/177.9MB 
 f49b9c68cd9b   34.6MB/177.9MB 
 be6bbb578f8c  63.96MB/76.52MB 
 be6bbb578f8c  63.96MB/76.52MB 
 f49b9c68cd9b   34.6MB/177.9MB 
 be6bbb578f8c  63.96MB/76.52MB 
 f49b9c68cd9b   34.6MB/177.9MB 
 f49b9c68cd9b   34.6MB/177.9MB 
 be6bbb578f8c  63.96MB/76.52MB 
 be6bbb578f8c  63.96MB/76.52MB 
 f49b9c68cd9b   34.6MB/177.9MB 
 f49b9c68cd9b   34.6MB/177.9MB 
 be6bbb578f8c  63.96MB/76.52MB 
 be6bbb578f8c  63.96MB/76.52MB 
 f49b9c68cd9b   34.6MB/177.9MB 
 f49b9c68cd9b   34.6MB/177.9MB 
 be6bbb578f8c  63.96MB/76.52MB 
 be6bbb578f8c  63.96MB/76.52MB 
 f49b9c68cd9b   34.6MB/177.9MB 
 be6bbb578f8c  63.96MB/76.52MB 
 f49b9c68cd9b   34.6MB/177.9MB 
 be6bbb578f8c  63.96MB/76.52MB 
 f49b9c68cd9b   34.6MB/177.9MB 
 be6bbb578f8c  65.01MB/76.52MB 
 f49b9c68cd9b  35.65MB/177.9MB 
 f49b9c68cd9b  35.65MB/177.9MB 
 be6bbb578f8c  65.01MB/76.52MB 
 be6bbb578f8c  65.01MB/76.52MB 
 f49b9c68cd9b  35.65MB/177.9MB 
 be6bbb578f8c  65.01MB/76.52MB 
 f49b9c68cd9b  35.65MB/177.9MB 
 be6bbb578f8c  65.01MB/76.52MB 
 f49b9c68cd9b  35.65MB/177.9MB 
 be6bbb578f8c  65.01MB/76.52MB 
 f49b9c68cd9b  35.65MB/177.9MB 
 be6bbb578f8c  65.01MB/76.52MB 
 f49b9c68cd9b  35.65MB/177.9MB 
 f49b9c68cd9b  35.65MB/177.9MB 
 be6bbb578f8c  65.01MB/76.52MB 
 f49b9c68cd9b  35.65MB/177.9MB 
 be6bbb578f8c  65.01MB/76.52MB 
 be6bbb578f8c  65.01MB/76.52MB 
 f49b9c68cd9b  35.65MB/177.9MB 
 be6bbb578f8c  65.01MB/76.52MB 
 f49b9c68cd9b  35.65MB/177.9MB 
 be6bbb578f8c  66.06MB/76.52MB 
 f49b9c68cd9b  35.65MB/177.9MB 
 f49b9c68cd9b  35.65MB/177.9MB 
 be6bbb578f8c  66.06MB/76.52MB 
 be6bbb578f8c  66.06MB/76.52MB 
 f49b9c68cd9b  35.65MB/177.9MB 
 f49b9c68cd9b  35.65MB/177.9MB 
 be6bbb578f8c  66.06MB/76.52MB 
 f49b9c68cd9b  35.65MB/177.9MB 
 be6bbb578f8c  66.06MB/76.52MB 
 f49b9c68cd9b  35.65MB/177.9MB 
 be6bbb578f8c  66.06MB/76.52MB 
 be6bbb578f8c  66.06MB/76.52MB 
 f49b9c68cd9b   36.7MB/177.9MB 
 f49b9c68cd9b   36.7MB/177.9MB 
 be6bbb578f8c  66.06MB/76.52MB 
 f49b9c68cd9b   36.7MB/177.9MB 
 be6bbb578f8c  67.11MB/76.52MB 
 f49b9c68cd9b   36.7MB/177.9MB 
 be6bbb578f8c  67.11MB/76.52MB 
 be6bbb578f8c  67.11MB/76.52MB 
 f49b9c68cd9b   36.7MB/177.9MB 
 f49b9c68cd9b   36.7MB/177.9MB 
 be6bbb578f8c  67.11MB/76.52MB 
 be6bbb578f8c  67.11MB/76.52MB 
 f49b9c68cd9b   36.7MB/177.9MB 
 be6bbb578f8c  67.11MB/76.52MB 
 f49b9c68cd9b   36.7MB/177.9MB 
 be6bbb578f8c  67.11MB/76.52MB 
 f49b9c68cd9b   36.7MB/177.9MB 
 be6bbb578f8c  67.11MB/76.52MB 
 f49b9c68cd9b   36.7MB/177.9MB 
 f49b9c68cd9b   36.7MB/177.9MB 
 be6bbb578f8c  67.11MB/76.52MB 
 be6bbb578f8c  68.16MB/76.52MB 
 f49b9c68cd9b   36.7MB/177.9MB 
 be6bbb578f8c  68.16MB/76.52MB 
 f49b9c68cd9b   36.7MB/177.9MB 
 be6bbb578f8c  68.16MB/76.52MB 
 f49b9c68cd9b   36.7MB/177.9MB 
 be6bbb578f8c  68.16MB/76.52MB 
 f49b9c68cd9b   36.7MB/177.9MB 
 be6bbb578f8c  68.16MB/76.52MB 
 f49b9c68cd9b   36.7MB/177.9MB 
 be6bbb578f8c  68.16MB/76.52MB 
 f49b9c68cd9b  37.75MB/177.9MB 
 be6bbb578f8c  68.16MB/76.52MB 
 f49b9c68cd9b  37.75MB/177.9MB 
 be6bbb578f8c  68.16MB/76.52MB 
 f49b9c68cd9b  37.75MB/177.9MB 
 f49b9c68cd9b  37.75MB/177.9MB 
 be6bbb578f8c  68.16MB/76.52MB 
 be6bbb578f8c  68.16MB/76.52MB 
 f49b9c68cd9b  37.75MB/177.9MB 
 be6bbb578f8c  68.16MB/76.52MB 
 f49b9c68cd9b  37.75MB/177.9MB 
 be6bbb578f8c  69.21MB/76.52MB 
 f49b9c68cd9b  37.75MB/177.9MB 
 f49b9c68cd9b  37.75MB/177.9MB 
 be6bbb578f8c  69.21MB/76.52MB 
 f49b9c68cd9b  37.75MB/177.9MB 
 be6bbb578f8c  69.21MB/76.52MB 
 f49b9c68cd9b  37.75MB/177.9MB 
 be6bbb578f8c  69.21MB/76.52MB 
 be6bbb578f8c  69.21MB/76.52MB 
 f49b9c68cd9b  37.75MB/177.9MB 
 f49b9c68cd9b  37.75MB/177.9MB 
 be6bbb578f8c  69.21MB/76.52MB 
 f49b9c68cd9b  37.75MB/177.9MB 
 be6bbb578f8c  69.21MB/76.52MB 
 be6bbb578f8c  69.21MB/76.52MB 
 f49b9c68cd9b  37.75MB/177.9MB 
 be6bbb578f8c  69.21MB/76.52MB 
 f49b9c68cd9b  37.75MB/177.9MB 
 be6bbb578f8c  69.21MB/76.52MB 
 f49b9c68cd9b   38.8MB/177.9MB 
 f49b9c68cd9b   38.8MB/177.9MB 
 be6bbb578f8c  69.21MB/76.52MB 
 be6bbb578f8c  70.25MB/76.52MB 
 f49b9c68cd9b   38.8MB/177.9MB 
 be6bbb578f8c  70.25MB/76.52MB 
 f49b9c68cd9b   38.8MB/177.9MB 
 be6bbb578f8c  70.25MB/76.52MB 
 f49b9c68cd9b   38.8MB/177.9MB 
 be6bbb578f8c  70.25MB/76.52MB 
 f49b9c68cd9b   38.8MB/177.9MB 
 be6bbb578f8c  70.25MB/76.52MB 
 f49b9c68cd9b   38.8MB/177.9MB 
 f49b9c68cd9b   38.8MB/177.9MB 
 be6bbb578f8c  70.25MB/76.52MB 
 be6bbb578f8c  70.25MB/76.52MB 
 f49b9c68cd9b   38.8MB/177.9MB 
 be6bbb578f8c  70.25MB/76.52MB 
 f49b9c68cd9b   38.8MB/177.9MB 
 be6bbb578f8c  70.25MB/76.52MB 
 f49b9c68cd9b   38.8MB/177.9MB 
 be6bbb578f8c  70.25MB/76.52MB 
 f49b9c68cd9b   38.8MB/177.9MB 
 f49b9c68cd9b   38.8MB/177.9MB 
 be6bbb578f8c  70.25MB/76.52MB 
 f49b9c68cd9b   38.8MB/177.9MB 
 be6bbb578f8c  70.25MB/76.52MB 
 be6bbb578f8c  70.25MB/76.52MB 
 f49b9c68cd9b   38.8MB/177.9MB 
 be6bbb578f8c  70.25MB/76.52MB 
 f49b9c68cd9b   38.8MB/177.9MB 
 f49b9c68cd9b   38.8MB/177.9MB 
 be6bbb578f8c  70.25MB/76.52MB 
 be6bbb578f8c   71.3MB/76.52MB 
 f49b9c68cd9b   38.8MB/177.9MB 
 be6bbb578f8c   71.3MB/76.52MB 
 f49b9c68cd9b   38.8MB/177.9MB 
 f49b9c68cd9b   38.8MB/177.9MB 
 be6bbb578f8c   71.3MB/76.52MB 
 be6bbb578f8c   71.3MB/76.52MB 
 f49b9c68cd9b   38.8MB/177.9MB 
 be6bbb578f8c   71.3MB/76.52MB 
 f49b9c68cd9b  39.85MB/177.9MB 
 be6bbb578f8c   71.3MB/76.52MB 
 f49b9c68cd9b  39.85MB/177.9MB 
 be6bbb578f8c   71.3MB/76.52MB 
 f49b9c68cd9b  39.85MB/177.9MB 
 be6bbb578f8c   71.3MB/76.52MB 
 f49b9c68cd9b  39.85MB/177.9MB 
 be6bbb578f8c   71.3MB/76.52MB 
 f49b9c68cd9b  39.85MB/177.9MB 
 be6bbb578f8c   71.3MB/76.52MB 
 f49b9c68cd9b  39.85MB/177.9MB 
 f49b9c68cd9b  39.85MB/177.9MB 
 be6bbb578f8c   71.3MB/76.52MB 
 be6bbb578f8c   71.3MB/76.52MB 
 f49b9c68cd9b  39.85MB/177.9MB 
 be6bbb578f8c   71.3MB/76.52MB 
 f49b9c68cd9b  39.85MB/177.9MB 
 be6bbb578f8c   71.3MB/76.52MB 
 f49b9c68cd9b  39.85MB/177.9MB 
 f49b9c68cd9b  39.85MB/177.9MB 
 be6bbb578f8c  72.35MB/76.52MB 
 be6bbb578f8c  72.35MB/76.52MB 
 f49b9c68cd9b  39.85MB/177.9MB 
 be6bbb578f8c  72.35MB/76.52MB 
 f49b9c68cd9b  39.85MB/177.9MB 
 f49b9c68cd9b  39.85MB/177.9MB 
 be6bbb578f8c  72.35MB/76.52MB 
 be6bbb578f8c  72.35MB/76.52MB 
 f49b9c68cd9b  39.85MB/177.9MB 
 f49b9c68cd9b  39.85MB/177.9MB 
 be6bbb578f8c  72.35MB/76.52MB 
 f49b9c68cd9b  39.85MB/177.9MB 
 be6bbb578f8c  72.35MB/76.52MB 
 be6bbb578f8c  72.35MB/76.52MB 
 f49b9c68cd9b  39.85MB/177.9MB 
 be6bbb578f8c  72.35MB/76.52MB 
 f49b9c68cd9b  39.85MB/177.9MB 
 be6bbb578f8c  72.35MB/76.52MB 
 f49b9c68cd9b  39.85MB/177.9MB 
 f49b9c68cd9b  39.85MB/177.9MB 
 be6bbb578f8c  72.35MB/76.52MB 
 be6bbb578f8c  72.35MB/76.52MB 
 f49b9c68cd9b  40.89MB/177.9MB 
 be6bbb578f8c  72.35MB/76.52MB 
 f49b9c68cd9b  40.89MB/177.9MB 
 f49b9c68cd9b  40.89MB/177.9MB 
 be6bbb578f8c  72.35MB/76.52MB 
 f49b9c68cd9b  40.89MB/177.9MB 
 be6bbb578f8c   73.4MB/76.52MB 
 be6bbb578f8c   73.4MB/76.52MB 
 f49b9c68cd9b  40.89MB/177.9MB 
 be6bbb578f8c   73.4MB/76.52MB 
 f49b9c68cd9b  40.89MB/177.9MB 
 f49b9c68cd9b  40.89MB/177.9MB 
 be6bbb578f8c   73.4MB/76.52MB 
 f49b9c68cd9b  40.89MB/177.9MB 
 be6bbb578f8c   73.4MB/76.52MB 
 be6bbb578f8c   73.4MB/76.52MB 
 f49b9c68cd9b  40.89MB/177.9MB 
 be6bbb578f8c   73.4MB/76.52MB 
 f49b9c68cd9b  40.89MB/177.9MB 
 be6bbb578f8c   73.4MB/76.52MB 
 f49b9c68cd9b  40.89MB/177.9MB 
 f49b9c68cd9b  40.89MB/177.9MB 
 be6bbb578f8c   73.4MB/76.52MB 
 be6bbb578f8c   73.4MB/76.52MB 
 f49b9c68cd9b  40.89MB/177.9MB 
 be6bbb578f8c   73.4MB/76.52MB 
 f49b9c68cd9b  40.89MB/177.9MB 
 f49b9c68cd9b  40.89MB/177.9MB 
 be6bbb578f8c   73.4MB/76.52MB 
 be6bbb578f8c   73.4MB/76.52MB 
 f49b9c68cd9b  40.89MB/177.9MB 
 f49b9c68cd9b  40.89MB/177.9MB 
 be6bbb578f8c   73.4MB/76.52MB 
 be6bbb578f8c   73.4MB/76.52MB 
 f49b9c68cd9b  40.89MB/177.9MB 
 be6bbb578f8c   73.4MB/76.52MB 
 f49b9c68cd9b  40.89MB/177.9MB 
 be6bbb578f8c  74.45MB/76.52MB 
 f49b9c68cd9b  40.89MB/177.9MB 
 be6bbb578f8c  74.45MB/76.52MB 
 f49b9c68cd9b  40.89MB/177.9MB 
 f49b9c68cd9b  41.94MB/177.9MB 
 be6bbb578f8c  74.45MB/76.52MB 
 be6bbb578f8c  74.45MB/76.52MB 
 f49b9c68cd9b  41.94MB/177.9MB 
 be6bbb578f8c  74.45MB/76.52MB 
 f49b9c68cd9b  41.94MB/177.9MB 
 f49b9c68cd9b  41.94MB/177.9MB 
 be6bbb578f8c  74.45MB/76.52MB 
 f49b9c68cd9b  41.94MB/177.9MB 
 be6bbb578f8c  74.45MB/76.52MB 
 be6bbb578f8c  74.45MB/76.52MB 
 f49b9c68cd9b  41.94MB/177.9MB 
 f49b9c68cd9b  41.94MB/177.9MB 
 be6bbb578f8c  74.45MB/76.52MB 
 be6bbb578f8c  74.45MB/76.52MB 
 f49b9c68cd9b  41.94MB/177.9MB 
 be6bbb578f8c  74.45MB/76.52MB 
 f49b9c68cd9b  41.94MB/177.9MB 
 be6bbb578f8c  74.45MB/76.52MB 
 f49b9c68cd9b  41.94MB/177.9MB 
 be6bbb578f8c  74.45MB/76.52MB 
 f49b9c68cd9b  41.94MB/177.9MB 
 f49b9c68cd9b  41.94MB/177.9MB 
 be6bbb578f8c   75.5MB/76.52MB 
 f49b9c68cd9b  41.94MB/177.9MB 
 be6bbb578f8c   75.5MB/76.52MB 
 f49b9c68cd9b  41.94MB/177.9MB 
 be6bbb578f8c   75.5MB/76.52MB 
 f49b9c68cd9b  41.94MB/177.9MB 
 be6bbb578f8c   75.5MB/76.52MB 
 be6bbb578f8c   75.5MB/76.52MB 
 f49b9c68cd9b  42.99MB/177.9MB 
 f49b9c68cd9b  42.99MB/177.9MB 
 be6bbb578f8c   75.5MB/76.52MB 
 be6bbb578f8c   75.5MB/76.52MB 
 f49b9c68cd9b  42.99MB/177.9MB 
 be6bbb578f8c   75.5MB/76.52MB 
 f49b9c68cd9b  42.99MB/177.9MB 
 be6bbb578f8c   75.5MB/76.52MB 
 f49b9c68cd9b  42.99MB/177.9MB 
 be6bbb578f8c  
 f49b9c68cd9b  42.99MB/177.9MB 
 be6bbb578f8c 1 s 
 f49b9c68cd9b  42.99MB/177.9MB 
 be6bbb578f8c 1 s 
 f49b9c68cd9b  42.99MB/177.9MB 
 be6bbb578f8c 1 s 
 f49b9c68cd9b  42.99MB/177.9MB 
 be6bbb578f8c 1 s 
 f49b9c68cd9b  42.99MB/177.9MB 
 be6bbb578f8c 1 s 
 f49b9c68cd9b  42.99MB/177.9MB 
 be6bbb578f8c 1 s 
 f49b9c68cd9b  42.99MB/177.9MB 
 be6bbb578f8c 1 s 
 f49b9c68cd9b  42.99MB/177.9MB 
 be6bbb578f8c  
 f49b9c68cd9b  42.99MB/177.9MB 
 f49b9c68cd9b  44.04MB/177.9MB 
 f49b9c68cd9b  44.04MB/177.9MB 
 f49b9c68cd9b  44.04MB/177.9MB 
 f49b9c68cd9b  44.04MB/177.9MB 
 f49b9c68cd9b  44.04MB/177.9MB 
 f49b9c68cd9b  44.04MB/177.9MB 
 f49b9c68cd9b  44.04MB/177.9MB 
 f49b9c68cd9b  44.04MB/177.9MB 
 f49b9c68cd9b  44.04MB/177.9MB 
 f49b9c68cd9b  44.04MB/177.9MB 
 f49b9c68cd9b  44.04MB/177.9MB 
 f49b9c68cd9b  44.04MB/177.9MB 
 f49b9c68cd9b  44.04MB/177.9MB 
 f49b9c68cd9b  44.04MB/177.9MB 
 f49b9c68cd9b  45.09MB/177.9MB 
 f49b9c68cd9b  45.09MB/177.9MB 
 f49b9c68cd9b  45.09MB/177.9MB 
 f49b9c68cd9b  45.09MB/177.9MB 
 f49b9c68cd9b  45.09MB/177.9MB 
 f49b9c68cd9b  45.09MB/177.9MB 
 f49b9c68cd9b  45.09MB/177.9MB 
 f49b9c68cd9b  45.09MB/177.9MB 
 f49b9c68cd9b  45.09MB/177.9MB 
 f49b9c68cd9b  45.09MB/177.9MB 
 f49b9c68cd9b  45.09MB/177.9MB 
 f49b9c68cd9b  45.09MB/177.9MB 
 f49b9c68cd9b  46.14MB/177.9MB 
 f49b9c68cd9b  46.14MB/177.9MB 
 f49b9c68cd9b  46.14MB/177.9MB 
 f49b9c68cd9b  46.14MB/177.9MB 
 f49b9c68cd9b  46.14MB/177.9MB 
 f49b9c68cd9b  46.14MB/177.9MB 
 f49b9c68cd9b  46.14MB/177.9MB 
 f49b9c68cd9b  46.14MB/177.9MB 
 f49b9c68cd9b  46.14MB/177.9MB 
 f49b9c68cd9b  47.19MB/177.9MB 
 f49b9c68cd9b  47.19MB/177.9MB 
 f49b9c68cd9b  47.19MB/177.9MB 
 f49b9c68cd9b  47.19MB/177.9MB 
 f49b9c68cd9b  47.19MB/177.9MB 
 f49b9c68cd9b  47.19MB/177.9MB 
 f49b9c68cd9b  47.19MB/177.9MB 
 f49b9c68cd9b  47.19MB/177.9MB 
 f49b9c68cd9b  47.19MB/177.9MB 
 f49b9c68cd9b  47.19MB/177.9MB 
 f49b9c68cd9b  47.19MB/177.9MB 
 f49b9c68cd9b  48.23MB/177.9MB 
 f49b9c68cd9b  48.23MB/177.9MB 
 f49b9c68cd9b  48.23MB/177.9MB 
 f49b9c68cd9b  48.23MB/177.9MB 
 f49b9c68cd9b  48.23MB/177.9MB 
 f49b9c68cd9b  48.23MB/177.9MB 
 f49b9c68cd9b  48.23MB/177.9MB 
 f49b9c68cd9b  48.23MB/177.9MB 
 f49b9c68cd9b  49.28MB/177.9MB 
 f49b9c68cd9b  49.28MB/177.9MB 
 f49b9c68cd9b  49.28MB/177.9MB 
 f49b9c68cd9b  49.28MB/177.9MB 
 f49b9c68cd9b  49.28MB/177.9MB 
 f49b9c68cd9b  49.28MB/177.9MB 
 f49b9c68cd9b  49.28MB/177.9MB 
 f49b9c68cd9b  50.33MB/177.9MB 
 f49b9c68cd9b  50.33MB/177.9MB 
 f49b9c68cd9b  50.33MB/177.9MB 
 f49b9c68cd9b  50.33MB/177.9MB 
 f49b9c68cd9b  50.33MB/177.9MB 
 f49b9c68cd9b  50.33MB/177.9MB 
 f49b9c68cd9b  50.33MB/177.9MB 
 f49b9c68cd9b  50.33MB/177.9MB 
 f49b9c68cd9b  50.33MB/177.9MB 
 f49b9c68cd9b  51.38MB/177.9MB 
 f49b9c68cd9b  51.38MB/177.9MB 
 f49b9c68cd9b  51.38MB/177.9MB 
 f49b9c68cd9b  51.38MB/177.9MB 
 f49b9c68cd9b  51.38MB/177.9MB 
 f49b9c68cd9b  51.38MB/177.9MB 
 f49b9c68cd9b  51.38MB/177.9MB 
 f49b9c68cd9b  52.43MB/177.9MB 
 f49b9c68cd9b  52.43MB/177.9MB 
 f49b9c68cd9b  52.43MB/177.9MB 
 f49b9c68cd9b  52.43MB/177.9MB 
 f49b9c68cd9b  52.43MB/177.9MB 
 f49b9c68cd9b  52.43MB/177.9MB 
 f49b9c68cd9b  52.43MB/177.9MB 
 f49b9c68cd9b  52.43MB/177.9MB 
 f49b9c68cd9b  52.43MB/177.9MB 
 f49b9c68cd9b  52.43MB/177.9MB 
 f49b9c68cd9b  53.48MB/177.9MB 
 f49b9c68cd9b  53.48MB/177.9MB 
 f49b9c68cd9b  53.48MB/177.9MB 
 f49b9c68cd9b  53.48MB/177.9MB 
 f49b9c68cd9b  53.48MB/177.9MB 
 f49b9c68cd9b  53.48MB/177.9MB 
 f49b9c68cd9b  54.53MB/177.9MB 
 f49b9c68cd9b  54.53MB/177.9MB 
 f49b9c68cd9b  54.53MB/177.9MB 
 f49b9c68cd9b  54.53MB/177.9MB 
 f49b9c68cd9b  54.53MB/177.9MB 
 f49b9c68cd9b  54.53MB/177.9MB 
 f49b9c68cd9b  54.53MB/177.9MB 
 f49b9c68cd9b  54.53MB/177.9MB 
 f49b9c68cd9b  55.57MB/177.9MB 
 f49b9c68cd9b  55.57MB/177.9MB 
 f49b9c68cd9b  55.57MB/177.9MB 
 f49b9c68cd9b  55.57MB/177.9MB 
 f49b9c68cd9b  55.57MB/177.9MB 
 f49b9c68cd9b  55.57MB/177.9MB 
 f49b9c68cd9b  55.57MB/177.9MB 
 f49b9c68cd9b  55.57MB/177.9MB 
 f49b9c68cd9b  55.57MB/177.9MB 
 f49b9c68cd9b  56.62MB/177.9MB 
 f49b9c68cd9b  56.62MB/177.9MB 
 f49b9c68cd9b  56.62MB/177.9MB 
 f49b9c68cd9b  56.62MB/177.9MB 
 f49b9c68cd9b  56.62MB/177.9MB 
 f49b9c68cd9b  56.62MB/177.9MB 
 f49b9c68cd9b  56.62MB/177.9MB 
 f49b9c68cd9b  56.62MB/177.9MB 
 f49b9c68cd9b  57.67MB/177.9MB 
 f49b9c68cd9b  57.67MB/177.9MB 
 f49b9c68cd9b  57.67MB/177.9MB 
 f49b9c68cd9b  57.67MB/177.9MB 
 f49b9c68cd9b  57.67MB/177.9MB 
 f49b9c68cd9b  57.67MB/177.9MB 
 f49b9c68cd9b  57.67MB/177.9MB 
 f49b9c68cd9b  57.67MB/177.9MB 
 f49b9c68cd9b  57.67MB/177.9MB 
 f49b9c68cd9b  58.72MB/177.9MB 
 f49b9c68cd9b  58.72MB/177.9MB 
 f49b9c68cd9b  58.72MB/177.9MB 
 f49b9c68cd9b  58.72MB/177.9MB 
 f49b9c68cd9b  58.72MB/177.9MB 
 f49b9c68cd9b  58.72MB/177.9MB 
 f49b9c68cd9b  58.72MB/177.9MB 
 f49b9c68cd9b  59.77MB/177.9MB 
 f49b9c68cd9b  59.77MB/177.9MB 
 f49b9c68cd9b  59.77MB/177.9MB 
 f49b9c68cd9b  59.77MB/177.9MB 
 f49b9c68cd9b  59.77MB/177.9MB 
 f49b9c68cd9b  59.77MB/177.9MB 
 f49b9c68cd9b  60.82MB/177.9MB 
 f49b9c68cd9b  60.82MB/177.9MB 
 f49b9c68cd9b  60.82MB/177.9MB 
 f49b9c68cd9b  60.82MB/177.9MB 
 f49b9c68cd9b  60.82MB/177.9MB 
 f49b9c68cd9b  60.82MB/177.9MB 
 f49b9c68cd9b  60.82MB/177.9MB 
 f49b9c68cd9b  60.82MB/177.9MB 
 f49b9c68cd9b  60.82MB/177.9MB 
 f49b9c68cd9b  61.87MB/177.9MB 
 f49b9c68cd9b  61.87MB/177.9MB 
 f49b9c68cd9b  61.87MB/177.9MB 
 f49b9c68cd9b  61.87MB/177.9MB 
 f49b9c68cd9b  61.87MB/177.9MB 
 f49b9c68cd9b  61.87MB/177.9MB 
 f49b9c68cd9b  62.91MB/177.9MB 
 f49b9c68cd9b  62.91MB/177.9MB 
 f49b9c68cd9b  62.91MB/177.9MB 
 f49b9c68cd9b  62.91MB/177.9MB 
 f49b9c68cd9b  62.91MB/177.9MB 
 f49b9c68cd9b  62.91MB/177.9MB 
 f49b9c68cd9b  63.96MB/177.9MB 
 f49b9c68cd9b  63.96MB/177.9MB 
 f49b9c68cd9b  63.96MB/177.9MB 
 f49b9c68cd9b  63.96MB/177.9MB 
 f49b9c68cd9b  63.96MB/177.9MB 
 f49b9c68cd9b  63.96MB/177.9MB 
 f49b9c68cd9b  63.96MB/177.9MB 
 f49b9c68cd9b  63.96MB/177.9MB 
 f49b9c68cd9b  65.01MB/177.9MB 
 f49b9c68cd9b  65.01MB/177.9MB 
 f49b9c68cd9b  65.01MB/177.9MB 
 f49b9c68cd9b  65.01MB/177.9MB 
 f49b9c68cd9b  65.01MB/177.9MB 
 f49b9c68cd9b  66.06MB/177.9MB 
 f49b9c68cd9b  66.06MB/177.9MB 
 f49b9c68cd9b  66.06MB/177.9MB 
 f49b9c68cd9b  66.06MB/177.9MB 
 f49b9c68cd9b  66.06MB/177.9MB 
 f49b9c68cd9b  67.11MB/177.9MB 
 f49b9c68cd9b  67.11MB/177.9MB 
 f49b9c68cd9b  67.11MB/177.9MB 
 f49b9c68cd9b  67.11MB/177.9MB 
 f49b9c68cd9b  67.11MB/177.9MB 
 f49b9c68cd9b  68.16MB/177.9MB 
 f49b9c68cd9b  68.16MB/177.9MB 
 f49b9c68cd9b  68.16MB/177.9MB 
 f49b9c68cd9b  68.16MB/177.9MB 
 f49b9c68cd9b  68.16MB/177.9MB 
 f49b9c68cd9b  69.21MB/177.9MB 
 f49b9c68cd9b  69.21MB/177.9MB 
 f49b9c68cd9b  69.21MB/177.9MB 
 f49b9c68cd9b  69.21MB/177.9MB 
 f49b9c68cd9b  69.21MB/177.9MB 
 f49b9c68cd9b  69.21MB/177.9MB 
 f49b9c68cd9b  70.25MB/177.9MB 
 f49b9c68cd9b  70.25MB/177.9MB 
 f49b9c68cd9b  70.25MB/177.9MB 
 f49b9c68cd9b  70.25MB/177.9MB 
 f49b9c68cd9b  70.25MB/177.9MB 
 f49b9c68cd9b  70.25MB/177.9MB 
 f49b9c68cd9b   71.3MB/177.9MB 
 f49b9c68cd9b   71.3MB/177.9MB 
 f49b9c68cd9b   71.3MB/177.9MB 
 f49b9c68cd9b   71.3MB/177.9MB 
 f49b9c68cd9b   71.3MB/177.9MB 
 f49b9c68cd9b   71.3MB/177.9MB 
 f49b9c68cd9b  72.35MB/177.9MB 
 f49b9c68cd9b  72.35MB/177.9MB 
 f49b9c68cd9b  72.35MB/177.9MB 
 f49b9c68cd9b  72.35MB/177.9MB 
 f49b9c68cd9b   73.4MB/177.9MB 
 f49b9c68cd9b   73.4MB/177.9MB 
 f49b9c68cd9b   73.4MB/177.9MB 
 f49b9c68cd9b   73.4MB/177.9MB 
 f49b9c68cd9b   73.4MB/177.9MB 
 f49b9c68cd9b   73.4MB/177.9MB 
 f49b9c68cd9b  74.45MB/177.9MB 
 f49b9c68cd9b  74.45MB/177.9MB 
 f49b9c68cd9b  74.45MB/177.9MB 
 f49b9c68cd9b  74.45MB/177.9MB 
 f49b9c68cd9b  74.45MB/177.9MB 
 f49b9c68cd9b   75.5MB/177.9MB 
 f49b9c68cd9b   75.5MB/177.9MB 
 f49b9c68cd9b   75.5MB/177.9MB 
 f49b9c68cd9b   75.5MB/177.9MB 
 f49b9c68cd9b   75.5MB/177.9MB 
 f49b9c68cd9b  76.55MB/177.9MB 
 f49b9c68cd9b  76.55MB/177.9MB 
 f49b9c68cd9b  76.55MB/177.9MB 
 f49b9c68cd9b  76.55MB/177.9MB 
 f49b9c68cd9b  76.55MB/177.9MB 
 f49b9c68cd9b  76.55MB/177.9MB 
 f49b9c68cd9b  77.59MB/177.9MB 
 f49b9c68cd9b  77.59MB/177.9MB 
 f49b9c68cd9b  77.59MB/177.9MB 
 f49b9c68cd9b  77.59MB/177.9MB 
 f49b9c68cd9b  77.59MB/177.9MB 
 f49b9c68cd9b  78.64MB/177.9MB 
 f49b9c68cd9b  78.64MB/177.9MB 
 f49b9c68cd9b  78.64MB/177.9MB 
 f49b9c68cd9b  78.64MB/177.9MB 
 f49b9c68cd9b  78.64MB/177.9MB 
 f49b9c68cd9b  78.64MB/177.9MB 
 f49b9c68cd9b  79.69MB/177.9MB 
 f49b9c68cd9b  79.69MB/177.9MB 
 f49b9c68cd9b  79.69MB/177.9MB 
 f49b9c68cd9b  79.69MB/177.9MB 
 f49b9c68cd9b  79.69MB/177.9MB 
 f49b9c68cd9b  79.69MB/177.9MB 
 f49b9c68cd9b  79.69MB/177.9MB 
 f49b9c68cd9b  80.74MB/177.9MB 
 f49b9c68cd9b  80.74MB/177.9MB 
 f49b9c68cd9b  80.74MB/177.9MB 
 f49b9c68cd9b  80.74MB/177.9MB 
 f49b9c68cd9b  80.74MB/177.9MB 
 f49b9c68cd9b  80.74MB/177.9MB 
 f49b9c68cd9b  81.79MB/177.9MB 
 f49b9c68cd9b  81.79MB/177.9MB 
 f49b9c68cd9b  81.79MB/177.9MB 
 f49b9c68cd9b  81.79MB/177.9MB 
 f49b9c68cd9b  82.84MB/177.9MB 
 f49b9c68cd9b  82.84MB/177.9MB 
 f49b9c68cd9b  82.84MB/177.9MB 
 f49b9c68cd9b  82.84MB/177.9MB 
 f49b9c68cd9b  82.84MB/177.9MB 
 f49b9c68cd9b  83.89MB/177.9MB 
 f49b9c68cd9b  83.89MB/177.9MB 
 f49b9c68cd9b  83.89MB/177.9MB 
 f49b9c68cd9b  83.89MB/177.9MB 
 f49b9c68cd9b  83.89MB/177.9MB 
 f49b9c68cd9b  83.89MB/177.9MB 
 f49b9c68cd9b  84.93MB/177.9MB 
 f49b9c68cd9b  84.93MB/177.9MB 
 f49b9c68cd9b  84.93MB/177.9MB 
 f49b9c68cd9b  84.93MB/177.9MB 
 f49b9c68cd9b  84.93MB/177.9MB 
 f49b9c68cd9b  85.98MB/177.9MB 
 f49b9c68cd9b  85.98MB/177.9MB 
 f49b9c68cd9b  85.98MB/177.9MB 
 f49b9c68cd9b  85.98MB/177.9MB 
 f49b9c68cd9b  85.98MB/177.9MB 
 f49b9c68cd9b  85.98MB/177.9MB 
 f49b9c68cd9b  87.03MB/177.9MB 
 f49b9c68cd9b  87.03MB/177.9MB 
 f49b9c68cd9b  87.03MB/177.9MB 
 f49b9c68cd9b  87.03MB/177.9MB 
 f49b9c68cd9b  87.03MB/177.9MB 
 f49b9c68cd9b  87.03MB/177.9MB 
 f49b9c68cd9b  88.08MB/177.9MB 
 f49b9c68cd9b  88.08MB/177.9MB 
 f49b9c68cd9b  88.08MB/177.9MB 
 f49b9c68cd9b  88.08MB/177.9MB 
 f49b9c68cd9b  88.08MB/177.9MB 
 f49b9c68cd9b  88.08MB/177.9MB 
 f49b9c68cd9b  89.13MB/177.9MB 
 f49b9c68cd9b  89.13MB/177.9MB 
 f49b9c68cd9b  89.13MB/177.9MB 
 f49b9c68cd9b  89.13MB/177.9MB 
 f49b9c68cd9b  89.13MB/177.9MB 
 f49b9c68cd9b  89.13MB/177.9MB 
 f49b9c68cd9b  89.13MB/177.9MB 
 f49b9c68cd9b  90.18MB/177.9MB 
 f49b9c68cd9b  90.18MB/177.9MB 
 f49b9c68cd9b  90.18MB/177.9MB 
 f49b9c68cd9b  90.18MB/177.9MB 
 f49b9c68cd9b  90.18MB/177.9MB 
 f49b9c68cd9b  91.23MB/177.9MB 
 f49b9c68cd9b  91.23MB/177.9MB 
 f49b9c68cd9b  91.23MB/177.9MB 
 f49b9c68cd9b  91.23MB/177.9MB 
 f49b9c68cd9b  91.23MB/177.9MB 
 f49b9c68cd9b  91.23MB/177.9MB 
 f49b9c68cd9b  92.27MB/177.9MB 
 f49b9c68cd9b  92.27MB/177.9MB 
 f49b9c68cd9b  92.27MB/177.9MB 
 f49b9c68cd9b  92.27MB/177.9MB 
 f49b9c68cd9b  92.27MB/177.9MB 
 f49b9c68cd9b  93.32MB/177.9MB 
 f49b9c68cd9b  93.32MB/177.9MB 
 f49b9c68cd9b  93.32MB/177.9MB 
 f49b9c68cd9b  93.32MB/177.9MB 
 f49b9c68cd9b  93.32MB/177.9MB 
 f49b9c68cd9b  93.32MB/177.9MB 
 f49b9c68cd9b  93.32MB/177.9MB 
 f49b9c68cd9b  94.37MB/177.9MB 
 f49b9c68cd9b  94.37MB/177.9MB 
 f49b9c68cd9b  94.37MB/177.9MB 
 f49b9c68cd9b  94.37MB/177.9MB 
 f49b9c68cd9b  94.37MB/177.9MB 
 f49b9c68cd9b  94.37MB/177.9MB 
 f49b9c68cd9b  94.37MB/177.9MB 
 f49b9c68cd9b  94.37MB/177.9MB 
 f49b9c68cd9b  94.37MB/177.9MB 
 f49b9c68cd9b  95.42MB/177.9MB 
 f49b9c68cd9b  95.42MB/177.9MB 
 f49b9c68cd9b  95.42MB/177.9MB 
 f49b9c68cd9b  95.42MB/177.9MB 
 f49b9c68cd9b  96.47MB/177.9MB 
 f49b9c68cd9b  96.47MB/177.9MB 
 f49b9c68cd9b  96.47MB/177.9MB 
 f49b9c68cd9b  96.47MB/177.9MB 
 f49b9c68cd9b  96.47MB/177.9MB 
 f49b9c68cd9b  97.52MB/177.9MB 
 f49b9c68cd9b  97.52MB/177.9MB 
 f49b9c68cd9b  97.52MB/177.9MB 
 f49b9c68cd9b  97.52MB/177.9MB 
 f49b9c68cd9b  97.52MB/177.9MB 
 f49b9c68cd9b  97.52MB/177.9MB 
 f49b9c68cd9b  97.52MB/177.9MB 
 f49b9c68cd9b  97.52MB/177.9MB 
 f49b9c68cd9b  97.52MB/177.9MB 
 f49b9c68cd9b  98.57MB/177.9MB 
 f49b9c68cd9b  98.57MB/177.9MB 
 f49b9c68cd9b  98.57MB/177.9MB 
 f49b9c68cd9b  98.57MB/177.9MB 
 f49b9c68cd9b  98.57MB/177.9MB 
 f49b9c68cd9b  98.57MB/177.9MB 
 f49b9c68cd9b  99.61MB/177.9MB 
 f49b9c68cd9b  99.61MB/177.9MB 
 f49b9c68cd9b  99.61MB/177.9MB 
 f49b9c68cd9b  99.61MB/177.9MB 
 f49b9c68cd9b  99.61MB/177.9MB 
 f49b9c68cd9b  100.7MB/177.9MB 
 f49b9c68cd9b  100.7MB/177.9MB 
 f49b9c68cd9b  100.7MB/177.9MB 
 f49b9c68cd9b  100.7MB/177.9MB 
 f49b9c68cd9b  100.7MB/177.9MB 
 f49b9c68cd9b  100.7MB/177.9MB 
 f49b9c68cd9b  100.7MB/177.9MB 
 f49b9c68cd9b  101.7MB/177.9MB 
 f49b9c68cd9b  101.7MB/177.9MB 
 f49b9c68cd9b  101.7MB/177.9MB 
 f49b9c68cd9b  101.7MB/177.9MB 
 f49b9c68cd9b  101.7MB/177.9MB 
 f49b9c68cd9b  101.7MB/177.9MB 
 f49b9c68cd9b  101.7MB/177.9MB 
 f49b9c68cd9b  102.8MB/177.9MB 
 f49b9c68cd9b  102.8MB/177.9MB 
 f49b9c68cd9b  102.8MB/177.9MB 
 f49b9c68cd9b  102.8MB/177.9MB 
 f49b9c68cd9b  102.8MB/177.9MB 
 f49b9c68cd9b  103.8MB/177.9MB 
 f49b9c68cd9b  103.8MB/177.9MB 
 f49b9c68cd9b  103.8MB/177.9MB 
 f49b9c68cd9b  103.8MB/177.9MB 
 f49b9c68cd9b  103.8MB/177.9MB 
 f49b9c68cd9b  103.8MB/177.9MB 
 f49b9c68cd9b  104.9MB/177.9MB 
 f49b9c68cd9b  104.9MB/177.9MB 
 f49b9c68cd9b  104.9MB/177.9MB 
 f49b9c68cd9b  104.9MB/177.9MB 
 f49b9c68cd9b  104.9MB/177.9MB 
 f49b9c68cd9b  104.9MB/177.9MB 
 f49b9c68cd9b  105.9MB/177.9MB 
 f49b9c68cd9b  105.9MB/177.9MB 
 f49b9c68cd9b  105.9MB/177.9MB 
 f49b9c68cd9b  105.9MB/177.9MB 
 f49b9c68cd9b  105.9MB/177.9MB 
 f49b9c68cd9b  105.9MB/177.9MB 
 f49b9c68cd9b    107MB/177.9MB 
 f49b9c68cd9b    107MB/177.9MB 
 f49b9c68cd9b    107MB/177.9MB 
 f49b9c68cd9b    107MB/177.9MB 
 f49b9c68cd9b    107MB/177.9MB 
 f49b9c68cd9b    107MB/177.9MB 
 f49b9c68cd9b    108MB/177.9MB 
 f49b9c68cd9b    108MB/177.9MB 
 f49b9c68cd9b    108MB/177.9MB 
 f49b9c68cd9b    108MB/177.9MB 
 f49b9c68cd9b    108MB/177.9MB 
 f49b9c68cd9b  109.1MB/177.9MB 
 f49b9c68cd9b  109.1MB/177.9MB 
 f49b9c68cd9b  109.1MB/177.9MB 
 f49b9c68cd9b  109.1MB/177.9MB 
 f49b9c68cd9b  109.1MB/177.9MB 
 f49b9c68cd9b  109.1MB/177.9MB 
 f49b9c68cd9b  110.1MB/177.9MB 
 f49b9c68cd9b  110.1MB/177.9MB 
 f49b9c68cd9b  110.1MB/177.9MB 
 f49b9c68cd9b  110.1MB/177.9MB 
 f49b9c68cd9b  110.1MB/177.9MB 
 f49b9c68cd9b  111.1MB/177.9MB 
 f49b9c68cd9b  111.1MB/177.9MB 
 f49b9c68cd9b  111.1MB/177.9MB 
 f49b9c68cd9b  111.1MB/177.9MB 
 f49b9c68cd9b  111.1MB/177.9MB 
 f49b9c68cd9b  111.1MB/177.9MB 
 f49b9c68cd9b  111.1MB/177.9MB 
 f49b9c68cd9b  111.1MB/177.9MB 
 f49b9c68cd9b  111.1MB/177.9MB 
 f49b9c68cd9b  112.2MB/177.9MB 
 f49b9c68cd9b  112.2MB/177.9MB 
 f49b9c68cd9b  112.2MB/177.9MB 
 f49b9c68cd9b  112.2MB/177.9MB 
 f49b9c68cd9b  112.2MB/177.9MB 
 f49b9c68cd9b  112.2MB/177.9MB 
 f49b9c68cd9b  112.2MB/177.9MB 
 f49b9c68cd9b  112.2MB/177.9MB 
 f49b9c68cd9b  112.2MB/177.9MB 
 f49b9c68cd9b  112.2MB/177.9MB 
 f49b9c68cd9b  113.2MB/177.9MB 
 f49b9c68cd9b  113.2MB/177.9MB 
 f49b9c68cd9b  113.2MB/177.9MB 
 f49b9c68cd9b  113.2MB/177.9MB 
 f49b9c68cd9b  113.2MB/177.9MB 
 f49b9c68cd9b  113.2MB/177.9MB 
 f49b9c68cd9b  113.2MB/177.9MB 
 f49b9c68cd9b  113.2MB/177.9MB 
 f49b9c68cd9b  113.2MB/177.9MB 
 f49b9c68cd9b  113.2MB/177.9MB 
 f49b9c68cd9b  113.2MB/177.9MB 
 f49b9c68cd9b  113.2MB/177.9MB 
 f49b9c68cd9b  113.2MB/177.9MB 
 f49b9c68cd9b  113.2MB/177.9MB 
 f49b9c68cd9b  114.3MB/177.9MB 
 f49b9c68cd9b  114.3MB/177.9MB 
 f49b9c68cd9b  114.3MB/177.9MB 
 f49b9c68cd9b  114.3MB/177.9MB 
 f49b9c68cd9b  114.3MB/177.9MB 
 f49b9c68cd9b  114.3MB/177.9MB 
 f49b9c68cd9b  114.3MB/177.9MB 
 f49b9c68cd9b  114.3MB/177.9MB 
 f49b9c68cd9b  114.3MB/177.9MB 
 f49b9c68cd9b  114.3MB/177.9MB 
 f49b9c68cd9b  114.3MB/177.9MB 
 f49b9c68cd9b  115.3MB/177.9MB 
 f49b9c68cd9b  115.3MB/177.9MB 
 f49b9c68cd9b  115.3MB/177.9MB 
 f49b9c68cd9b  115.3MB/177.9MB 
 f49b9c68cd9b  115.3MB/177.9MB 
 f49b9c68cd9b  115.3MB/177.9MB 
 f49b9c68cd9b  115.3MB/177.9MB 
 f49b9c68cd9b  115.3MB/177.9MB 
 f49b9c68cd9b  115.3MB/177.9MB 
 f49b9c68cd9b  115.3MB/177.9MB 
 f49b9c68cd9b  115.3MB/177.9MB 
 f49b9c68cd9b  115.3MB/177.9MB 
 f49b9c68cd9b  115.3MB/177.9MB 
 f49b9c68cd9b  116.4MB/177.9MB 
 f49b9c68cd9b  116.4MB/177.9MB 
 f49b9c68cd9b  116.4MB/177.9MB 
 f49b9c68cd9b  116.4MB/177.9MB 
 f49b9c68cd9b  116.4MB/177.9MB 
 f49b9c68cd9b  116.4MB/177.9MB 
 f49b9c68cd9b  116.4MB/177.9MB 
 f49b9c68cd9b  117.4MB/177.9MB 
 f49b9c68cd9b  117.4MB/177.9MB 
 f49b9c68cd9b  117.4MB/177.9MB 
 f49b9c68cd9b  117.4MB/177.9MB 
 f49b9c68cd9b  117.4MB/177.9MB 
 f49b9c68cd9b  117.4MB/177.9MB 
 f49b9c68cd9b  117.4MB/177.9MB 
 f49b9c68cd9b  117.4MB/177.9MB 
 f49b9c68cd9b  117.4MB/177.9MB 
 f49b9c68cd9b  117.4MB/177.9MB 
 f49b9c68cd9b  117.4MB/177.9MB 
 f49b9c68cd9b  118.5MB/177.9MB 
 f49b9c68cd9b  118.5MB/177.9MB 
 f49b9c68cd9b  118.5MB/177.9MB 
 f49b9c68cd9b  118.5MB/177.9MB 
 f49b9c68cd9b  118.5MB/177.9MB 
 f49b9c68cd9b  118.5MB/177.9MB 
 f49b9c68cd9b  118.5MB/177.9MB 
 f49b9c68cd9b  118.5MB/177.9MB 
 f49b9c68cd9b  118.5MB/177.9MB 
 f49b9c68cd9b  119.5MB/177.9MB 
 f49b9c68cd9b  119.5MB/177.9MB 
 f49b9c68cd9b  119.5MB/177.9MB 
 f49b9c68cd9b  119.5MB/177.9MB 
 f49b9c68cd9b  119.5MB/177.9MB 
 f49b9c68cd9b  119.5MB/177.9MB 
 f49b9c68cd9b  119.5MB/177.9MB 
 f49b9c68cd9b  120.6MB/177.9MB 
 f49b9c68cd9b  120.6MB/177.9MB 
 f49b9c68cd9b  120.6MB/177.9MB 
 f49b9c68cd9b  120.6MB/177.9MB 
 f49b9c68cd9b  120.6MB/177.9MB 
 f49b9c68cd9b  120.6MB/177.9MB 
 f49b9c68cd9b  121.6MB/177.9MB 
 f49b9c68cd9b  121.6MB/177.9MB 
 f49b9c68cd9b  121.6MB/177.9MB 
 f49b9c68cd9b  121.6MB/177.9MB 
 f49b9c68cd9b  121.6MB/177.9MB 
 f49b9c68cd9b  121.6MB/177.9MB 
 f49b9c68cd9b  121.6MB/177.9MB 
 f49b9c68cd9b  122.7MB/177.9MB 
 f49b9c68cd9b  122.7MB/177.9MB 
 f49b9c68cd9b  122.7MB/177.9MB 
 f49b9c68cd9b  122.7MB/177.9MB 
 f49b9c68cd9b  122.7MB/177.9MB 
 f49b9c68cd9b  122.7MB/177.9MB 
 f49b9c68cd9b  122.7MB/177.9MB 
 f49b9c68cd9b  122.7MB/177.9MB 
 f49b9c68cd9b  123.7MB/177.9MB 
 f49b9c68cd9b  123.7MB/177.9MB 
 f49b9c68cd9b  123.7MB/177.9MB 
 f49b9c68cd9b  123.7MB/177.9MB 
 f49b9c68cd9b  123.7MB/177.9MB 
 f49b9c68cd9b  124.8MB/177.9MB 
 f49b9c68cd9b  124.8MB/177.9MB 
 f49b9c68cd9b  124.8MB/177.9MB 
 f49b9c68cd9b  124.8MB/177.9MB 
 f49b9c68cd9b  124.8MB/177.9MB 
 f49b9c68cd9b  125.8MB/177.9MB 
 f49b9c68cd9b  125.8MB/177.9MB 
 f49b9c68cd9b  125.8MB/177.9MB 
 f49b9c68cd9b  125.8MB/177.9MB 
 f49b9c68cd9b  125.8MB/177.9MB 
 f49b9c68cd9b  125.8MB/177.9MB 
 f49b9c68cd9b  125.8MB/177.9MB 
 f49b9c68cd9b  125.8MB/177.9MB 
 f49b9c68cd9b  126.9MB/177.9MB 
 f49b9c68cd9b  126.9MB/177.9MB 
 f49b9c68cd9b  126.9MB/177.9MB 
 f49b9c68cd9b  126.9MB/177.9MB 
 f49b9c68cd9b  127.9MB/177.9MB 
 f49b9c68cd9b  127.9MB/177.9MB 
 f49b9c68cd9b  127.9MB/177.9MB 
 f49b9c68cd9b  127.9MB/177.9MB 
 f49b9c68cd9b  127.9MB/177.9MB 
 f49b9c68cd9b    129MB/177.9MB 
 f49b9c68cd9b    129MB/177.9MB 
 f49b9c68cd9b    129MB/177.9MB 
 f49b9c68cd9b    129MB/177.9MB 
 f49b9c68cd9b    129MB/177.9MB 
 f49b9c68cd9b    129MB/177.9MB 
 f49b9c68cd9b    129MB/177.9MB 
 f49b9c68cd9b    129MB/177.9MB 
 f49b9c68cd9b    129MB/177.9MB 
 f49b9c68cd9b    129MB/177.9MB 
 f49b9c68cd9b    130MB/177.9MB 
 f49b9c68cd9b    130MB/177.9MB 
 f49b9c68cd9b    130MB/177.9MB 
 f49b9c68cd9b    130MB/177.9MB 
 f49b9c68cd9b    130MB/177.9MB 
 f49b9c68cd9b  131.1MB/177.9MB 
 f49b9c68cd9b  131.1MB/177.9MB 
 f49b9c68cd9b  131.1MB/177.9MB 
 f49b9c68cd9b  131.1MB/177.9MB 
 f49b9c68cd9b  131.1MB/177.9MB 
 f49b9c68cd9b  131.1MB/177.9MB 
 f49b9c68cd9b  132.1MB/177.9MB 
 f49b9c68cd9b  132.1MB/177.9MB 
 f49b9c68cd9b  132.1MB/177.9MB 
 f49b9c68cd9b  132.1MB/177.9MB 
 f49b9c68cd9b  132.1MB/177.9MB 
 f49b9c68cd9b  132.1MB/177.9MB 
 f49b9c68cd9b  132.1MB/177.9MB 
 f49b9c68cd9b  132.1MB/177.9MB 
 f49b9c68cd9b  133.2MB/177.9MB 
 f49b9c68cd9b  133.2MB/177.9MB 
 f49b9c68cd9b  133.2MB/177.9MB 
 f49b9c68cd9b  133.2MB/177.9MB 
 f49b9c68cd9b  133.2MB/177.9MB 
 f49b9c68cd9b  133.2MB/177.9MB 
 f49b9c68cd9b  133.2MB/177.9MB 
 f49b9c68cd9b  134.2MB/177.9MB 
 f49b9c68cd9b  134.2MB/177.9MB 
 f49b9c68cd9b  134.2MB/177.9MB 
 f49b9c68cd9b  134.2MB/177.9MB 
 f49b9c68cd9b  134.2MB/177.9MB 
 f49b9c68cd9b  134.2MB/177.9MB 
 f49b9c68cd9b  135.3MB/177.9MB 
 f49b9c68cd9b  135.3MB/177.9MB 
 f49b9c68cd9b  135.3MB/177.9MB 
 f49b9c68cd9b  135.3MB/177.9MB 
 f49b9c68cd9b  135.3MB/177.9MB 
 f49b9c68cd9b  135.3MB/177.9MB 
 f49b9c68cd9b  135.3MB/177.9MB 
 f49b9c68cd9b  136.3MB/177.9MB 
 f49b9c68cd9b  136.3MB/177.9MB 
 f49b9c68cd9b  136.3MB/177.9MB 
 f49b9c68cd9b  136.3MB/177.9MB 
 f49b9c68cd9b  136.3MB/177.9MB 
 f49b9c68cd9b  136.3MB/177.9MB 
 f49b9c68cd9b  136.3MB/177.9MB 
 f49b9c68cd9b  137.4MB/177.9MB 
 f49b9c68cd9b  137.4MB/177.9MB 
 f49b9c68cd9b  137.4MB/177.9MB 
 f49b9c68cd9b  137.4MB/177.9MB 
 f49b9c68cd9b  137.4MB/177.9MB 
 f49b9c68cd9b  138.4MB/177.9MB 
 f49b9c68cd9b  138.4MB/177.9MB 
 f49b9c68cd9b  138.4MB/177.9MB 
 f49b9c68cd9b  138.4MB/177.9MB 
 f49b9c68cd9b  138.4MB/177.9MB 
 f49b9c68cd9b  138.4MB/177.9MB 
 f49b9c68cd9b  138.4MB/177.9MB 
 f49b9c68cd9b  139.5MB/177.9MB 
 f49b9c68cd9b  139.5MB/177.9MB 
 f49b9c68cd9b  139.5MB/177.9MB 
 f49b9c68cd9b  139.5MB/177.9MB 
 f49b9c68cd9b  139.5MB/177.9MB 
 f49b9c68cd9b  139.5MB/177.9MB 
 f49b9c68cd9b  139.5MB/177.9MB 
 f49b9c68cd9b  139.5MB/177.9MB 
 f49b9c68cd9b  140.5MB/177.9MB 
 f49b9c68cd9b  140.5MB/177.9MB 
 f49b9c68cd9b  140.5MB/177.9MB 
 f49b9c68cd9b  140.5MB/177.9MB 
 f49b9c68cd9b  141.6MB/177.9MB 
 f49b9c68cd9b  141.6MB/177.9MB 
 f49b9c68cd9b  141.6MB/177.9MB 
 f49b9c68cd9b  141.6MB/177.9MB 
 f49b9c68cd9b  141.6MB/177.9MB 
 f49b9c68cd9b  141.6MB/177.9MB 
 f49b9c68cd9b  141.6MB/177.9MB 
 f49b9c68cd9b  142.6MB/177.9MB 
 f49b9c68cd9b  142.6MB/177.9MB 
 f49b9c68cd9b  142.6MB/177.9MB 
 f49b9c68cd9b  142.6MB/177.9MB 
 f49b9c68cd9b  142.6MB/177.9MB 
 f49b9c68cd9b  142.6MB/177.9MB 
 f49b9c68cd9b  143.7MB/177.9MB 
 f49b9c68cd9b  143.7MB/177.9MB 
 f49b9c68cd9b  143.7MB/177.9MB 
 f49b9c68cd9b  143.7MB/177.9MB 
 f49b9c68cd9b  143.7MB/177.9MB 
 f49b9c68cd9b  143.7MB/177.9MB 
 f49b9c68cd9b  143.7MB/177.9MB 
 f49b9c68cd9b  143.7MB/177.9MB 
 f49b9c68cd9b  144.7MB/177.9MB 
 f49b9c68cd9b  144.7MB/177.9MB 
 f49b9c68cd9b  144.7MB/177.9MB 
 f49b9c68cd9b  144.7MB/177.9MB 
 f49b9c68cd9b  144.7MB/177.9MB 
 f49b9c68cd9b  144.7MB/177.9MB 
 f49b9c68cd9b  144.7MB/177.9MB 
 f49b9c68cd9b  144.7MB/177.9MB 
 f49b9c68cd9b  144.7MB/177.9MB 
 f49b9c68cd9b  145.8MB/177.9MB 
 f49b9c68cd9b  145.8MB/177.9MB 
 f49b9c68cd9b  145.8MB/177.9MB 
 f49b9c68cd9b  145.8MB/177.9MB 
 f49b9c68cd9b  145.8MB/177.9MB 
 f49b9c68cd9b  145.8MB/177.9MB 
 f49b9c68cd9b  145.8MB/177.9MB 
 f49b9c68cd9b  145.8MB/177.9MB 
 f49b9c68cd9b  145.8MB/177.9MB 
 f49b9c68cd9b  146.8MB/177.9MB 
 f49b9c68cd9b  146.8MB/177.9MB 
 f49b9c68cd9b  146.8MB/177.9MB 
 f49b9c68cd9b  146.8MB/177.9MB 
 f49b9c68cd9b  146.8MB/177.9MB 
 f49b9c68cd9b  146.8MB/177.9MB 
 f49b9c68cd9b  146.8MB/177.9MB 
 f49b9c68cd9b  146.8MB/177.9MB 
 f49b9c68cd9b  146.8MB/177.9MB 
 f49b9c68cd9b  146.8MB/177.9MB 
 f49b9c68cd9b  146.8MB/177.9MB 
 f49b9c68cd9b  146.8MB/177.9MB 
 f49b9c68cd9b  147.8MB/177.9MB 
 f49b9c68cd9b  147.8MB/177.9MB 
 f49b9c68cd9b  147.8MB/177.9MB 
 f49b9c68cd9b  147.8MB/177.9MB 
 f49b9c68cd9b  147.8MB/177.9MB 
 f49b9c68cd9b  147.8MB/177.9MB 
 f49b9c68cd9b  147.8MB/177.9MB 
 f49b9c68cd9b  147.8MB/177.9MB 
 f49b9c68cd9b  147.8MB/177.9MB 
 f49b9c68cd9b  147.8MB/177.9MB 
 f49b9c68cd9b  147.8MB/177.9MB 
 f49b9c68cd9b  147.8MB/177.9MB 
 f49b9c68cd9b  147.8MB/177.9MB 
 f49b9c68cd9b  147.8MB/177.9MB 
 f49b9c68cd9b  147.8MB/177.9MB 
 f49b9c68cd9b  147.8MB/177.9MB 
 f49b9c68cd9b  148.9MB/177.9MB 
 f49b9c68cd9b  148.9MB/177.9MB 
 f49b9c68cd9b  148.9MB/177.9MB 
 f49b9c68cd9b  148.9MB/177.9MB 
 f49b9c68cd9b  148.9MB/177.9MB 
 f49b9c68cd9b  148.9MB/177.9MB 
 f49b9c68cd9b  148.9MB/177.9MB 
 f49b9c68cd9b  148.9MB/177.9MB 
 f49b9c68cd9b  148.9MB/177.9MB 
 f49b9c68cd9b  148.9MB/177.9MB 
 f49b9c68cd9b  148.9MB/177.9MB 
 f49b9c68cd9b  149.9MB/177.9MB 
 f49b9c68cd9b  149.9MB/177.9MB 
 f49b9c68cd9b  149.9MB/177.9MB 
 f49b9c68cd9b  149.9MB/177.9MB 
 f49b9c68cd9b  149.9MB/177.9MB 
 f49b9c68cd9b  149.9MB/177.9MB 
 f49b9c68cd9b  149.9MB/177.9MB 
 f49b9c68cd9b  149.9MB/177.9MB 
 f49b9c68cd9b  149.9MB/177.9MB 
 f49b9c68cd9b  149.9MB/177.9MB 
 f49b9c68cd9b  149.9MB/177.9MB 
 f49b9c68cd9b  149.9MB/177.9MB 
 f49b9c68cd9b  149.9MB/177.9MB 
 f49b9c68cd9b  149.9MB/177.9MB 
 f49b9c68cd9b  149.9MB/177.9MB 
 f49b9c68cd9b  149.9MB/177.9MB 
 f49b9c68cd9b    151MB/177.9MB 
 f49b9c68cd9b    151MB/177.9MB 
 f49b9c68cd9b    151MB/177.9MB 
 f49b9c68cd9b    151MB/177.9MB 
 f49b9c68cd9b    151MB/177.9MB 
 f49b9c68cd9b    151MB/177.9MB 
 f49b9c68cd9b    151MB/177.9MB 
 f49b9c68cd9b    151MB/177.9MB 
 f49b9c68cd9b    151MB/177.9MB 
 f49b9c68cd9b    151MB/177.9MB 
 f49b9c68cd9b    151MB/177.9MB 
 f49b9c68cd9b    151MB/177.9MB 
 f49b9c68cd9b    151MB/177.9MB 
 f49b9c68cd9b    151MB/177.9MB 
 f49b9c68cd9b    151MB/177.9MB 
 f49b9c68cd9b    151MB/177.9MB 
 f49b9c68cd9b    151MB/177.9MB 
 f49b9c68cd9b    152MB/177.9MB 
 f49b9c68cd9b    152MB/177.9MB 
 f49b9c68cd9b    152MB/177.9MB 
 f49b9c68cd9b    152MB/177.9MB 
 f49b9c68cd9b    152MB/177.9MB 
 f49b9c68cd9b    152MB/177.9MB 
 f49b9c68cd9b    152MB/177.9MB 
 f49b9c68cd9b    152MB/177.9MB 
 f49b9c68cd9b    152MB/177.9MB 
 f49b9c68cd9b    152MB/177.9MB 
 f49b9c68cd9b    152MB/177.9MB 
 f49b9c68cd9b    152MB/177.9MB 
 f49b9c68cd9b  153.1MB/177.9MB 
 f49b9c68cd9b  153.1MB/177.9MB 
 f49b9c68cd9b  153.1MB/177.9MB 
 f49b9c68cd9b  153.1MB/177.9MB 
 f49b9c68cd9b  153.1MB/177.9MB 
 f49b9c68cd9b  153.1MB/177.9MB 
 f49b9c68cd9b  153.1MB/177.9MB 
 f49b9c68cd9b  153.1MB/177.9MB 
 f49b9c68cd9b  153.1MB/177.9MB 
 f49b9c68cd9b  153.1MB/177.9MB 
 f49b9c68cd9b  153.1MB/177.9MB 
 f49b9c68cd9b  154.1MB/177.9MB 
 f49b9c68cd9b  154.1MB/177.9MB 
 f49b9c68cd9b  154.1MB/177.9MB 
 f49b9c68cd9b  154.1MB/177.9MB 
 f49b9c68cd9b  154.1MB/177.9MB 
 f49b9c68cd9b  154.1MB/177.9MB 
 f49b9c68cd9b  154.1MB/177.9MB 
 f49b9c68cd9b  155.2MB/177.9MB 
 f49b9c68cd9b  155.2MB/177.9MB 
 f49b9c68cd9b  155.2MB/177.9MB 
 f49b9c68cd9b  155.2MB/177.9MB 
 f49b9c68cd9b  155.2MB/177.9MB 
 f49b9c68cd9b  155.2MB/177.9MB 
 f49b9c68cd9b  155.2MB/177.9MB 
 f49b9c68cd9b  156.2MB/177.9MB 
 f49b9c68cd9b  156.2MB/177.9MB 
 f49b9c68cd9b  156.2MB/177.9MB 
 f49b9c68cd9b  156.2MB/177.9MB 
 f49b9c68cd9b  157.3MB/177.9MB 
 f49b9c68cd9b  157.3MB/177.9MB 
 f49b9c68cd9b  157.3MB/177.9MB 
 f49b9c68cd9b  157.3MB/177.9MB 
 f49b9c68cd9b  157.3MB/177.9MB 
 f49b9c68cd9b  157.3MB/177.9MB 
 f49b9c68cd9b  158.3MB/177.9MB 
 f49b9c68cd9b  158.3MB/177.9MB 
 f49b9c68cd9b  158.3MB/177.9MB 
 f49b9c68cd9b  158.3MB/177.9MB 
 f49b9c68cd9b  158.3MB/177.9MB 
 f49b9c68cd9b  159.4MB/177.9MB 
 f49b9c68cd9b  159.4MB/177.9MB 
 f49b9c68cd9b  159.4MB/177.9MB 
 f49b9c68cd9b  159.4MB/177.9MB 
 f49b9c68cd9b  159.4MB/177.9MB 
 f49b9c68cd9b  159.4MB/177.9MB 
 f49b9c68cd9b  159.4MB/177.9MB 
 f49b9c68cd9b  160.4MB/177.9MB 
 f49b9c68cd9b  160.4MB/177.9MB 
 f49b9c68cd9b  160.4MB/177.9MB 
 f49b9c68cd9b  160.4MB/177.9MB 
 f49b9c68cd9b  161.5MB/177.9MB 
 f49b9c68cd9b  161.5MB/177.9MB 
 f49b9c68cd9b  161.5MB/177.9MB 
 f49b9c68cd9b  161.5MB/177.9MB 
 f49b9c68cd9b  161.5MB/177.9MB 
 f49b9c68cd9b  161.5MB/177.9MB 
 f49b9c68cd9b  161.5MB/177.9MB 
 f49b9c68cd9b  161.5MB/177.9MB 
 f49b9c68cd9b  162.5MB/177.9MB 
 f49b9c68cd9b  162.5MB/177.9MB 
 f49b9c68cd9b  162.5MB/177.9MB 
 f49b9c68cd9b  162.5MB/177.9MB 
 f49b9c68cd9b  162.5MB/177.9MB 
 f49b9c68cd9b  162.5MB/177.9MB 
 f49b9c68cd9b  162.5MB/177.9MB 
 f49b9c68cd9b  162.5MB/177.9MB 
 f49b9c68cd9b  163.6MB/177.9MB 
 f49b9c68cd9b  163.6MB/177.9MB 
 f49b9c68cd9b  163.6MB/177.9MB 
 f49b9c68cd9b  163.6MB/177.9MB 
 f49b9c68cd9b  163.6MB/177.9MB 
 f49b9c68cd9b  163.6MB/177.9MB 
 f49b9c68cd9b  163.6MB/177.9MB 
 f49b9c68cd9b  163.6MB/177.9MB 
 f49b9c68cd9b  163.6MB/177.9MB 
 f49b9c68cd9b  164.6MB/177.9MB 
 f49b9c68cd9b  164.6MB/177.9MB 
 f49b9c68cd9b  164.6MB/177.9MB 
 f49b9c68cd9b  164.6MB/177.9MB 
 f49b9c68cd9b  164.6MB/177.9MB 
 f49b9c68cd9b  164.6MB/177.9MB 
 f49b9c68cd9b  164.6MB/177.9MB 
 f49b9c68cd9b  164.6MB/177.9MB 
 f49b9c68cd9b  165.7MB/177.9MB 
 f49b9c68cd9b  165.7MB/177.9MB 
 f49b9c68cd9b  165.7MB/177.9MB 
 f49b9c68cd9b  165.7MB/177.9MB 
 f49b9c68cd9b  165.7MB/177.9MB 
 f49b9c68cd9b  165.7MB/177.9MB 
 f49b9c68cd9b  165.7MB/177.9MB 
 f49b9c68cd9b  165.7MB/177.9MB 
 f49b9c68cd9b  165.7MB/177.9MB 
 f49b9c68cd9b  165.7MB/177.9MB 
 f49b9c68cd9b  166.7MB/177.9MB 
 f49b9c68cd9b  166.7MB/177.9MB 
 f49b9c68cd9b  166.7MB/177.9MB 
 f49b9c68cd9b  166.7MB/177.9MB 
 f49b9c68cd9b  166.7MB/177.9MB 
 f49b9c68cd9b  166.7MB/177.9MB 
 f49b9c68cd9b  166.7MB/177.9MB 
 f49b9c68cd9b  166.7MB/177.9MB 
 f49b9c68cd9b  166.7MB/177.9MB 
 f49b9c68cd9b  166.7MB/177.9MB 
 f49b9c68cd9b  167.8MB/177.9MB 
 f49b9c68cd9b  167.8MB/177.9MB 
 f49b9c68cd9b  167.8MB/177.9MB 
 f49b9c68cd9b  167.8MB/177.9MB 
 f49b9c68cd9b  167.8MB/177.9MB 
 f49b9c68cd9b  167.8MB/177.9MB 
 f49b9c68cd9b  167.8MB/177.9MB 
 f49b9c68cd9b  167.8MB/177.9MB 
 f49b9c68cd9b  167.8MB/177.9MB 
 f49b9c68cd9b  167.8MB/177.9MB 
 f49b9c68cd9b  167.8MB/177.9MB 
 f49b9c68cd9b  167.8MB/177.9MB 
 f49b9c68cd9b  167.8MB/177.9MB 
 f49b9c68cd9b  168.8MB/177.9MB 
 f49b9c68cd9b  168.8MB/177.9MB 
 f49b9c68cd9b  168.8MB/177.9MB 
 f49b9c68cd9b  168.8MB/177.9MB 
 f49b9c68cd9b  168.8MB/177.9MB 
 f49b9c68cd9b  168.8MB/177.9MB 
 f49b9c68cd9b  168.8MB/177.9MB 
 f49b9c68cd9b  168.8MB/177.9MB 
 f49b9c68cd9b  168.8MB/177.9MB 
 f49b9c68cd9b  168.8MB/177.9MB 
 f49b9c68cd9b  168.8MB/177.9MB 
 f49b9c68cd9b  168.8MB/177.9MB 
 f49b9c68cd9b  169.9MB/177.9MB 
 f49b9c68cd9b  169.9MB/177.9MB 
 f49b9c68cd9b  169.9MB/177.9MB 
 f49b9c68cd9b  169.9MB/177.9MB 
 f49b9c68cd9b  169.9MB/177.9MB 
 f49b9c68cd9b  169.9MB/177.9MB 
 f49b9c68cd9b  169.9MB/177.9MB 
 f49b9c68cd9b  169.9MB/177.9MB 
 f49b9c68cd9b  169.9MB/177.9MB 
 f49b9c68cd9b  170.9MB/177.9MB 
 f49b9c68cd9b  170.9MB/177.9MB 
 f49b9c68cd9b  170.9MB/177.9MB 
 f49b9c68cd9b  170.9MB/177.9MB 
 f49b9c68cd9b  170.9MB/177.9MB 
 f49b9c68cd9b  170.9MB/177.9MB 
 f49b9c68cd9b  170.9MB/177.9MB 
 f49b9c68cd9b    172MB/177.9MB 
 f49b9c68cd9b    172MB/177.9MB 
 f49b9c68cd9b    172MB/177.9MB 
 f49b9c68cd9b    172MB/177.9MB 
 f49b9c68cd9b    172MB/177.9MB 
 f49b9c68cd9b    172MB/177.9MB 
 f49b9c68cd9b    172MB/177.9MB 
 f49b9c68cd9b    173MB/177.9MB 
 f49b9c68cd9b    173MB/177.9MB 
 f49b9c68cd9b    173MB/177.9MB 
 f49b9c68cd9b    173MB/177.9MB 
 f49b9c68cd9b    173MB/177.9MB 
 f49b9c68cd9b  174.1MB/177.9MB 
 f49b9c68cd9b  174.1MB/177.9MB 
 f49b9c68cd9b  174.1MB/177.9MB 
 f49b9c68cd9b  174.1MB/177.9MB 
 f49b9c68cd9b  174.1MB/177.9MB 
 f49b9c68cd9b  175.1MB/177.9MB 
 f49b9c68cd9b  175.1MB/177.9MB 
 f49b9c68cd9b  175.1MB/177.9MB 
 f49b9c68cd9b  175.1MB/177.9MB 
 f49b9c68cd9b  175.1MB/177.9MB 
 f49b9c68cd9b  175.1MB/177.9MB 
 f49b9c68cd9b  176.2MB/177.9MB 
 f49b9c68cd9b  176.2MB/177.9MB 
 f49b9c68cd9b  176.2MB/177.9MB 
 f49b9c68cd9b  176.2MB/177.9MB 
 f49b9c68cd9b  176.2MB/177.9MB 
 f49b9c68cd9b  176.2MB/177.9MB 
 f49b9c68cd9b  176.2MB/177.9MB 
 f49b9c68cd9b  176.2MB/177.9MB 
 f49b9c68cd9b  177.2MB/177.9MB 
 f49b9c68cd9b  177.2MB/177.9MB 
 f49b9c68cd9b  177.2MB/177.9MB 
 f49b9c68cd9b  177.2MB/177.9MB 
 f49b9c68cd9b  177.2MB/177.9MB 
 f49b9c68cd9b  177.2MB/177.9MB 
 f49b9c68cd9b  
 f49b9c68cd9b 1 s 
 f49b9c68cd9b 1 s 
 f49b9c68cd9b 1 s 
 f49b9c68cd9b 1 s 
 f49b9c68cd9b 1 s 
 f49b9c68cd9b 1 s 
 7d540c46d7f3  
 f49b9c68cd9b  
 Image quay.io/keycloak/keycloak:23.0.4 Pulled 
 Volume myb_keycloak_data Creating 
 Volume myb_keycloak_data Created 
 Container keycloak-db Running 
 Container keycloak Creating 
 Container keycloak Created 
 Container keycloak-db Waiting 
 Container keycloak-db Healthy 
 Container keycloak Starting 
 Container keycloak Started 
time="2026-01-14T21:54:19+01:00" level=warning msg="/Users/macbook/Workspace/myb/docker-compose.yml: the attribute `version` is obsolete, it will be ignored, please remove it to avoid potential confusion"
 Image myb-myb-payment Building 
#1 [internal] load local bake definitions
#1 reading from stdin 561B done
#1 DONE 0.0s

#2 [internal] load build definition from Dockerfile
#2 transferring dockerfile: 1.73kB done
#2 DONE 0.0s

#3 [internal] load metadata for mcr.microsoft.com/dotnet/sdk:10.0
#3 DONE 0.4s

#4 [internal] load metadata for mcr.microsoft.com/dotnet/aspnet:10.0
#4 DONE 0.4s

#5 [internal] load .dockerignore
#5 transferring context: 674B done
#5 DONE 0.0s

#6 [build  1/11] FROM mcr.microsoft.com/dotnet/sdk:10.0@sha256:25d14b400b75fa4e89d5bd4487a92a604a4e409ab65becb91821e7dc4ac7f81f
#6 resolve mcr.microsoft.com/dotnet/sdk:10.0@sha256:25d14b400b75fa4e89d5bd4487a92a604a4e409ab65becb91821e7dc4ac7f81f done
#6 DONE 0.0s

#7 [base 1/2] FROM mcr.microsoft.com/dotnet/aspnet:10.0@sha256:1aacc8154bc3071349907dae26849df301188be1a2e1f4560b903fb6275e481a
#7 resolve mcr.microsoft.com/dotnet/aspnet:10.0@sha256:1aacc8154bc3071349907dae26849df301188be1a2e1f4560b903fb6275e481a done
#7 DONE 0.0s

#8 [base 2/2] WORKDIR /app
#8 CACHED

#9 [final 1/2] WORKDIR /app
#9 CACHED

#10 [internal] load build context
#10 transferring context: 60.07kB 0.0s done
#10 DONE 0.0s

#11 [build  2/11] WORKDIR /src
#11 CACHED

#12 [build  3/11] COPY [src/services/payment-service/Myb.Payment/Myb.Payment.csproj, src/services/payment-service/Myb.Payment/]
#12 CACHED

#13 [build  4/11] COPY [src/common/Myb.Common.Authentification/Myb.Common.Authentification.csproj, src/common/Myb.Common.Authentification/]
#13 CACHED

#14 [build  5/11] COPY [src/services/payment-service/Myb.Payment.EntityFrameWork.Infra/Myb.Payment.EntityFrameWork.Infra.csproj, src/services/payment-service/Myb.Payment.EntityFrameWork.Infra/]
#14 CACHED

#15 [build  6/11] RUN dotnet restore "src/services/payment-service/Myb.Payment/Myb.Payment.csproj"
#15 0.641   Determining projects to restore...
#15 0.663   Skipping project "/src/src/services/user-manager/Myb.UserManager.Models/Myb.UserManager.Models.csproj" because it was not found.
#15 0.924   Skipping project "/src/src/services/payment-service/Myb.Payment.Models/Myb.Payment.Models.csproj" because it was not found.
#15 0.942   Skipping project "/src/src/services/user-manager/Myb.UserManager.Models/Myb.UserManager.Models.csproj" because it was not found.
#15 0.942   Skipping project "/src/src/services/payment-service/Myb.Payment.Models/Myb.Payment.Models.csproj" because it was not found.
#15 88.39   Restored /src/src/common/Myb.Common.Authentification/Myb.Common.Authentification.csproj (in 1.45 min).
#15 90.03   Restored /src/src/services/payment-service/Myb.Payment.EntityFrameWork.Infra/Myb.Payment.EntityFrameWork.Infra.csproj (in 1.48 min).
#15 90.03   Restored /src/src/services/payment-service/Myb.Payment/Myb.Payment.csproj (in 1.48 min).
#15 DONE 90.3s

#16 [build  7/11] COPY src/services/payment-service/ src/services/payment-service/
#16 DONE 0.0s

#17 [build  8/11] COPY src/common/ src/common/
#17 DONE 0.0s

#18 [build  9/11] COPY src/services/user-manager/Myb.UserManager.Models/ src/services/user-manager/Myb.UserManager.Models/
#18 DONE 0.0s

#19 [build 10/11] WORKDIR /src/src/services/payment-service/Myb.Payment
#19 DONE 0.0s

#20 [build 11/11] RUN dotnet build "Myb.Payment.csproj" -c Release -o /app/build
#20 0.368   Determining projects to restore...
#20 6.305 /src/src/services/user-manager/Myb.UserManager.Models/Myb.UserManager.Models.csproj : warning NU1902: Package 'System.Security.Cryptography.Xml' 4.5.0 has a known moderate severity vulnerability, https://github.com/advisories/GHSA-vh55-786g-wjwj [/src/src/services/payment-service/Myb.Payment/Myb.Payment.csproj]
#20 6.305 /src/src/common/Myb.Common.Models/Myb.Common.Models.csproj : warning NU1902: Package 'System.Security.Cryptography.Xml' 4.5.0 has a known moderate severity vulnerability, https://github.com/advisories/GHSA-vh55-786g-wjwj [/src/src/services/payment-service/Myb.Payment/Myb.Payment.csproj]
#20 6.305 /src/src/common/Myb.Common.Authentification/Myb.Common.Authentification.csproj : warning NU1902: Package 'System.Security.Cryptography.Xml' 4.5.0 has a known moderate severity vulnerability, https://github.com/advisories/GHSA-vh55-786g-wjwj [/src/src/services/payment-service/Myb.Payment/Myb.Payment.csproj]
#20 6.305 /src/src/services/payment-service/Myb.Payment.Models/Myb.Payment.Models.csproj : warning NU1902: Package 'System.Security.Cryptography.Xml' 4.5.0 has a known moderate severity vulnerability, https://github.com/advisories/GHSA-vh55-786g-wjwj [/src/src/services/payment-service/Myb.Payment/Myb.Payment.csproj]
#20 6.354   Restored /src/src/common/Myb.Common.Models/Myb.Common.Models.csproj (in 5.57 sec).
#20 6.355   Restored /src/src/services/payment-service/Myb.Payment/Myb.Payment.csproj (in 5.59 sec).
#20 6.355   Restored /src/src/services/payment-service/Myb.Payment.Models/Myb.Payment.Models.csproj (in 5.57 sec).
#20 6.355   Restored /src/src/services/payment-service/Myb.Payment.EntityFrameWork.Infra/Myb.Payment.EntityFrameWork.Infra.csproj (in 5.59 sec).
#20 6.355   Restored /src/src/services/user-manager/Myb.UserManager.Models/Myb.UserManager.Models.csproj (in 5.57 sec).
#20 6.355   Restored /src/src/common/Myb.Common.Authentification/Myb.Common.Authentification.csproj (in 5.57 sec).
#20 6.640 /src/src/common/Myb.Common.Authentification/Myb.Common.Authentification.csproj : warning NU1902: Package 'System.Security.Cryptography.Xml' 4.5.0 has a known moderate severity vulnerability, https://github.com/advisories/GHSA-vh55-786g-wjwj
#20 6.678 /src/src/services/payment-service/Myb.Payment.Models/Myb.Payment.Models.csproj : warning NU1902: Package 'System.Security.Cryptography.Xml' 4.5.0 has a known moderate severity vulnerability, https://github.com/advisories/GHSA-vh55-786g-wjwj
#20 6.679 /src/src/services/user-manager/Myb.UserManager.Models/Myb.UserManager.Models.csproj : warning NU1902: Package 'System.Security.Cryptography.Xml' 4.5.0 has a known moderate severity vulnerability, https://github.com/advisories/GHSA-vh55-786g-wjwj
#20 6.686 /src/src/common/Myb.Common.Models/Myb.Common.Models.csproj : warning NU1902: Package 'System.Security.Cryptography.Xml' 4.5.0 has a known moderate severity vulnerability, https://github.com/advisories/GHSA-vh55-786g-wjwj
#20 7.834   Myb.Common.Models -> /app/build/Myb.Common.Models.dll
#20 7.962 /src/src/services/payment-service/Myb.Payment.Models/StripePayment.cs(7,19): warning CS8618: Non-nullable property 'UserId' must contain a non-null value when exiting constructor. Consider adding the 'required' modifier or declaring the property as nullable. [/src/src/services/payment-service/Myb.Payment.Models/Myb.Payment.Models.csproj]
#20 7.962 /src/src/services/payment-service/Myb.Payment.Models/StripePayment.cs(9,19): warning CS8618: Non-nullable property 'ServiceName' must contain a non-null value when exiting constructor. Consider adding the 'required' modifier or declaring the property as nullable. [/src/src/services/payment-service/Myb.Payment.Models/Myb.Payment.Models.csproj]
#20 7.962 /src/src/services/payment-service/Myb.Payment.Models/StripePayment.cs(13,19): warning CS8618: Non-nullable property 'PaymentStatus' must contain a non-null value when exiting constructor. Consider adding the 'required' modifier or declaring the property as nullable. [/src/src/services/payment-service/Myb.Payment.Models/Myb.Payment.Models.csproj]
#20 7.962 /src/src/services/payment-service/Myb.Payment.Models/StripePayment.cs(14,19): warning CS8618: Non-nullable property 'PaymentMethod' must contain a non-null value when exiting constructor. Consider adding the 'required' modifier or declaring the property as nullable. [/src/src/services/payment-service/Myb.Payment.Models/Myb.Payment.Models.csproj]
#20 7.970 /src/src/services/user-manager/Myb.UserManager.Models/UserPermission.cs(12,23): warning CS8618: Non-nullable property 'Name' must contain a non-null value when exiting constructor. Consider adding the 'required' modifier or declaring the property as nullable. [/src/src/services/user-manager/Myb.UserManager.Models/Myb.UserManager.Models.csproj]
#20 7.970 /src/src/services/user-manager/Myb.UserManager.Models/UserRole.cs(18,23): warning CS8618: Non-nullable property 'Name' must contain a non-null value when exiting constructor. Consider adding the 'required' modifier or declaring the property as nullable. [/src/src/services/user-manager/Myb.UserManager.Models/Myb.UserManager.Models.csproj]
#20 7.970 /src/src/services/user-manager/Myb.UserManager.Models/User.cs(13,23): warning CS8618: Non-nullable property 'Name' must contain a non-null value when exiting constructor. Consider adding the 'required' modifier or declaring the property as nullable. [/src/src/services/user-manager/Myb.UserManager.Models/Myb.UserManager.Models.csproj]
#20 7.970 /src/src/services/user-manager/Myb.UserManager.Models/User.cs(15,23): warning CS8618: Non-nullable property 'Username' must contain a non-null value when exiting constructor. Consider adding the 'required' modifier or declaring the property as nullable. [/src/src/services/user-manager/Myb.UserManager.Models/Myb.UserManager.Models.csproj]
#20 7.970 /src/src/services/user-manager/Myb.UserManager.Models/User.cs(16,23): warning CS8618: Non-nullable property 'Password' must contain a non-null value when exiting constructor. Consider adding the 'required' modifier or declaring the property as nullable. [/src/src/services/user-manager/Myb.UserManager.Models/Myb.UserManager.Models.csproj]
#20 7.985   Myb.Payment.Models -> /app/build/Myb.Payment.Models.dll
#20 7.992   Myb.UserManager.Models -> /app/build/Myb.UserManager.Models.dll
#20 8.242 /src/src/services/payment-service/Myb.Payment.EntityFrameWork.Infra/PaymentContext.cs(10,12): warning CS8618: Non-nullable field '_configuration' must contain a non-null value when exiting constructor. Consider adding the 'required' modifier or declaring the field as nullable. [/src/src/services/payment-service/Myb.Payment.EntityFrameWork.Infra/Myb.Payment.EntityFrameWork.Infra.csproj]
#20 8.246 /src/src/common/Myb.Common.Authentification/Dtos/KeycloakUserDto.cs(5,19): warning CS8618: Non-nullable property 'Username' must contain a non-null value when exiting constructor. Consider adding the 'required' modifier or declaring the property as nullable. [/src/src/common/Myb.Common.Authentification/Myb.Common.Authentification.csproj]
#20 8.246 /src/src/common/Myb.Common.Authentification/Dtos/KeycloakUserDto.cs(6,19): warning CS8618: Non-nullable property 'Password' must contain a non-null value when exiting constructor. Consider adding the 'required' modifier or declaring the property as nullable. [/src/src/common/Myb.Common.Authentification/Myb.Common.Authentification.csproj]
#20 8.246 /src/src/common/Myb.Common.Authentification/Dtos/KeycloakTokenRequestDto.cs(8,23): warning CS8618: Non-nullable property 'GrantType' must contain a non-null value when exiting constructor. Consider adding the 'required' modifier or declaring the property as nullable. [/src/src/common/Myb.Common.Authentification/Myb.Common.Authentification.csproj]
#20 8.246 /src/src/common/Myb.Common.Authentification/Dtos/KeycloakTokenRequestDto.cs(11,23): warning CS8618: Non-nullable property 'ClientId' must contain a non-null value when exiting constructor. Consider adding the 'required' modifier or declaring the property as nullable. [/src/src/common/Myb.Common.Authentification/Myb.Common.Authentification.csproj]
#20 8.246 /src/src/common/Myb.Common.Authentification/Dtos/KeycloakTokenRequestDto.cs(14,23): warning CS8618: Non-nullable property 'Username' must contain a non-null value when exiting constructor. Consider adding the 'required' modifier or declaring the property as nullable. [/src/src/common/Myb.Common.Authentification/Myb.Common.Authentification.csproj]
#20 8.246 /src/src/common/Myb.Common.Authentification/Dtos/KeycloakTokenRequestDto.cs(17,23): warning CS8618: Non-nullable property 'Password' must contain a non-null value when exiting constructor. Consider adding the 'required' modifier or declaring the property as nullable. [/src/src/common/Myb.Common.Authentification/Myb.Common.Authentification.csproj]
#20 8.246 /src/src/common/Myb.Common.Authentification/Dtos/KeycloakTokenRequestDto.cs(20,23): warning CS8618: Non-nullable property 'ClientSecret' must contain a non-null value when exiting constructor. Consider adding the 'required' modifier or declaring the property as nullable. [/src/src/common/Myb.Common.Authentification/Myb.Common.Authentification.csproj]
#20 8.246 /src/src/common/Myb.Common.Authentification/Extensions/ServiceCollectionExtensions.cs(55,92): warning CS8604: Possible null reference argument for parameter 's' in 'byte[] Encoding.GetBytes(string s)'. [/src/src/common/Myb.Common.Authentification/Myb.Common.Authentification.csproj]
#20 8.295   Myb.Common.Authentification -> /app/build/Myb.Common.Authentification.dll
#20 8.301   Myb.Payment.EntityFrameWork.Infra -> /app/build/Myb.Payment.EntityFrameWork.Infra.dll
#20 8.527 /src/src/services/payment-service/Myb.Payment/PaymentController.cs(103,19): warning CS8618: Non-nullable property 'Currency' must contain a non-null value when exiting constructor. Consider adding the 'required' modifier or declaring the property as nullable. [/src/src/services/payment-service/Myb.Payment/Myb.Payment.csproj]
#20 8.527 /src/src/services/payment-service/Myb.Payment/PaymentController.cs(104,19): warning CS8618: Non-nullable property 'ReceiptEmail' must contain a non-null value when exiting constructor. Consider adding the 'required' modifier or declaring the property as nullable. [/src/src/services/payment-service/Myb.Payment/Myb.Payment.csproj]
#20 8.527 /src/src/services/payment-service/Myb.Payment/PaymentController.cs(105,19): warning CS8618: Non-nullable property 'UserId' must contain a non-null value when exiting constructor. Consider adding the 'required' modifier or declaring the property as nullable. [/src/src/services/payment-service/Myb.Payment/Myb.Payment.csproj]
#20 8.527 /src/src/services/payment-service/Myb.Payment/PaymentController.cs(107,19): warning CS8618: Non-nullable property 'ServiceName' must contain a non-null value when exiting constructor. Consider adding the 'required' modifier or declaring the property as nullable. [/src/src/services/payment-service/Myb.Payment/Myb.Payment.csproj]
#20 8.527 /src/src/services/payment-service/Myb.Payment/PaymentService.cs(17,26): warning CS8601: Possible null reference assignment. [/src/src/services/payment-service/Myb.Payment/Myb.Payment.csproj]
#20 8.527 /src/src/services/payment-service/Myb.Payment/PaymentController.cs(74,26): warning CS0168: The variable 'ex' is declared but never used [/src/src/services/payment-service/Myb.Payment/Myb.Payment.csproj]
#20 8.527 /src/src/services/payment-service/Myb.Payment/PaymentService.cs(55,22): warning CS0168: The variable 'ex' is declared but never used [/src/src/services/payment-service/Myb.Payment/Myb.Payment.csproj]
#20 8.609   Myb.Payment -> /app/build/Myb.Payment.dll
#20 8.618 
#20 8.618 Build succeeded.
#20 8.618 
#20 8.618 /src/src/services/user-manager/Myb.UserManager.Models/Myb.UserManager.Models.csproj : warning NU1902: Package 'System.Security.Cryptography.Xml' 4.5.0 has a known moderate severity vulnerability, https://github.com/advisories/GHSA-vh55-786g-wjwj [/src/src/services/payment-service/Myb.Payment/Myb.Payment.csproj]
#20 8.618 /src/src/common/Myb.Common.Models/Myb.Common.Models.csproj : warning NU1902: Package 'System.Security.Cryptography.Xml' 4.5.0 has a known moderate severity vulnerability, https://github.com/advisories/GHSA-vh55-786g-wjwj [/src/src/services/payment-service/Myb.Payment/Myb.Payment.csproj]
#20 8.618 /src/src/common/Myb.Common.Authentification/Myb.Common.Authentification.csproj : warning NU1902: Package 'System.Security.Cryptography.Xml' 4.5.0 has a known moderate severity vulnerability, https://github.com/advisories/GHSA-vh55-786g-wjwj [/src/src/services/payment-service/Myb.Payment/Myb.Payment.csproj]
#20 8.618 /src/src/services/payment-service/Myb.Payment.Models/Myb.Payment.Models.csproj : warning NU1902: Package 'System.Security.Cryptography.Xml' 4.5.0 has a known moderate severity vulnerability, https://github.com/advisories/GHSA-vh55-786g-wjwj [/src/src/services/payment-service/Myb.Payment/Myb.Payment.csproj]
#20 8.618 /src/src/common/Myb.Common.Authentification/Myb.Common.Authentification.csproj : warning NU1902: Package 'System.Security.Cryptography.Xml' 4.5.0 has a known moderate severity vulnerability, https://github.com/advisories/GHSA-vh55-786g-wjwj
#20 8.618 /src/src/services/payment-service/Myb.Payment.Models/Myb.Payment.Models.csproj : warning NU1902: Package 'System.Security.Cryptography.Xml' 4.5.0 has a known moderate severity vulnerability, https://github.com/advisories/GHSA-vh55-786g-wjwj
#20 8.618 /src/src/services/user-manager/Myb.UserManager.Models/Myb.UserManager.Models.csproj : warning NU1902: Package 'System.Security.Cryptography.Xml' 4.5.0 has a known moderate severity vulnerability, https://github.com/advisories/GHSA-vh55-786g-wjwj
#20 8.618 /src/src/common/Myb.Common.Models/Myb.Common.Models.csproj : warning NU1902: Package 'System.Security.Cryptography.Xml' 4.5.0 has a known moderate severity vulnerability, https://github.com/advisories/GHSA-vh55-786g-wjwj
#20 8.618 /src/src/services/payment-service/Myb.Payment.Models/StripePayment.cs(7,19): warning CS8618: Non-nullable property 'UserId' must contain a non-null value when exiting constructor. Consider adding the 'required' modifier or declaring the property as nullable. [/src/src/services/payment-service/Myb.Payment.Models/Myb.Payment.Models.csproj]
#20 8.618 /src/src/services/payment-service/Myb.Payment.Models/StripePayment.cs(9,19): warning CS8618: Non-nullable property 'ServiceName' must contain a non-null value when exiting constructor. Consider adding the 'required' modifier or declaring the property as nullable. [/src/src/services/payment-service/Myb.Payment.Models/Myb.Payment.Models.csproj]
#20 8.618 /src/src/services/payment-service/Myb.Payment.Models/StripePayment.cs(13,19): warning CS8618: Non-nullable property 'PaymentStatus' must contain a non-null value when exiting constructor. Consider adding the 'required' modifier or declaring the property as nullable. [/src/src/services/payment-service/Myb.Payment.Models/Myb.Payment.Models.csproj]
#20 8.618 /src/src/services/payment-service/Myb.Payment.Models/StripePayment.cs(14,19): warning CS8618: Non-nullable property 'PaymentMethod' must contain a non-null value when exiting constructor. Consider adding the 'required' modifier or declaring the property as nullable. [/src/src/services/payment-service/Myb.Payment.Models/Myb.Payment.Models.csproj]
#20 8.618 /src/src/services/user-manager/Myb.UserManager.Models/UserPermission.cs(12,23): warning CS8618: Non-nullable property 'Name' must contain a non-null value when exiting constructor. Consider adding the 'required' modifier or declaring the property as nullable. [/src/src/services/user-manager/Myb.UserManager.Models/Myb.UserManager.Models.csproj]
#20 8.618 /src/src/services/user-manager/Myb.UserManager.Models/UserRole.cs(18,23): warning CS8618: Non-nullable property 'Name' must contain a non-null value when exiting constructor. Consider adding the 'required' modifier or declaring the property as nullable. [/src/src/services/user-manager/Myb.UserManager.Models/Myb.UserManager.Models.csproj]
#20 8.618 /src/src/services/user-manager/Myb.UserManager.Models/User.cs(13,23): warning CS8618: Non-nullable property 'Name' must contain a non-null value when exiting constructor. Consider adding the 'required' modifier or declaring the property as nullable. [/src/src/services/user-manager/Myb.UserManager.Models/Myb.UserManager.Models.csproj]
#20 8.618 /src/src/services/user-manager/Myb.UserManager.Models/User.cs(15,23): warning CS8618: Non-nullable property 'Username' must contain a non-null value when exiting constructor. Consider adding the 'required' modifier or declaring the property as nullable. [/src/src/services/user-manager/Myb.UserManager.Models/Myb.UserManager.Models.csproj]
#20 8.618 /src/src/services/user-manager/Myb.UserManager.Models/User.cs(16,23): warning CS8618: Non-nullable property 'Password' must contain a non-null value when exiting constructor. Consider adding the 'required' modifier or declaring the property as nullable. [/src/src/services/user-manager/Myb.UserManager.Models/Myb.UserManager.Models.csproj]
#20 8.618 /src/src/services/payment-service/Myb.Payment.EntityFrameWork.Infra/PaymentContext.cs(10,12): warning CS8618: Non-nullable field '_configuration' must contain a non-null value when exiting constructor. Consider adding the 'required' modifier or declaring the field as nullable. [/src/src/services/payment-service/Myb.Payment.EntityFrameWork.Infra/Myb.Payment.EntityFrameWork.Infra.csproj]
#20 8.618 /src/src/common/Myb.Common.Authentification/Dtos/KeycloakUserDto.cs(5,19): warning CS8618: Non-nullable property 'Username' must contain a non-null value when exiting constructor. Consider adding the 'required' modifier or declaring the property as nullable. [/src/src/common/Myb.Common.Authentification/Myb.Common.Authentification.csproj]
#20 8.618 /src/src/common/Myb.Common.Authentification/Dtos/KeycloakUserDto.cs(6,19): warning CS8618: Non-nullable property 'Password' must contain a non-null value when exiting constructor. Consider adding the 'required' modifier or declaring the property as nullable. [/src/src/common/Myb.Common.Authentification/Myb.Common.Authentification.csproj]
#20 8.618 /src/src/common/Myb.Common.Authentification/Dtos/KeycloakTokenRequestDto.cs(8,23): warning CS8618: Non-nullable property 'GrantType' must contain a non-null value when exiting constructor. Consider adding the 'required' modifier or declaring the property as nullable. [/src/src/common/Myb.Common.Authentification/Myb.Common.Authentification.csproj]
#20 8.618 /src/src/common/Myb.Common.Authentification/Dtos/KeycloakTokenRequestDto.cs(11,23): warning CS8618: Non-nullable property 'ClientId' must contain a non-null value when exiting constructor. Consider adding the 'required' modifier or declaring the property as nullable. [/src/src/common/Myb.Common.Authentification/Myb.Common.Authentification.csproj]
#20 8.618 /src/src/common/Myb.Common.Authentification/Dtos/KeycloakTokenRequestDto.cs(14,23): warning CS8618: Non-nullable property 'Username' must contain a non-null value when exiting constructor. Consider adding the 'required' modifier or declaring the property as nullable. [/src/src/common/Myb.Common.Authentification/Myb.Common.Authentification.csproj]
#20 8.618 /src/src/common/Myb.Common.Authentification/Dtos/KeycloakTokenRequestDto.cs(17,23): warning CS8618: Non-nullable property 'Password' must contain a non-null value when exiting constructor. Consider adding the 'required' modifier or declaring the property as nullable. [/src/src/common/Myb.Common.Authentification/Myb.Common.Authentification.csproj]
#20 8.618 /src/src/common/Myb.Common.Authentification/Dtos/KeycloakTokenRequestDto.cs(20,23): warning CS8618: Non-nullable property 'ClientSecret' must contain a non-null value when exiting constructor. Consider adding the 'required' modifier or declaring the property as nullable. [/src/src/common/Myb.Common.Authentification/Myb.Common.Authentification.csproj]
#20 8.618 /src/src/common/Myb.Common.Authentification/Extensions/ServiceCollectionExtensions.cs(55,92): warning CS8604: Possible null reference argument for parameter 's' in 'byte[] Encoding.GetBytes(string s)'. [/src/src/common/Myb.Common.Authentification/Myb.Common.Authentification.csproj]
#20 8.618 /src/src/services/payment-service/Myb.Payment/PaymentController.cs(103,19): warning CS8618: Non-nullable property 'Currency' must contain a non-null value when exiting constructor. Consider adding the 'required' modifier or declaring the property as nullable. [/src/src/services/payment-service/Myb.Payment/Myb.Payment.csproj]
#20 8.618 /src/src/services/payment-service/Myb.Payment/PaymentController.cs(104,19): warning CS8618: Non-nullable property 'ReceiptEmail' must contain a non-null value when exiting constructor. Consider adding the 'required' modifier or declaring the property as nullable. [/src/src/services/payment-service/Myb.Payment/Myb.Payment.csproj]
#20 8.618 /src/src/services/payment-service/Myb.Payment/PaymentController.cs(105,19): warning CS8618: Non-nullable property 'UserId' must contain a non-null value when exiting constructor. Consider adding the 'required' modifier or declaring the property as nullable. [/src/src/services/payment-service/Myb.Payment/Myb.Payment.csproj]
#20 8.618 /src/src/services/payment-service/Myb.Payment/PaymentController.cs(107,19): warning CS8618: Non-nullable property 'ServiceName' must contain a non-null value when exiting constructor. Consider adding the 'required' modifier or declaring the property as nullable. [/src/src/services/payment-service/Myb.Payment/Myb.Payment.csproj]
#20 8.618 /src/src/services/payment-service/Myb.Payment/PaymentService.cs(17,26): warning CS8601: Possible null reference assignment. [/src/src/services/payment-service/Myb.Payment/Myb.Payment.csproj]
#20 8.618 /src/src/services/payment-service/Myb.Payment/PaymentController.cs(74,26): warning CS0168: The variable 'ex' is declared but never used [/src/src/services/payment-service/Myb.Payment/Myb.Payment.csproj]
#20 8.618 /src/src/services/payment-service/Myb.Payment/PaymentService.cs(55,22): warning CS0168: The variable 'ex' is declared but never used [/src/src/services/payment-service/Myb.Payment/Myb.Payment.csproj]
#20 8.618     33 Warning(s)
#20 8.619     0 Error(s)
#20 8.619 
#20 8.619 Time Elapsed 00:00:08.40
#20 DONE 8.7s

#21 [publish 1/2] WORKDIR /src/src/services/payment-service/Myb.Payment
#21 DONE 0.0s

#22 [publish 2/2] RUN dotnet publish "Myb.Payment.csproj" -c Release -o /app/publish /p:UseAppHost=false
#22 0.331   Determining projects to restore...
#22 0.727 /src/src/services/payment-service/Myb.Payment.Models/Myb.Payment.Models.csproj : warning NU1902: Package 'System.Security.Cryptography.Xml' 4.5.0 has a known moderate severity vulnerability, https://github.com/advisories/GHSA-vh55-786g-wjwj [/src/src/services/payment-service/Myb.Payment/Myb.Payment.csproj]
#22 0.727 /src/src/services/user-manager/Myb.UserManager.Models/Myb.UserManager.Models.csproj : warning NU1902: Package 'System.Security.Cryptography.Xml' 4.5.0 has a known moderate severity vulnerability, https://github.com/advisories/GHSA-vh55-786g-wjwj [/src/src/services/payment-service/Myb.Payment/Myb.Payment.csproj]
#22 0.727 /src/src/common/Myb.Common.Authentification/Myb.Common.Authentification.csproj : warning NU1902: Package 'System.Security.Cryptography.Xml' 4.5.0 has a known moderate severity vulnerability, https://github.com/advisories/GHSA-vh55-786g-wjwj [/src/src/services/payment-service/Myb.Payment/Myb.Payment.csproj]
#22 0.727 /src/src/common/Myb.Common.Models/Myb.Common.Models.csproj : warning NU1902: Package 'System.Security.Cryptography.Xml' 4.5.0 has a known moderate severity vulnerability, https://github.com/advisories/GHSA-vh55-786g-wjwj [/src/src/services/payment-service/Myb.Payment/Myb.Payment.csproj]
#22 0.728   All projects are up-to-date for restore.
#22 0.973 /src/src/common/Myb.Common.Authentification/Myb.Common.Authentification.csproj : warning NU1902: Package 'System.Security.Cryptography.Xml' 4.5.0 has a known moderate severity vulnerability, https://github.com/advisories/GHSA-vh55-786g-wjwj
#22 0.990 /src/src/common/Myb.Common.Models/Myb.Common.Models.csproj : warning NU1902: Package 'System.Security.Cryptography.Xml' 4.5.0 has a known moderate severity vulnerability, https://github.com/advisories/GHSA-vh55-786g-wjwj
#22 0.991 /src/src/services/user-manager/Myb.UserManager.Models/Myb.UserManager.Models.csproj : warning NU1902: Package 'System.Security.Cryptography.Xml' 4.5.0 has a known moderate severity vulnerability, https://github.com/advisories/GHSA-vh55-786g-wjwj
#22 0.991 /src/src/services/payment-service/Myb.Payment.Models/Myb.Payment.Models.csproj : warning NU1902: Package 'System.Security.Cryptography.Xml' 4.5.0 has a known moderate severity vulnerability, https://github.com/advisories/GHSA-vh55-786g-wjwj
#22 1.083   Myb.Common.Models -> /src/src/common/Myb.Common.Models/bin/Release/net10.0/Myb.Common.Models.dll
#22 2.112 /src/src/services/payment-service/Myb.Payment.Models/StripePayment.cs(7,19): warning CS8618: Non-nullable property 'UserId' must contain a non-null value when exiting constructor. Consider adding the 'required' modifier or declaring the property as nullable. [/src/src/services/payment-service/Myb.Payment.Models/Myb.Payment.Models.csproj]
#22 2.112 /src/src/services/payment-service/Myb.Payment.Models/StripePayment.cs(9,19): warning CS8618: Non-nullable property 'ServiceName' must contain a non-null value when exiting constructor. Consider adding the 'required' modifier or declaring the property as nullable. [/src/src/services/payment-service/Myb.Payment.Models/Myb.Payment.Models.csproj]
#22 2.112 /src/src/services/payment-service/Myb.Payment.Models/StripePayment.cs(13,19): warning CS8618: Non-nullable property 'PaymentStatus' must contain a non-null value when exiting constructor. Consider adding the 'required' modifier or declaring the property as nullable. [/src/src/services/payment-service/Myb.Payment.Models/Myb.Payment.Models.csproj]
#22 2.112 /src/src/services/payment-service/Myb.Payment.Models/StripePayment.cs(14,19): warning CS8618: Non-nullable property 'PaymentMethod' must contain a non-null value when exiting constructor. Consider adding the 'required' modifier or declaring the property as nullable. [/src/src/services/payment-service/Myb.Payment.Models/Myb.Payment.Models.csproj]
#22 2.114 /src/src/services/user-manager/Myb.UserManager.Models/UserPermission.cs(12,23): warning CS8618: Non-nullable property 'Name' must contain a non-null value when exiting constructor. Consider adding the 'required' modifier or declaring the property as nullable. [/src/src/services/user-manager/Myb.UserManager.Models/Myb.UserManager.Models.csproj]
#22 2.114 /src/src/services/user-manager/Myb.UserManager.Models/User.cs(13,23): warning CS8618: Non-nullable property 'Name' must contain a non-null value when exiting constructor. Consider adding the 'required' modifier or declaring the property as nullable. [/src/src/services/user-manager/Myb.UserManager.Models/Myb.UserManager.Models.csproj]
#22 2.114 /src/src/services/user-manager/Myb.UserManager.Models/User.cs(15,23): warning CS8618: Non-nullable property 'Username' must contain a non-null value when exiting constructor. Consider adding the 'required' modifier or declaring the property as nullable. [/src/src/services/user-manager/Myb.UserManager.Models/Myb.UserManager.Models.csproj]
#22 2.114 /src/src/services/user-manager/Myb.UserManager.Models/User.cs(16,23): warning CS8618: Non-nullable property 'Password' must contain a non-null value when exiting constructor. Consider adding the 'required' modifier or declaring the property as nullable. [/src/src/services/user-manager/Myb.UserManager.Models/Myb.UserManager.Models.csproj]
#22 2.114 /src/src/services/user-manager/Myb.UserManager.Models/UserRole.cs(18,23): warning CS8618: Non-nullable property 'Name' must contain a non-null value when exiting constructor. Consider adding the 'required' modifier or declaring the property as nullable. [/src/src/services/user-manager/Myb.UserManager.Models/Myb.UserManager.Models.csproj]
#22 2.148   Myb.Payment.Models -> /src/src/services/payment-service/Myb.Payment.Models/bin/Release/net10.0/Myb.Payment.Models.dll
#22 2.149   Myb.UserManager.Models -> /src/src/services/user-manager/Myb.UserManager.Models/bin/Release/net10.0/Myb.UserManager.Models.dll
#22 2.362 /src/src/services/payment-service/Myb.Payment.EntityFrameWork.Infra/PaymentContext.cs(10,12): warning CS8618: Non-nullable field '_configuration' must contain a non-null value when exiting constructor. Consider adding the 'required' modifier or declaring the field as nullable. [/src/src/services/payment-service/Myb.Payment.EntityFrameWork.Infra/Myb.Payment.EntityFrameWork.Infra.csproj]
#22 2.366 /src/src/common/Myb.Common.Authentification/Dtos/KeycloakUserDto.cs(5,19): warning CS8618: Non-nullable property 'Username' must contain a non-null value when exiting constructor. Consider adding the 'required' modifier or declaring the property as nullable. [/src/src/common/Myb.Common.Authentification/Myb.Common.Authentification.csproj]
#22 2.366 /src/src/common/Myb.Common.Authentification/Dtos/KeycloakUserDto.cs(6,19): warning CS8618: Non-nullable property 'Password' must contain a non-null value when exiting constructor. Consider adding the 'required' modifier or declaring the property as nullable. [/src/src/common/Myb.Common.Authentification/Myb.Common.Authentification.csproj]
#22 2.366 /src/src/common/Myb.Common.Authentification/Dtos/KeycloakTokenRequestDto.cs(8,23): warning CS8618: Non-nullable property 'GrantType' must contain a non-null value when exiting constructor. Consider adding the 'required' modifier or declaring the property as nullable. [/src/src/common/Myb.Common.Authentification/Myb.Common.Authentification.csproj]
#22 2.366 /src/src/common/Myb.Common.Authentification/Dtos/KeycloakTokenRequestDto.cs(11,23): warning CS8618: Non-nullable property 'ClientId' must contain a non-null value when exiting constructor. Consider adding the 'required' modifier or declaring the property as nullable. [/src/src/common/Myb.Common.Authentification/Myb.Common.Authentification.csproj]
#22 2.366 /src/src/common/Myb.Common.Authentification/Dtos/KeycloakTokenRequestDto.cs(14,23): warning CS8618: Non-nullable property 'Username' must contain a non-null value when exiting constructor. Consider adding the 'required' modifier or declaring the property as nullable. [/src/src/common/Myb.Common.Authentification/Myb.Common.Authentification.csproj]
#22 2.366 /src/src/common/Myb.Common.Authentification/Dtos/KeycloakTokenRequestDto.cs(17,23): warning CS8618: Non-nullable property 'Password' must contain a non-null value when exiting constructor. Consider adding the 'required' modifier or declaring the property as nullable. [/src/src/common/Myb.Common.Authentification/Myb.Common.Authentification.csproj]
#22 2.366 /src/src/common/Myb.Common.Authentification/Dtos/KeycloakTokenRequestDto.cs(20,23): warning CS8618: Non-nullable property 'ClientSecret' must contain a non-null value when exiting constructor. Consider adding the 'required' modifier or declaring the property as nullable. [/src/src/common/Myb.Common.Authentification/Myb.Common.Authentification.csproj]
#22 2.366 /src/src/common/Myb.Common.Authentification/Extensions/ServiceCollectionExtensions.cs(55,92): warning CS8604: Possible null reference argument for parameter 's' in 'byte[] Encoding.GetBytes(string s)'. [/src/src/common/Myb.Common.Authentification/Myb.Common.Authentification.csproj]
#22 2.419   Myb.Common.Authentification -> /src/src/common/Myb.Common.Authentification/bin/Release/net10.0/Myb.Common.Authentification.dll
#22 2.468   Myb.Payment.EntityFrameWork.Infra -> /src/src/services/payment-service/Myb.Payment.EntityFrameWork.Infra/bin/Release/net10.0/Myb.Payment.EntityFrameWork.Infra.dll
#22 2.717 /src/src/services/payment-service/Myb.Payment/PaymentController.cs(103,19): warning CS8618: Non-nullable property 'Currency' must contain a non-null value when exiting constructor. Consider adding the 'required' modifier or declaring the property as nullable. [/src/src/services/payment-service/Myb.Payment/Myb.Payment.csproj]
#22 2.717 /src/src/services/payment-service/Myb.Payment/PaymentController.cs(104,19): warning CS8618: Non-nullable property 'ReceiptEmail' must contain a non-null value when exiting constructor. Consider adding the 'required' modifier or declaring the property as nullable. [/src/src/services/payment-service/Myb.Payment/Myb.Payment.csproj]
#22 2.717 /src/src/services/payment-service/Myb.Payment/PaymentController.cs(105,19): warning CS8618: Non-nullable property 'UserId' must contain a non-null value when exiting constructor. Consider adding the 'required' modifier or declaring the property as nullable. [/src/src/services/payment-service/Myb.Payment/Myb.Payment.csproj]
#22 2.717 /src/src/services/payment-service/Myb.Payment/PaymentController.cs(107,19): warning CS8618: Non-nullable property 'ServiceName' must contain a non-null value when exiting constructor. Consider adding the 'required' modifier or declaring the property as nullable. [/src/src/services/payment-service/Myb.Payment/Myb.Payment.csproj]
#22 2.717 /src/src/services/payment-service/Myb.Payment/PaymentService.cs(17,26): warning CS8601: Possible null reference assignment. [/src/src/services/payment-service/Myb.Payment/Myb.Payment.csproj]
#22 2.718 /src/src/services/payment-service/Myb.Payment/PaymentController.cs(74,26): warning CS0168: The variable 'ex' is declared but never used [/src/src/services/payment-service/Myb.Payment/Myb.Payment.csproj]
#22 2.718 /src/src/services/payment-service/Myb.Payment/PaymentService.cs(55,22): warning CS0168: The variable 'ex' is declared but never used [/src/src/services/payment-service/Myb.Payment/Myb.Payment.csproj]
#22 2.803   Myb.Payment -> /src/src/services/payment-service/Myb.Payment/bin/Release/net10.0/Myb.Payment.dll
#22 2.895   Myb.Payment -> /app/publish/
#22 DONE 2.9s

#23 [final 2/2] COPY --from=publish /app/publish .
#23 DONE 0.0s

#24 exporting to image
#24 exporting layers
#24 exporting layers 0.7s done
#24 exporting manifest sha256:376e6d03a382818ebc77a8122b66bc6e02da3f257e1cc75997ce5f3ee0133b9b
#24 exporting manifest sha256:376e6d03a382818ebc77a8122b66bc6e02da3f257e1cc75997ce5f3ee0133b9b done
#24 exporting config sha256:1e48d70302992d452f4994727a6330fccb6da141225fa93c39c49303e2b37e79 done
#24 exporting attestation manifest sha256:54b8c6887d56256afd72dc7e5bec981f30df87fc28b9494471f9a0b89c1ccc3e done
#24 exporting manifest list sha256:8d29459c572b2f97be2a918aeb98ccfc3090cefa3ba501773620e6926cf4f54f done
#24 naming to docker.io/library/myb-myb-payment:latest done
#24 unpacking to docker.io/library/myb-myb-payment:latest 0.1s done
#24 DONE 0.9s

#25 resolving provenance for metadata file
#25 DONE 0.0s
 Image myb-myb-payment Built 
 Container keycloak-db Running 
 Container keycloak Running 
 Container myb-myb-payment-1 Creating 
 Container myb-myb-payment-1 Created 
 Container keycloak-db Waiting 
 Container keycloak-db Healthy 
 Container keycloak Waiting 
 Container keycloak Healthy 
 Container myb-myb-payment-1 Starting 
 Container myb-myb-payment-1 Started 
time="2026-01-14T21:56:07+01:00" level=warning msg="/Users/macbook/Workspace/myb/docker-compose.yml: the attribute `version` is obsolete, it will be ignored, please remove it to avoid potential confusion"
 Image myb-myb-invoice Building 
#1 [internal] load local bake definitions
#1 reading from stdin 564B done
#1 DONE 0.0s

#2 [internal] load build definition from Dockerfile
#2 transferring dockerfile: 2.87kB done
#2 DONE 0.0s

#3 [internal] load metadata for mcr.microsoft.com/dotnet/aspnet:10.0
#3 DONE 0.5s

#4 [internal] load metadata for mcr.microsoft.com/dotnet/sdk:10.0
#4 DONE 0.5s

#5 [internal] load .dockerignore
#5 transferring context: 674B done
#5 DONE 0.0s

#6 [base 1/2] FROM mcr.microsoft.com/dotnet/aspnet:10.0@sha256:1aacc8154bc3071349907dae26849df301188be1a2e1f4560b903fb6275e481a
#6 resolve mcr.microsoft.com/dotnet/aspnet:10.0@sha256:1aacc8154bc3071349907dae26849df301188be1a2e1f4560b903fb6275e481a done
#6 DONE 0.0s

#7 [base 2/2] WORKDIR /app
#7 CACHED

#8 [final 1/2] WORKDIR /app
#8 CACHED

#9 [build  1/22] FROM mcr.microsoft.com/dotnet/sdk:10.0@sha256:25d14b400b75fa4e89d5bd4487a92a604a4e409ab65becb91821e7dc4ac7f81f
#9 resolve mcr.microsoft.com/dotnet/sdk:10.0@sha256:25d14b400b75fa4e89d5bd4487a92a604a4e409ab65becb91821e7dc4ac7f81f done
#9 DONE 0.0s

#10 [internal] load build context
#10 transferring context: 198.83kB 0.0s done
#10 DONE 0.0s

#11 [build  3/22] COPY [src/services/invoice-management/Myb.Invoice/Myb.Invoice.csproj, src/services/invoice-management/Myb.Invoice/]
#11 CACHED

#12 [build  8/22] COPY [src/common/Myb.Common.Utils/Myb.Common.Utils.csproj, src/common/Myb.Common.Utils/]
#12 CACHED

#13 [build  6/22] COPY [src/common/Myb.Common.Authentification/Myb.Common.Authentification.csproj, src/common/Myb.Common.Authentification/]
#13 CACHED

#14 [build  2/22] WORKDIR /src
#14 CACHED

#15 [build  7/22] COPY [src/common/Myb.Common.GraphQL.Infra/Myb.Common.GraphQL.Infra.csproj, src/common/Myb.Common.GraphQL.Infra/]
#15 CACHED

#16 [build  9/22] COPY [src/common/Myb.Common.Stripe/Myb.Common.Stripe.csproj, src/common/Myb.Common.Stripe/]
#16 CACHED

#17 [build 13/22] COPY [src/services/invoice-management/Myb.Invoice.Services/Myb.Invoice.Services.csproj, src/services/invoice-management/Myb.Invoice.Services/]
#17 CACHED

#18 [build 14/22] COPY [src/services/user-manager/Myb.UserManager.Models/Myb.UserManager.Models.csproj, src/services/user-manager/Myb.UserManager.Models/]
#18 CACHED

#19 [build  4/22] COPY [src/common/Myb.Common.Models/Myb.Common.Models.csproj, src/common/Myb.Common.Models/]
#19 CACHED

#20 [build  5/22] COPY [src/common/Myb.Common.Repositories/Myb.Common.Repositories.csproj, src/common/Myb.Common.Repositories/]
#20 CACHED

#21 [build 11/22] COPY [src/services/invoice-management/Myb.Invoice.Infra/Myb.Invoice.Infra.csproj, src/services/invoice-management/Myb.Invoice.Infra/]
#21 CACHED

#22 [build 10/22] COPY [src/services/invoice-management/Myb.Invoice.EntityFrameWork.Infra/Myb.Invoice.EntityFrameWork.Infra.csproj, src/services/invoice-management/Myb.Invoice.EntityFrameWork.Infra/]
#22 CACHED

#23 [build 12/22] COPY [src/services/invoice-management/Myb.Invoice.Models/Myb.Invoice.Models.csproj, src/services/invoice-management/Myb.Invoice.Models/]
#23 CACHED

#24 [build 15/22] COPY [src/services/time-sheet/Myb.Timesheet.Infra/Myb.Timesheet.Infra.csproj, src/services/time-sheet/Myb.Timesheet.Infra/]
#24 CACHED

#25 [build 16/22] RUN dotnet restore "src/services/invoice-management/Myb.Invoice/Myb.Invoice.csproj"
#25 0.336   Determining projects to restore...
#25 0.590   Skipping project "/src/src/services/time-sheet/Myb.Timesheet.Models/Myb.Timesheet.Models.csproj" because it was not found.
#25 0.590   Skipping project "/src/src/services/time-sheet/Myb.Timesheet.Services/Myb.Timesheet.Services.csproj" because it was not found.
#25 0.614   Skipping project "/src/src/services/time-sheet/Myb.Timesheet.Models/Myb.Timesheet.Models.csproj" because it was not found.
#25 0.614   Skipping project "/src/src/services/time-sheet/Myb.Timesheet.Services/Myb.Timesheet.Services.csproj" because it was not found.
#25 32.61   Restored /src/src/services/time-sheet/Myb.Timesheet.Infra/Myb.Timesheet.Infra.csproj (in 31.72 sec).
#25 33.79 /src/src/common/Myb.Common.Utils/Myb.Common.Utils.csproj : warning NU1902: Package 'System.Security.Cryptography.Xml' 4.5.0 has a known moderate severity vulnerability, https://github.com/advisories/GHSA-vh55-786g-wjwj [/src/src/services/invoice-management/Myb.Invoice/Myb.Invoice.csproj]
#25 33.79 /src/src/common/Myb.Common.Repositories/Myb.Common.Repositories.csproj : warning NU1902: Package 'System.Security.Cryptography.Xml' 4.5.0 has a known moderate severity vulnerability, https://github.com/advisories/GHSA-vh55-786g-wjwj [/src/src/services/invoice-management/Myb.Invoice/Myb.Invoice.csproj]
#25 33.79 /src/src/common/Myb.Common.Models/Myb.Common.Models.csproj : warning NU1902: Package 'System.Security.Cryptography.Xml' 4.5.0 has a known moderate severity vulnerability, https://github.com/advisories/GHSA-vh55-786g-wjwj [/src/src/services/invoice-management/Myb.Invoice/Myb.Invoice.csproj]
#25 33.79 /src/src/services/user-manager/Myb.UserManager.Models/Myb.UserManager.Models.csproj : warning NU1902: Package 'System.Security.Cryptography.Xml' 4.5.0 has a known moderate severity vulnerability, https://github.com/advisories/GHSA-vh55-786g-wjwj [/src/src/services/invoice-management/Myb.Invoice/Myb.Invoice.csproj]
#25 33.79 /src/src/services/invoice-management/Myb.Invoice.Models/Myb.Invoice.Models.csproj : warning NU1902: Package 'System.Security.Cryptography.Xml' 4.5.0 has a known moderate severity vulnerability, https://github.com/advisories/GHSA-vh55-786g-wjwj [/src/src/services/invoice-management/Myb.Invoice/Myb.Invoice.csproj]
#25 33.82   Restored /src/src/common/Myb.Common.Repositories/Myb.Common.Repositories.csproj (in 32.94 sec).
#25 33.82   Restored /src/src/services/user-manager/Myb.UserManager.Models/Myb.UserManager.Models.csproj (in 32.93 sec).
#25 33.82   Restored /src/src/common/Myb.Common.Models/Myb.Common.Models.csproj (in 32.94 sec).
#25 33.82   Restored /src/src/common/Myb.Common.Utils/Myb.Common.Utils.csproj (in 32.93 sec).
#25 33.82   Restored /src/src/services/invoice-management/Myb.Invoice.Models/Myb.Invoice.Models.csproj (in 32.94 sec).
#25 56.21 /src/src/services/invoice-management/Myb.Invoice.EntityFrameWork.Infra/Myb.Invoice.EntityFrameWork.Infra.csproj : warning NU1902: Package 'System.Security.Cryptography.Xml' 4.5.0 has a known moderate severity vulnerability, https://github.com/advisories/GHSA-vh55-786g-wjwj [/src/src/services/invoice-management/Myb.Invoice/Myb.Invoice.csproj]
#25 56.22   Restored /src/src/services/invoice-management/Myb.Invoice.EntityFrameWork.Infra/Myb.Invoice.EntityFrameWork.Infra.csproj (in 22.39 sec).
#25 57.04 /src/src/common/Myb.Common.Authentification/Myb.Common.Authentification.csproj : warning NU1902: Package 'System.Security.Cryptography.Xml' 4.5.0 has a known moderate severity vulnerability, https://github.com/advisories/GHSA-vh55-786g-wjwj [/src/src/services/invoice-management/Myb.Invoice/Myb.Invoice.csproj]
#25 57.06   Restored /src/src/common/Myb.Common.Authentification/Myb.Common.Authentification.csproj (in 24.44 sec).
#25 73.42 /src/src/common/Myb.Common.GraphQL.Infra/Myb.Common.GraphQL.Infra.csproj : warning NU1902: Package 'System.Security.Cryptography.Xml' 4.5.0 has a known moderate severity vulnerability, https://github.com/advisories/GHSA-vh55-786g-wjwj [/src/src/services/invoice-management/Myb.Invoice/Myb.Invoice.csproj]
#25 73.43   Restored /src/src/common/Myb.Common.Stripe/Myb.Common.Stripe.csproj (in 1.21 min).
#25 73.43   Restored /src/src/common/Myb.Common.GraphQL.Infra/Myb.Common.GraphQL.Infra.csproj (in 1.21 min).
#25 87.71 /src/src/services/invoice-management/Myb.Invoice.Services/Myb.Invoice.Services.csproj : warning NU1902: Package 'System.Security.Cryptography.Xml' 4.5.0 has a known moderate severity vulnerability, https://github.com/advisories/GHSA-vh55-786g-wjwj [/src/src/services/invoice-management/Myb.Invoice/Myb.Invoice.csproj]
#25 87.71 /src/src/services/invoice-management/Myb.Invoice.Infra/Myb.Invoice.Infra.csproj : warning NU1902: Package 'System.Security.Cryptography.Xml' 4.5.0 has a known moderate severity vulnerability, https://github.com/advisories/GHSA-vh55-786g-wjwj [/src/src/services/invoice-management/Myb.Invoice/Myb.Invoice.csproj]
#25 87.71 /src/src/services/invoice-management/Myb.Invoice.Infra/Myb.Invoice.Infra.csproj : error NU1605: Warning As Error: Detected package downgrade: HotChocolate.Abstractions from 14.2.0 to 14.1.0. Reference the package directly from the project to select a different version.  [/src/src/services/invoice-management/Myb.Invoice/Myb.Invoice.csproj]
#25 87.71 /src/src/services/invoice-management/Myb.Invoice.Infra/Myb.Invoice.Infra.csproj : error NU1605:  Myb.Invoice.Infra -> Myb.Invoice.Services -> Myb.Common.Authentification -> HotChocolate.Authorization 14.2.0 -> HotChocolate.Execution 14.2.0 -> HotChocolate.Abstractions (>= 14.2.0)  [/src/src/services/invoice-management/Myb.Invoice/Myb.Invoice.csproj]
#25 87.71 /src/src/services/invoice-management/Myb.Invoice.Infra/Myb.Invoice.Infra.csproj : error NU1605:  Myb.Invoice.Infra -> HotChocolate.Abstractions (>= 14.1.0) [/src/src/services/invoice-management/Myb.Invoice/Myb.Invoice.csproj]
#25 87.72   Restored /src/src/services/invoice-management/Myb.Invoice.Services/Myb.Invoice.Services.csproj (in 1.45 min).
#25 87.72   Failed to restore /src/src/services/invoice-management/Myb.Invoice.Infra/Myb.Invoice.Infra.csproj (in 1.45 min).
#25 90.93   Restored /src/src/services/invoice-management/Myb.Invoice/Myb.Invoice.csproj (in 57.08 sec).
#25 ERROR: process "/bin/sh -c dotnet restore \"src/services/invoice-management/Myb.Invoice/Myb.Invoice.csproj\"" did not complete successfully: exit code: 1
------
 > [build 16/22] RUN dotnet restore "src/services/invoice-management/Myb.Invoice/Myb.Invoice.csproj":
73.43   Restored /src/src/common/Myb.Common.Stripe/Myb.Common.Stripe.csproj (in 1.21 min).
73.43   Restored /src/src/common/Myb.Common.GraphQL.Infra/Myb.Common.GraphQL.Infra.csproj (in 1.21 min).
87.71 /src/src/services/invoice-management/Myb.Invoice.Services/Myb.Invoice.Services.csproj : warning NU1902: Package 'System.Security.Cryptography.Xml' 4.5.0 has a known moderate severity vulnerability, https://github.com/advisories/GHSA-vh55-786g-wjwj [/src/src/services/invoice-management/Myb.Invoice/Myb.Invoice.csproj]
87.71 /src/src/services/invoice-management/Myb.Invoice.Infra/Myb.Invoice.Infra.csproj : warning NU1902: Package 'System.Security.Cryptography.Xml' 4.5.0 has a known moderate severity vulnerability, https://github.com/advisories/GHSA-vh55-786g-wjwj [/src/src/services/invoice-management/Myb.Invoice/Myb.Invoice.csproj]
87.71 /src/src/services/invoice-management/Myb.Invoice.Infra/Myb.Invoice.Infra.csproj : error NU1605: Warning As Error: Detected package downgrade: HotChocolate.Abstractions from 14.2.0 to 14.1.0. Reference the package directly from the project to select a different version.  [/src/src/services/invoice-management/Myb.Invoice/Myb.Invoice.csproj]
87.71 /src/src/services/invoice-management/Myb.Invoice.Infra/Myb.Invoice.Infra.csproj : error NU1605:  Myb.Invoice.Infra -> Myb.Invoice.Services -> Myb.Common.Authentification -> HotChocolate.Authorization 14.2.0 -> HotChocolate.Execution 14.2.0 -> HotChocolate.Abstractions (>= 14.2.0)  [/src/src/services/invoice-management/Myb.Invoice/Myb.Invoice.csproj]
87.71 /src/src/services/invoice-management/Myb.Invoice.Infra/Myb.Invoice.Infra.csproj : error NU1605:  Myb.Invoice.Infra -> HotChocolate.Abstractions (>= 14.1.0) [/src/src/services/invoice-management/Myb.Invoice/Myb.Invoice.csproj]
87.72   Restored /src/src/services/invoice-management/Myb.Invoice.Services/Myb.Invoice.Services.csproj (in 1.45 min).
87.72   Failed to restore /src/src/services/invoice-management/Myb.Invoice.Infra/Myb.Invoice.Infra.csproj (in 1.45 min).
90.93   Restored /src/src/services/invoice-management/Myb.Invoice/Myb.Invoice.csproj (in 57.08 sec).
------
Dockerfile:32

--------------------

  30 |     

  31 |     # Restore dependencies (cached unless csproj changes)

  32 | >>> RUN dotnet restore "src/services/invoice-management/Myb.Invoice/Myb.Invoice.csproj"

  33 |     

  34 |     # Copy all source code

--------------------

failed to solve: process "/bin/sh -c dotnet restore \"src/services/invoice-management/Myb.Invoice/Myb.Invoice.csproj\"" did not complete successfully: exit code: 1

time="2026-01-14T21:57:42+01:00" level=warning msg="/Users/macbook/Workspace/myb/docker-compose.yml: the attribute `version` is obsolete, it will be ignored, please remove it to avoid potential confusion"
 Image myb-myb-docmanager Building 
 Image myb-myb-coproperty Building 
 Image myb-myb-notification Building 
 Image myb-myb-timesheet Building 
 Image myb-myb-usermanager Building 
#1 [internal] load local bake definitions
#1 reading from stdin 2.55kB done
#1 DONE 0.0s

#2 [myb-timesheet internal] load build definition from Dockerfile
#2 transferring dockerfile: 819B done
#2 DONE 0.0s

#3 [myb-coproperty internal] load build definition from Dockerfile
#3 transferring dockerfile: 2.15kB done
#3 DONE 0.0s

#4 [myb-notification internal] load build definition from Dockerfile
#4 transferring dockerfile: 1.26kB done
#4 DONE 0.0s

#5 [myb-docmanager internal] load build definition from Dockerfile
#5 transferring dockerfile: 3.22kB done
#5 DONE 0.0s

#6 [myb-usermanager internal] load build definition from Dockerfile
#6 transferring dockerfile: 1.63kB done
#6 DONE 0.0s

#7 [myb-usermanager internal] load metadata for mcr.microsoft.com/dotnet/aspnet:10.0
#7 DONE 0.4s

#8 [myb-notification internal] load metadata for mcr.microsoft.com/dotnet/sdk:10.0
#8 DONE 0.4s

#9 [myb-docmanager internal] load .dockerignore
#9 transferring context: 674B done
#9 DONE 0.0s

#10 [myb-usermanager build  1/17] FROM mcr.microsoft.com/dotnet/sdk:10.0@sha256:25d14b400b75fa4e89d5bd4487a92a604a4e409ab65becb91821e7dc4ac7f81f
#10 resolve mcr.microsoft.com/dotnet/sdk:10.0@sha256:25d14b400b75fa4e89d5bd4487a92a604a4e409ab65becb91821e7dc4ac7f81f done
#10 DONE 0.0s

#11 [myb-timesheet base 1/2] FROM mcr.microsoft.com/dotnet/aspnet:10.0@sha256:1aacc8154bc3071349907dae26849df301188be1a2e1f4560b903fb6275e481a
#11 resolve mcr.microsoft.com/dotnet/aspnet:10.0@sha256:1aacc8154bc3071349907dae26849df301188be1a2e1f4560b903fb6275e481a done
#11 DONE 0.0s

#12 [myb-docmanager base 2/2] WORKDIR /app
#12 CACHED

#13 [myb-docmanager final 1/2] WORKDIR /app
#13 CACHED

#14 [myb-usermanager internal] load build context
#14 transferring context: 6.70kB 0.0s done
#14 DONE 0.0s

#15 [myb-notification internal] load build context
#15 transferring context: 22.43kB 0.0s done
#15 DONE 0.0s

#16 [myb-usermanager build  4/11] COPY [src/services/user-manager/Myb.UserManager.Models/Myb.UserManager.Models.csproj, src/services/user-manager/Myb.UserManager.Models/]
#16 CACHED

#17 [myb-usermanager build  5/11] COPY [src/services/user-manager/Myb.UserManager.Sevices/Myb.UserManager.Sevices.csproj, src/services/user-manager/Myb.UserManager.Sevices/]
#17 CACHED

#18 [myb-usermanager build  3/11] COPY [src/services/user-manager/Myb.UserManager/Myb.UserManager.csproj, src/services/user-manager/Myb.UserManager/]
#18 CACHED

#19 [myb-usermanager build  6/11] COPY [src/services/user-manager/Myb.UserManager.Data/Myb.UserManager.Data.csproj, src/services/user-manager/Myb.UserManager.Data/]
#19 CACHED

#20 [myb-docmanager internal] load build context
#20 transferring context: 67.48kB 0.0s done
#20 DONE 0.0s

#21 [myb-notification build 3/8] COPY [src/services/notification-service/Myb.Notification/Myb.Notification.csproj, src/services/notification-service/Myb.Notification/]
#21 CACHED

#22 [myb-coproperty internal] load build context
#22 transferring context: 19.11kB 0.0s done
#22 DONE 0.0s

#23 [myb-docmanager build  6/24] COPY [src/common/Myb.Common.Authentification/Myb.Common.Authentification.csproj, src/common/Myb.Common.Authentification/]
#23 CACHED

#24 [myb-docmanager build  3/24] COPY [src/services/document-management/Myb.Document/Myb.Document.csproj, src/services/document-management/Myb.Document/]
#24 CACHED

#25 [myb-docmanager build  9/24] COPY [src/common/Myb.Common.Stripe/Myb.Common.Stripe.csproj, src/common/Myb.Common.Stripe/]
#25 CACHED

#26 [myb-docmanager build 11/24] COPY [src/services/document-management/Myb.Document.Infra/Myb.Document.Infra.csproj, src/services/document-management/Myb.Document.Infra/]
#26 CACHED

#27 [myb-docmanager build 12/24] COPY [src/services/document-management/Myb.document.Model/Myb.document.Model.csproj, src/services/document-management/Myb.document.Model/]
#27 CACHED

#28 [myb-docmanager build  8/24] COPY [src/common/Myb.Common.Utils/Myb.Common.Utils.csproj, src/common/Myb.Common.Utils/]
#28 CACHED

#29 [myb-docmanager build 10/24] COPY [src/services/document-management/Myb.Document.EntityFrameWork.Infra/Myb.Document.EntityFrameWork.Infra.csproj, src/services/document-management/Myb.Document.EntityFrameWork.Infra/]
#29 CACHED

#30 [myb-docmanager build 13/24] COPY [src/services/document-management/Myb.Document.Services/Myb.Document.Services.csproj, src/services/document-management/Myb.Document.Services/]
#30 CACHED

#31 [myb-docmanager build  4/24] COPY [src/common/Myb.Common.Models/Myb.Common.Models.csproj, src/common/Myb.Common.Models/]
#31 CACHED

#32 [myb-docmanager build 15/24] COPY [src/services/user-manager/Myb.UserManager.EntityFrameWork.Infra/Myb.UserManager.EntityFrameWork.Infra.csproj, src/services/user-manager/Myb.UserManager.EntityFrameWork.Infra/]
#32 CACHED

#33 [myb-docmanager build 16/24] COPY [src/services/user-manager/Myb.UserManager.Infra/Myb.UserManager.Infra.csproj, src/services/user-manager/Myb.UserManager.Infra/]
#33 CACHED

#34 [myb-docmanager build  5/24] COPY [src/common/Myb.Common.Repositories/Myb.Common.Repositories.csproj, src/common/Myb.Common.Repositories/]
#34 CACHED

#35 [myb-docmanager build 14/24] COPY [src/services/user-manager/Myb.UserManager.Models/Myb.UserManager.Models.csproj, src/services/user-manager/Myb.UserManager.Models/]
#35 CACHED

#36 [myb-docmanager build  7/24] COPY [src/common/Myb.Common.GraphQL.Infra/Myb.Common.GraphQL.Infra.csproj, src/common/Myb.Common.GraphQL.Infra/]
#36 CACHED

#37 [myb-docmanager build 17/24] COPY [src/services/time-sheet/Myb.Timesheet.Infra/Myb.Timesheet.Infra.csproj, src/services/time-sheet/Myb.Timesheet.Infra/]
#37 CACHED

#38 [myb-coproperty build  9/17] COPY [src/services/user-manager/Myb.UserManager.Models/Myb.UserManager.Models.csproj, src/services/user-manager/Myb.UserManager.Models/]
#38 CACHED

#39 [myb-coproperty build  2/17] WORKDIR /src
#39 CACHED

#40 [myb-coproperty build  5/17] COPY [src/common/Myb.Common.Repositories/Myb.Common.Repositories.csproj, src/common/Myb.Common.Repositories/]
#40 CACHED

#41 [myb-coproperty build  4/17] COPY [src/common/Myb.Common.Models/Myb.Common.Models.csproj, src/common/Myb.Common.Models/]
#41 CACHED

#42 [myb-coproperty build  3/17] COPY [src/services/coproperty-management/Myb.Coproperty/Myb.Coproperty.csproj, src/services/coproperty-management/Myb.Coproperty/]
#42 CACHED

#43 [myb-coproperty build  8/17] COPY [src/common/Myb.Common.Utils/Myb.Common.Utils.csproj, src/common/Myb.Common.Utils/]
#43 CACHED

#44 [myb-coproperty build  7/17] COPY [src/common/Myb.Common.GraphQL.Infra/Myb.Common.GraphQL.Infra.csproj, src/common/Myb.Common.GraphQL.Infra/]
#44 CACHED

#45 [myb-coproperty build  6/17] COPY [src/common/Myb.Common.Authentification/Myb.Common.Authentification.csproj, src/common/Myb.Common.Authentification/]
#45 CACHED

#46 [myb-coproperty build 10/17] COPY [src/services/time-sheet/Myb.Timesheet.Infra/Myb.Timesheet.Infra.csproj, src/services/time-sheet/Myb.Timesheet.Infra/]
#46 CACHED

#47 [myb-timesheet internal] load build context
#47 ...

#48 [myb-docmanager build 18/24] RUN dotnet restore "src/services/document-management/Myb.Document/Myb.Document.csproj"
#48 0.709   Determining projects to restore...
#48 1.025 /src/src/services/document-management/Myb.Document.EntityFrameWork.Infra/Myb.Document.EntityFrameWork.Infra.csproj(15,31): error MSB4025: The project file could not be loaded. '\' is an unexpected token. The expected token is '"' or '''. Line 15, position 31.
#48 1.257   Skipping project "/src/src/services/user-manager/Myb.UserManager.Sevices/Myb.UserManager.Sevices.csproj" because it was not found.
#48 1.285   Skipping project "/src/src/services/time-sheet/Myb.Timesheet.Models/Myb.Timesheet.Models.csproj" because it was not found.
#48 1.285   Skipping project "/src/src/services/time-sheet/Myb.Timesheet.Services/Myb.Timesheet.Services.csproj" because it was not found.
#48 1.528 /src/src/services/document-management/Myb.Document.EntityFrameWork.Infra/Myb.Document.EntityFrameWork.Infra.csproj(15,31): error MSB4025: The project file could not be loaded. '\' is an unexpected token. The expected token is '"' or '''. Line 15, position 31.
#48 ERROR: process "/bin/sh -c dotnet restore \"src/services/document-management/Myb.Document/Myb.Document.csproj\"" did not complete successfully: exit code: 1

#47 [myb-timesheet internal] load build context
#47 transferring context: 19.99MB 1.7s done
#47 CANCELED

#49 [myb-coproperty build 11/17] RUN dotnet restore "src/services/coproperty-management/Myb.Coproperty/Myb.Coproperty.csproj"
#49 0.761   Determining projects to restore...
#49 CANCELED

#50 [myb-notification build 4/8] RUN dotnet restore "./src/services/notification-service/Myb.Notification/./Myb.Notification.csproj"
#50 0.691   Determining projects to restore...
#50 0.697   Skipping project "/src/src/common/Myb.Common.Repositories/Myb.Common.Repositories.csproj" because it was not found.
#50 0.699   Skipping project "/src/src/common/Myb.Common.Repositories/Myb.Common.Repositories.csproj" because it was not found.
#50 1.052 /src/src/services/notification-service/Myb.Notification/Myb.Notification.csproj : warning NU1510: PackageReference Microsoft.AspNetCore.SignalR will not be pruned. Consider removing this package from your dependencies, as it is likely unnecessary.
#50 CANCELED

#51 [myb-usermanager build  7/11] RUN dotnet restore "./src/services/user-manager/Myb.UserManager/./Myb.UserManager.csproj"
#51 0.785   Determining projects to restore...
#51 0.789   Skipping project "/src/src/common/Myb.Common.Authentification/Myb.Common.Authentification.csproj" because it was not found.
#51 0.791   Skipping project "/src/src/common/Myb.Common.GraphQL.Infra/Myb.Common.GraphQL.Infra.csproj" because it was not found.
#51 0.791   Skipping project "/src/src/services/user-manager/Myb.UserManager.Infra/Myb.UserManager.Infra.csproj" because it was not found.
#51 0.819   Skipping project "/src/src/common/Myb.Common.Models/Myb.Common.Models.csproj" because it was not found.
#51 1.285   Skipping project "/src/src/common/Myb.Common.Authentification/Myb.Common.Authentification.csproj" because it was not found.
#51 1.285   Skipping project "/src/src/common/Myb.Common.Repositories/Myb.Common.Repositories.csproj" because it was not found.
#51 1.285   Skipping project "/src/src/services/user-manager/Myb.UserManager.EntityFrameWork.Infra/Myb.UserManager.EntityFrameWork.Infra.csproj" because it was not found.
#51 1.315   Skipping project "/src/src/common/Myb.Common.Authentification/Myb.Common.Authentification.csproj" because it was not found.
#51 1.315   Skipping project "/src/src/common/Myb.Common.GraphQL.Infra/Myb.Common.GraphQL.Infra.csproj" because it was not found.
#51 1.316   Skipping project "/src/src/services/user-manager/Myb.UserManager.Infra/Myb.UserManager.Infra.csproj" because it was not found.
#51 1.316   Skipping project "/src/src/common/Myb.Common.Models/Myb.Common.Models.csproj" because it was not found.
#51 1.317   Skipping project "/src/src/common/Myb.Common.Repositories/Myb.Common.Repositories.csproj" because it was not found.
#51 1.317   Skipping project "/src/src/services/user-manager/Myb.UserManager.EntityFrameWork.Infra/Myb.UserManager.EntityFrameWork.Infra.csproj" because it was not found.
#51 1.630 /src/src/services/user-manager/Myb.UserManager/Myb.UserManager.csproj : warning NU1510: PackageReference Microsoft.AspNetCore.Authentication will not be pruned. Consider removing this package from your dependencies, as it is likely unnecessary.
#51 CANCELED
------
 > [myb-docmanager build 18/24] RUN dotnet restore "src/services/document-management/Myb.Document/Myb.Document.csproj":
0.709   Determining projects to restore...
1.025 /src/src/services/document-management/Myb.Document.EntityFrameWork.Infra/Myb.Document.EntityFrameWork.Infra.csproj(15,31): error MSB4025: The project file could not be loaded. '\' is an unexpected token. The expected token is '"' or '''. Line 15, position 31.
1.257   Skipping project "/src/src/services/user-manager/Myb.UserManager.Sevices/Myb.UserManager.Sevices.csproj" because it was not found.
1.285   Skipping project "/src/src/services/time-sheet/Myb.Timesheet.Models/Myb.Timesheet.Models.csproj" because it was not found.
1.285   Skipping project "/src/src/services/time-sheet/Myb.Timesheet.Services/Myb.Timesheet.Services.csproj" because it was not found.
1.528 /src/src/services/document-management/Myb.Document.EntityFrameWork.Infra/Myb.Document.EntityFrameWork.Infra.csproj(15,31): error MSB4025: The project file could not be loaded. '\' is an unexpected token. The expected token is '"' or '''. Line 15, position 31.
------
Dockerfile:34

--------------------

  32 |     

  33 |     # Restore dependencies (cached unless csproj changes)

  34 | >>> RUN dotnet restore "src/services/document-management/Myb.Document/Myb.Document.csproj"

  35 |     

  36 |     # Copy all source code

--------------------

target myb-docmanager: failed to solve: process "/bin/sh -c dotnet restore \"src/services/document-management/Myb.Document/Myb.Document.csproj\"" did not complete successfully: exit code: 1

time="2026-01-14T21:57:50+01:00" level=warning msg="/Users/macbook/Workspace/myb/docker-compose.yml: the attribute `version` is obsolete, it will be ignored, please remove it to avoid potential confusion"
 Image myb-myb-timesheet Building 
 Image myb-myb-invoice Building 
 Image myb-myb-docmanager Building 
 Image myb-myb-front Building 
#1 [internal] load local bake definitions
#1 reading from stdin 2.02kB done
#1 DONE 0.0s

#2 [myb-invoice internal] load build definition from Dockerfile
#2 transferring dockerfile: 2.87kB done
#2 DONE 0.0s

#3 [myb-docmanager internal] load build definition from Dockerfile
#3 transferring dockerfile: 3.22kB done
#3 DONE 0.0s

#4 [myb-timesheet internal] load build definition from Dockerfile
#4 transferring dockerfile: 819B done
#4 DONE 0.0s

#5 [myb-invoice internal] load metadata for mcr.microsoft.com/dotnet/sdk:10.0
#5 DONE 0.1s

#6 [myb-docmanager internal] load metadata for mcr.microsoft.com/dotnet/aspnet:10.0
#6 DONE 0.1s

#7 [myb-docmanager internal] load .dockerignore
#7 transferring context: 674B done
#7 DONE 0.0s

#8 [myb-timesheet build 1/7] FROM mcr.microsoft.com/dotnet/sdk:10.0@sha256:25d14b400b75fa4e89d5bd4487a92a604a4e409ab65becb91821e7dc4ac7f81f
#8 resolve mcr.microsoft.com/dotnet/sdk:10.0@sha256:25d14b400b75fa4e89d5bd4487a92a604a4e409ab65becb91821e7dc4ac7f81f done
#8 DONE 0.0s

#9 [myb-invoice base 1/2] FROM mcr.microsoft.com/dotnet/aspnet:10.0@sha256:1aacc8154bc3071349907dae26849df301188be1a2e1f4560b903fb6275e481a
#9 resolve mcr.microsoft.com/dotnet/aspnet:10.0@sha256:1aacc8154bc3071349907dae26849df301188be1a2e1f4560b903fb6275e481a 0.0s done
#9 DONE 0.0s

#10 [myb-invoice base 2/2] WORKDIR /app
#10 CACHED

#11 [myb-invoice final 1/2] WORKDIR /app
#11 CACHED

#12 [myb-docmanager internal] load build context
#12 transferring context: 16.03kB 0.0s done
#12 DONE 0.0s

#13 [myb-docmanager build 14/24] COPY [src/services/user-manager/Myb.UserManager.Models/Myb.UserManager.Models.csproj, src/services/user-manager/Myb.UserManager.Models/]
#13 CACHED

#14 [myb-docmanager build  7/24] COPY [src/common/Myb.Common.GraphQL.Infra/Myb.Common.GraphQL.Infra.csproj, src/common/Myb.Common.GraphQL.Infra/]
#14 CACHED

#15 [myb-docmanager build 10/24] COPY [src/services/document-management/Myb.Document.EntityFrameWork.Infra/Myb.Document.EntityFrameWork.Infra.csproj, src/services/document-management/Myb.Document.EntityFrameWork.Infra/]
#15 CACHED

#16 [myb-docmanager build 16/24] COPY [src/services/user-manager/Myb.UserManager.Infra/Myb.UserManager.Infra.csproj, src/services/user-manager/Myb.UserManager.Infra/]
#16 CACHED

#17 [myb-docmanager build 13/24] COPY [src/services/document-management/Myb.Document.Services/Myb.Document.Services.csproj, src/services/document-management/Myb.Document.Services/]
#17 CACHED

#18 [myb-docmanager build 15/24] COPY [src/services/user-manager/Myb.UserManager.EntityFrameWork.Infra/Myb.UserManager.EntityFrameWork.Infra.csproj, src/services/user-manager/Myb.UserManager.EntityFrameWork.Infra/]
#18 CACHED

#19 [myb-docmanager build  4/24] COPY [src/common/Myb.Common.Models/Myb.Common.Models.csproj, src/common/Myb.Common.Models/]
#19 CACHED

#20 [myb-docmanager build  5/24] COPY [src/common/Myb.Common.Repositories/Myb.Common.Repositories.csproj, src/common/Myb.Common.Repositories/]
#20 CACHED

#21 [myb-docmanager build 12/24] COPY [src/services/document-management/Myb.document.Model/Myb.document.Model.csproj, src/services/document-management/Myb.document.Model/]
#21 CACHED

#22 [myb-docmanager build  9/24] COPY [src/common/Myb.Common.Stripe/Myb.Common.Stripe.csproj, src/common/Myb.Common.Stripe/]
#22 CACHED

#23 [myb-docmanager build  6/24] COPY [src/common/Myb.Common.Authentification/Myb.Common.Authentification.csproj, src/common/Myb.Common.Authentification/]
#23 CACHED

#24 [myb-docmanager build 11/24] COPY [src/services/document-management/Myb.Document.Infra/Myb.Document.Infra.csproj, src/services/document-management/Myb.Document.Infra/]
#24 CACHED

#25 [myb-docmanager build  3/24] COPY [src/services/document-management/Myb.Document/Myb.Document.csproj, src/services/document-management/Myb.Document/]
#25 CACHED

#26 [myb-docmanager build  8/24] COPY [src/common/Myb.Common.Utils/Myb.Common.Utils.csproj, src/common/Myb.Common.Utils/]
#26 CACHED

#27 [myb-docmanager build 17/24] COPY [src/services/time-sheet/Myb.Timesheet.Infra/Myb.Timesheet.Infra.csproj, src/services/time-sheet/Myb.Timesheet.Infra/]
#27 CACHED

#28 [myb-invoice internal] load build context
#28 transferring context: 183.56kB 0.0s done
#28 DONE 0.0s

#29 [myb-invoice build  4/22] COPY [src/common/Myb.Common.Models/Myb.Common.Models.csproj, src/common/Myb.Common.Models/]
#29 CACHED

#30 [myb-invoice build  3/22] COPY [src/services/invoice-management/Myb.Invoice/Myb.Invoice.csproj, src/services/invoice-management/Myb.Invoice/]
#30 CACHED

#31 [myb-invoice build 14/22] COPY [src/services/user-manager/Myb.UserManager.Models/Myb.UserManager.Models.csproj, src/services/user-manager/Myb.UserManager.Models/]
#31 CACHED

#32 [myb-invoice build  8/22] COPY [src/common/Myb.Common.Utils/Myb.Common.Utils.csproj, src/common/Myb.Common.Utils/]
#32 CACHED

#33 [myb-invoice build  5/22] COPY [src/common/Myb.Common.Repositories/Myb.Common.Repositories.csproj, src/common/Myb.Common.Repositories/]
#33 CACHED

#34 [myb-invoice build 10/22] COPY [src/services/invoice-management/Myb.Invoice.EntityFrameWork.Infra/Myb.Invoice.EntityFrameWork.Infra.csproj, src/services/invoice-management/Myb.Invoice.EntityFrameWork.Infra/]
#34 CACHED

#35 [myb-invoice build 2/7] WORKDIR /src
#35 CACHED

#36 [myb-invoice build 12/22] COPY [src/services/invoice-management/Myb.Invoice.Models/Myb.Invoice.Models.csproj, src/services/invoice-management/Myb.Invoice.Models/]
#36 CACHED

#37 [myb-invoice build  6/22] COPY [src/common/Myb.Common.Authentification/Myb.Common.Authentification.csproj, src/common/Myb.Common.Authentification/]
#37 CACHED

#38 [myb-invoice build 11/22] COPY [src/services/invoice-management/Myb.Invoice.Infra/Myb.Invoice.Infra.csproj, src/services/invoice-management/Myb.Invoice.Infra/]
#38 CACHED

#39 [myb-invoice build  9/22] COPY [src/common/Myb.Common.Stripe/Myb.Common.Stripe.csproj, src/common/Myb.Common.Stripe/]
#39 CACHED

#40 [myb-invoice build 13/22] COPY [src/services/invoice-management/Myb.Invoice.Services/Myb.Invoice.Services.csproj, src/services/invoice-management/Myb.Invoice.Services/]
#40 CACHED

#41 [myb-invoice build  7/22] COPY [src/common/Myb.Common.GraphQL.Infra/Myb.Common.GraphQL.Infra.csproj, src/common/Myb.Common.GraphQL.Infra/]
#41 CACHED

#42 [myb-invoice build 15/22] COPY [src/services/time-sheet/Myb.Timesheet.Infra/Myb.Timesheet.Infra.csproj, src/services/time-sheet/Myb.Timesheet.Infra/]
#42 CACHED

#43 [myb-timesheet internal] load build context
#43 ...

#44 [myb-docmanager build 18/24] RUN dotnet restore "src/services/document-management/Myb.Document/Myb.Document.csproj"
#44 0.475   Determining projects to restore...
#44 0.733 /src/src/services/document-management/Myb.Document.EntityFrameWork.Infra/Myb.Document.EntityFrameWork.Infra.csproj(15,31): error MSB4025: The project file could not be loaded. '\' is an unexpected token. The expected token is '"' or '''. Line 15, position 31.
#44 1.081   Skipping project "/src/src/services/user-manager/Myb.UserManager.Sevices/Myb.UserManager.Sevices.csproj" because it was not found.
#44 1.098 /src/src/services/document-management/Myb.Document.EntityFrameWork.Infra/Myb.Document.EntityFrameWork.Infra.csproj(15,31): error MSB4025: The project file could not be loaded. '\' is an unexpected token. The expected token is '"' or '''. Line 15, position 31.
#44 1.157   Skipping project "/src/src/services/time-sheet/Myb.Timesheet.Models/Myb.Timesheet.Models.csproj" because it was not found.
#44 1.157   Skipping project "/src/src/services/time-sheet/Myb.Timesheet.Services/Myb.Timesheet.Services.csproj" because it was not found.
#44 ERROR: process "/bin/sh -c dotnet restore \"src/services/document-management/Myb.Document/Myb.Document.csproj\"" did not complete successfully: exit code: 1

#43 [myb-timesheet internal] load build context
#43 transferring context: 19.99MB 1.4s done
#43 CANCELED

#45 [myb-invoice build 16/22] RUN dotnet restore "src/services/invoice-management/Myb.Invoice/Myb.Invoice.csproj"
#45 0.487   Determining projects to restore...
#45 1.145   Skipping project "/src/src/services/time-sheet/Myb.Timesheet.Models/Myb.Timesheet.Models.csproj" because it was not found.
#45 1.145   Skipping project "/src/src/services/time-sheet/Myb.Timesheet.Services/Myb.Timesheet.Services.csproj" because it was not found.
#45 1.189   Skipping project "/src/src/services/time-sheet/Myb.Timesheet.Models/Myb.Timesheet.Models.csproj" because it was not found.
#45 1.189   Skipping project "/src/src/services/time-sheet/Myb.Timesheet.Services/Myb.Timesheet.Services.csproj" because it was not found.
#45 CANCELED
------
 > [myb-docmanager build 18/24] RUN dotnet restore "src/services/document-management/Myb.Document/Myb.Document.csproj":
0.475   Determining projects to restore...
0.733 /src/src/services/document-management/Myb.Document.EntityFrameWork.Infra/Myb.Document.EntityFrameWork.Infra.csproj(15,31): error MSB4025: The project file could not be loaded. '\' is an unexpected token. The expected token is '"' or '''. Line 15, position 31.
1.081   Skipping project "/src/src/services/user-manager/Myb.UserManager.Sevices/Myb.UserManager.Sevices.csproj" because it was not found.
1.098 /src/src/services/document-management/Myb.Document.EntityFrameWork.Infra/Myb.Document.EntityFrameWork.Infra.csproj(15,31): error MSB4025: The project file could not be loaded. '\' is an unexpected token. The expected token is '"' or '''. Line 15, position 31.
1.157   Skipping project "/src/src/services/time-sheet/Myb.Timesheet.Models/Myb.Timesheet.Models.csproj" because it was not found.
1.157   Skipping project "/src/src/services/time-sheet/Myb.Timesheet.Services/Myb.Timesheet.Services.csproj" because it was not found.
------
Dockerfile:34

--------------------

  32 |     

  33 |     # Restore dependencies (cached unless csproj changes)

  34 | >>> RUN dotnet restore "src/services/document-management/Myb.Document/Myb.Document.csproj"

  35 |     

  36 |     # Copy all source code

--------------------

target myb-docmanager: failed to solve: process "/bin/sh -c dotnet restore \"src/services/document-management/Myb.Document/Myb.Document.csproj\"" did not complete successfully: exit code: 1

