[0;34m================================[0m
[0;34mMYB - Full Deployment[0m
[0;34m================================[0m

[0;36m─── Checking Docker Installation ───[0m
[0;32m✓ Docker is installed and running[0m
Docker version 29.1.3, build f52814d

[0;36m─── Checking for Duplicate Images ───[0m
[0;32m✓ No duplicate images found[0m

[0;36m─── Current MYB Images ───[0m
[0;34mℹ No MYB images found[0m

[0;36m─── Checking Required Files ───[0m
[0;32m✓ Found: docker-compose.yml[0m
[0;32m✓ Found: src/front/myb.front/Dockerfile[0m
[0;32m✓ Found: src/front/myb.front/nginx.conf[0m

[0;36m─── Checking Environment Configuration ───[0m
[0;32m✓ Found .env file[0m

[0;36m─── Stopping & Removing MYB Containers ───[0m
[0;32m✓ Containers stopped and removed[0m

[0;36m─── Building Frontend (Angular Nx Workspace) ───[0m
[0;34mℹ Dependencies up to date, skipping npm install[0m
[0;34mℹ Building client app (with cache)...[0m

 >  NX   Running target build for project client and 1 task it depends on:

 

> nx run auth:build  [existing outputs match the cache, left as is]


> nx run client:build:production

(node:18242) [DEP0060] DeprecationWarning: The `util._extend` API is deprecated. Please use Object.assign() instead.
(Use `node --trace-deprecation ...` to show where the warning was created)
- Generating browser application bundles (phase: setup)...
[32m✔[39m Browser application bundle generation complete.
[32m✔[39m Browser application bundle generation complete.
- Copying assets...
[32m✔[39m Copying assets complete.
- Generating index html...
- Generating index html...
[1m[33mUnable to locate stylesheet: /Users/macbook/Workspace/myb/src/front/myb.front/dist/apps/client/css/styles.min.css[39m[22m
[1m[33m1 rules skipped due to selector errors:[39m[22m
[1m[33m  .form-floating>~label -> Did not expect successive traversals.[39m[22m
[32m✔[39m Index html generation complete.
[37m[0m[0m[39m
[37m[0m[1mInitial chunk files[22m          [2m | [22m[1mNames[22m                      [2m | [22m [1mRaw size[22m[2m | [22m[1mEstimated transfer size[22m[0m[39m
[37m[0m[32mmain.1fbfd2cc36474b5e.js[39m[37m     [2m | [22m[2mmain[22m                       [2m | [22m  [36m1.29 MB[39m[37m[2m | [22m              [36m263.14 kB[39m[37m[0m[39m
[37m[0m[32mstyles.87870c781da83576.css[39m[37m  [2m | [22m[2mstyles[22m                     [2m | [22m[36m229.50 kB[39m[37m[2m | [22m               [36m22.64 kB[39m[37m[0m[39m
[37m[0m[32mpolyfills.5692fea145d372a2.js[39m[37m[2m | [22m[2mpolyfills[22m                  [2m | [22m [36m33.98 kB[39m[37m[2m | [22m               [36m11.08 kB[39m[37m[0m[39m
[37m[0m[32mruntime.309f7e99743117e9.js[39m[37m  [2m | [22m[2mruntime[22m                    [2m | [22m  [36m2.75 kB[39m[37m[2m | [22m                [36m1.33 kB[39m[37m[0m[39m
[37m[0m[0m[39m
[37m[0m[1m [22m                            [2m | [22m[1mInitial total[22m              [2m | [22m  [1m[93m1.55 MB[39m[37m[22m[2m | [22m              [1m298.20 kB[22m[0m[39m
[37m[0m[0m[39m
[37m[0m[1mLazy chunk files[22m             [2m | [22m[1mNames[22m                      [2m | [22m [1mRaw size[22m[2m | [22m[1mEstimated transfer size[22m[0m[39m
[37m[0m[32m377.e26478c401f964e5.js[39m[37m      [2m | [22m[2mmyb-front-coproperty-module[22m[2m | [22m[36m114.12 kB[39m[37m[2m | [22m               [36m13.62 kB[39m[37m[0m[39m
[37m[0m[32m729.4ab9af3c403ae2c0.js[39m[37m      [2m | [22m[2mmyb-front-time-sheet-module[22m[2m | [22m [36m97.61 kB[39m[37m[2m | [22m               [36m17.88 kB[39m[37m[0m[39m
[37m[0m[32m270.5deaf9a89e35caaa.js[39m[37m      [2m | [22m[2mmyb-front-invoice-module[22m   [2m | [22m [36m97.17 kB[39m[37m[2m | [22m               [36m12.36 kB[39m[37m[0m[39m
[37m[0m[32m512.d3a7b4111ae9b1b6.js[39m[37m      [2m | [22m[2mmyb-front-invoice-module[22m   [2m | [22m [36m43.08 kB[39m[37m[2m | [22m                [36m9.00 kB[39m[37m[0m[39m
[37m[0m[32mcommon.c3bbeca99608fc18.js[39m[37m   [2m | [22m[2mcommon[22m          [39m[37m           [2m | [22m[36m187 bytes[39m[37m[2m | [22m              [36m126 bytes[39m[37m[0m[39m
[37m[0m[0m[39m
[37m[0mBuild at: [1m[37m2026-01-14T22:37:09.363Z[39m[37m[22m - Hash: [1m[37m17734477f8c24afb[39m[37m[22m - Time: [1m[37m4560[39m[37m[22mms[0m[39m
[1m[33m[39m[22m
[1m[33m[0m[33mWarning: [39m[33m[0m/Users/macbook/Workspace/myb/src/front/myb.front/node_modules/keycloak-js/dist/keycloak.mjs depends on 'js-sha256'. CommonJS or AMD dependencies can cause optimization bailouts.[39m[22m
[1m[33mFor more info see: https://angular.io/guide/build#configuring-commonjs-dependencies[39m[22m
[1m[33m[39m[22m
[1m[33m[0m[33mWarning: [39m[33m[0mbundle initial exceeded maximum budget. Budget 1.50 MB was not met by 47.11 kB with a total of 1.55 MB.[39m[22m
[1m[33m[39m[22m
[1m[33m[39m[22m

 

 >  NX   Successfully ran target build for project client and 1 task it depends on

   Nx read the output from the cache instead of running the command for 1 out of 2 tasks.


 >  NX   Nx Cloud encountered some problems

   This workspace is more than three days old and is not connected. Workspaces must be connected within 3 days of creation. Claim your workspace at https://cloud.nx.app. (code: 401)

[0;32m✓ Frontend build completed successfully[0m

[0;36m─── Building Docker Images ───[0m
[0;34mℹ Force rebuild enabled - using --no-cache[0m
time="2026-01-14T23:37:09+01:00" level=warning msg="/Users/macbook/Workspace/myb/docker-compose.yml: the attribute `version` is obsolete, it will be ignored, please remove it to avoid potential confusion"
 Image myb-myb-timesheet Building 
 Image myb-myb-usermanager Building 
 Image myb-myb-invoice Building 
 Image myb-myb-notification Building 
 Image myb-myb-docmanager Building 
 Image myb-myb-payment Building 
 Image myb-myb-front Building 
 Image myb-myb-coproperty Building 
#1 [internal] load local bake definitions
#1 reading from stdin 4.19kB done
#1 DONE 0.0s

#2 [myb-coproperty internal] load build definition from Dockerfile
#2 transferring dockerfile: 2.15kB done
#2 DONE 0.0s

#3 [myb-front internal] load build definition from Dockerfile
#3 transferring dockerfile: 934B done
#3 DONE 0.0s

#4 [myb-notification internal] load build definition from Dockerfile
#4 transferring dockerfile: 1.26kB done
#4 DONE 0.0s

#5 [myb-invoice internal] load build definition from Dockerfile
#5 transferring dockerfile: 2.87kB done
#5 DONE 0.0s

#6 [myb-docmanager internal] load build definition from Dockerfile
#6 transferring dockerfile: 3.22kB done
#6 DONE 0.0s

#7 [myb-timesheet internal] load build definition from Dockerfile
#7 transferring dockerfile: 819B done
#7 DONE 0.0s

#8 [myb-payment internal] load build definition from Dockerfile
#8 transferring dockerfile: 1.73kB done
#8 DONE 0.0s

#9 [myb-usermanager internal] load build definition from Dockerfile
#9 transferring dockerfile: 1.63kB done
#9 DONE 0.0s

#10 [myb-usermanager internal] load metadata for mcr.microsoft.com/dotnet/sdk:10.0
#10 DONE 0.6s

#11 [myb-payment internal] load metadata for mcr.microsoft.com/dotnet/aspnet:10.0
#11 DONE 0.6s

#12 [myb-invoice internal] load .dockerignore
#12 transferring context: 674B done
#12 DONE 0.0s

#13 [myb-docmanager build  1/11] FROM mcr.microsoft.com/dotnet/sdk:10.0@sha256:25d14b400b75fa4e89d5bd4487a92a604a4e409ab65becb91821e7dc4ac7f81f
#13 resolve mcr.microsoft.com/dotnet/sdk:10.0@sha256:25d14b400b75fa4e89d5bd4487a92a604a4e409ab65becb91821e7dc4ac7f81f 0.0s done
#13 DONE 0.0s

#14 [myb-timesheet build  2/11] WORKDIR /src
#14 CACHED

#15 [myb-invoice base 1/2] FROM mcr.microsoft.com/dotnet/aspnet:10.0@sha256:1aacc8154bc3071349907dae26849df301188be1a2e1f4560b903fb6275e481a
#15 resolve mcr.microsoft.com/dotnet/aspnet:10.0@sha256:1aacc8154bc3071349907dae26849df301188be1a2e1f4560b903fb6275e481a 0.0s done
#15 DONE 0.0s

#16 [myb-docmanager base 2/2] WORKDIR /app
#16 CACHED

#17 [myb-docmanager final 1/2] WORKDIR /app
#17 CACHED

#18 [myb-usermanager base 2/2] WORKDIR /app
#18 CACHED

#19 [myb-usermanager final 1/2] WORKDIR /app
#19 CACHED

#20 [myb-usermanager internal] load build context
#20 transferring context: 17.99kB done
#20 DONE 0.0s

#21 [myb-docmanager internal] load build context
#21 transferring context: 38.87kB 0.0s done
#21 DONE 0.0s

#22 [myb-notification internal] load build context
#22 transferring context: 27.48kB 0.0s done
#22 DONE 0.0s

#23 [myb-payment internal] load build context
#23 transferring context: 37.29kB 0.0s done
#23 DONE 0.0s

#24 [myb-invoice internal] load build context
#24 transferring context: 38.15kB 0.0s done
#24 DONE 0.0s

#25 [myb-coproperty internal] load build context
#25 transferring context: 304.69kB 0.0s done
#25 DONE 0.0s

#26 [myb-usermanager build  3/11] COPY [src/services/user-manager/Myb.UserManager/Myb.UserManager.csproj, src/services/user-manager/Myb.UserManager/]
#26 DONE 0.0s

#27 [myb-invoice build  3/22] COPY [src/services/invoice-management/Myb.Invoice/Myb.Invoice.csproj, src/services/invoice-management/Myb.Invoice/]
#27 DONE 0.1s

#28 [myb-docmanager build  3/24] COPY [src/services/document-management/Myb.Document/Myb.Document.csproj, src/services/document-management/Myb.Document/]
#28 DONE 0.0s

#29 [myb-coproperty build  3/17] COPY [src/services/coproperty-management/Myb.Coproperty/Myb.Coproperty.csproj, src/services/coproperty-management/Myb.Coproperty/]
#29 DONE 0.1s

#30 [myb-notification build 3/8] COPY [src/services/notification-service/Myb.Notification/Myb.Notification.csproj, src/services/notification-service/Myb.Notification/]
#30 DONE 0.1s

#31 [myb-payment build  3/11] COPY [src/services/payment-service/Myb.Payment/Myb.Payment.csproj, src/services/payment-service/Myb.Payment/]
#31 DONE 0.1s

#32 [myb-usermanager build  4/11] COPY [src/services/user-manager/Myb.UserManager.Models/Myb.UserManager.Models.csproj, src/services/user-manager/Myb.UserManager.Models/]
#32 DONE 0.1s

#33 [myb-docmanager build  4/24] COPY [src/common/Myb.Common.Models/Myb.Common.Models.csproj, src/common/Myb.Common.Models/]
#33 DONE 0.1s

#34 [myb-coproperty build  4/17] COPY [src/common/Myb.Common.Models/Myb.Common.Models.csproj, src/common/Myb.Common.Models/]
#34 DONE 0.0s

#35 [myb-invoice build  4/22] COPY [src/common/Myb.Common.Models/Myb.Common.Models.csproj, src/common/Myb.Common.Models/]
#35 DONE 0.0s

#36 [myb-payment build  4/11] COPY [src/common/Myb.Common.Authentification/Myb.Common.Authentification.csproj, src/common/Myb.Common.Authentification/]
#36 DONE 0.0s

#37 [myb-invoice build  5/22] COPY [src/common/Myb.Common.Repositories/Myb.Common.Repositories.csproj, src/common/Myb.Common.Repositories/]
#37 DONE 0.0s

#38 [myb-usermanager build  5/11] COPY [src/services/user-manager/Myb.UserManager.Sevices/Myb.UserManager.Sevices.csproj, src/services/user-manager/Myb.UserManager.Sevices/]
#38 DONE 0.0s

#39 [myb-docmanager build  5/24] COPY [src/common/Myb.Common.Repositories/Myb.Common.Repositories.csproj, src/common/Myb.Common.Repositories/]
#39 DONE 0.0s

#40 [myb-coproperty build  5/17] COPY [src/common/Myb.Common.Repositories/Myb.Common.Repositories.csproj, src/common/Myb.Common.Repositories/]
#40 DONE 0.0s

#41 [myb-usermanager build  6/11] COPY [src/services/user-manager/Myb.UserManager.Data/Myb.UserManager.Data.csproj, src/services/user-manager/Myb.UserManager.Data/]
#41 DONE 0.0s

#42 [myb-payment build  5/11] COPY [src/services/payment-service/Myb.Payment.EntityFrameWork.Infra/Myb.Payment.EntityFrameWork.Infra.csproj, src/services/payment-service/Myb.Payment.EntityFrameWork.Infra/]
#42 DONE 0.0s

#43 [myb-docmanager build  6/24] COPY [src/common/Myb.Common.Authentification/Myb.Common.Authentification.csproj, src/common/Myb.Common.Authentification/]
#43 DONE 0.0s

#44 [myb-coproperty build  6/17] COPY [src/common/Myb.Common.Authentification/Myb.Common.Authentification.csproj, src/common/Myb.Common.Authentification/]
#44 DONE 0.0s

#45 [myb-invoice build  6/22] COPY [src/common/Myb.Common.Authentification/Myb.Common.Authentification.csproj, src/common/Myb.Common.Authentification/]
#45 DONE 0.0s

#46 [myb-docmanager build  7/24] COPY [src/common/Myb.Common.GraphQL.Infra/Myb.Common.GraphQL.Infra.csproj, src/common/Myb.Common.GraphQL.Infra/]
#46 DONE 0.0s

#47 [myb-coproperty build  7/17] COPY [src/common/Myb.Common.GraphQL.Infra/Myb.Common.GraphQL.Infra.csproj, src/common/Myb.Common.GraphQL.Infra/]
#47 DONE 0.0s

#48 [myb-invoice build  7/22] COPY [src/common/Myb.Common.GraphQL.Infra/Myb.Common.GraphQL.Infra.csproj, src/common/Myb.Common.GraphQL.Infra/]
#48 DONE 0.0s

#49 [myb-docmanager build  8/24] COPY [src/common/Myb.Common.Utils/Myb.Common.Utils.csproj, src/common/Myb.Common.Utils/]
#49 DONE 0.0s

#50 [myb-coproperty build  8/17] COPY [src/common/Myb.Common.Utils/Myb.Common.Utils.csproj, src/common/Myb.Common.Utils/]
#50 DONE 0.0s

#51 [auth] library/nginx:pull token for registry-1.docker.io
#51 DONE 0.0s

#52 [myb-docmanager build  9/24] COPY [src/common/Myb.Common.Stripe/Myb.Common.Stripe.csproj, src/common/Myb.Common.Stripe/]
#52 DONE 0.0s

#53 [myb-invoice build  8/22] COPY [src/common/Myb.Common.Utils/Myb.Common.Utils.csproj, src/common/Myb.Common.Utils/]
#53 DONE 0.0s

#54 [myb-coproperty build  9/17] COPY [src/services/user-manager/Myb.UserManager.Models/Myb.UserManager.Models.csproj, src/services/user-manager/Myb.UserManager.Models/]
#54 DONE 0.0s

#55 [myb-invoice build  9/22] COPY [src/common/Myb.Common.Stripe/Myb.Common.Stripe.csproj, src/common/Myb.Common.Stripe/]
#55 DONE 0.0s

#56 [myb-docmanager build 10/24] COPY [src/services/document-management/Myb.Document.EntityFrameWork.Infra/Myb.Document.EntityFrameWork.Infra.csproj, src/services/document-management/Myb.Document.EntityFrameWork.Infra/]
#56 DONE 0.0s

#57 [myb-coproperty build 10/17] COPY [src/services/time-sheet/Myb.Timesheet.Infra/Myb.Timesheet.Infra.csproj, src/services/time-sheet/Myb.Timesheet.Infra/]
#57 DONE 0.0s

#58 [myb-invoice build 10/22] COPY [src/services/invoice-management/Myb.Invoice.EntityFrameWork.Infra/Myb.Invoice.EntityFrameWork.Infra.csproj, src/services/invoice-management/Myb.Invoice.EntityFrameWork.Infra/]
#58 DONE 0.0s

#59 [myb-docmanager build 11/24] COPY [src/services/document-management/Myb.Document.Infra/Myb.Document.Infra.csproj, src/services/document-management/Myb.Document.Infra/]
#59 DONE 0.0s

#60 [myb-invoice build 11/22] COPY [src/services/invoice-management/Myb.Invoice.Infra/Myb.Invoice.Infra.csproj, src/services/invoice-management/Myb.Invoice.Infra/]
#60 DONE 0.0s

#61 [myb-docmanager build 12/24] COPY [src/services/document-management/Myb.document.Model/Myb.document.Model.csproj, src/services/document-management/Myb.document.Model/]
#61 DONE 0.0s

#62 [myb-invoice build 12/22] COPY [src/services/invoice-management/Myb.Invoice.Models/Myb.Invoice.Models.csproj, src/services/invoice-management/Myb.Invoice.Models/]
#62 DONE 0.0s

#63 [myb-docmanager build 13/24] COPY [src/services/document-management/Myb.Document.Services/Myb.Document.Services.csproj, src/services/document-management/Myb.Document.Services/]
#63 DONE 0.0s

#64 [myb-invoice build 13/22] COPY [src/services/invoice-management/Myb.Invoice.Services/Myb.Invoice.Services.csproj, src/services/invoice-management/Myb.Invoice.Services/]
#64 DONE 0.0s

#65 [myb-docmanager build 14/24] COPY [src/services/user-manager/Myb.UserManager.Models/Myb.UserManager.Models.csproj, src/services/user-manager/Myb.UserManager.Models/]
#65 DONE 0.0s

#66 [myb-invoice build 14/22] COPY [src/services/user-manager/Myb.UserManager.Models/Myb.UserManager.Models.csproj, src/services/user-manager/Myb.UserManager.Models/]
#66 DONE 0.0s

#67 [myb-docmanager build 15/24] COPY [src/services/user-manager/Myb.UserManager.EntityFrameWork.Infra/Myb.UserManager.EntityFrameWork.Infra.csproj, src/services/user-manager/Myb.UserManager.EntityFrameWork.Infra/]
#67 DONE 0.0s

#68 [myb-invoice build 15/22] COPY [src/services/time-sheet/Myb.Timesheet.Infra/Myb.Timesheet.Infra.csproj, src/services/time-sheet/Myb.Timesheet.Infra/]
#68 DONE 0.0s

#69 [myb-docmanager build 16/24] COPY [src/services/user-manager/Myb.UserManager.Infra/Myb.UserManager.Infra.csproj, src/services/user-manager/Myb.UserManager.Infra/]
#69 DONE 0.0s

#70 [myb-docmanager build 17/24] COPY [src/services/time-sheet/Myb.Timesheet.Infra/Myb.Timesheet.Infra.csproj, src/services/time-sheet/Myb.Timesheet.Infra/]
#70 DONE 0.0s

#71 [myb-invoice build 16/22] RUN dotnet restore "src/services/invoice-management/Myb.Invoice/Myb.Invoice.csproj"
#71 ...

#72 [myb-front internal] load metadata for docker.io/library/nginx:alpine
#72 DONE 1.6s

#12 [myb-front internal] load .dockerignore
#12 transferring context: 674B done
#12 DONE 0.0s

#73 [myb-front internal] load build context
#73 DONE 0.0s

#74 [myb-front 1/4] FROM docker.io/library/nginx:alpine@sha256:b0f7830b6bfaa1258f45d94c240ab668ced1b3651c8a222aefe6683447c7bf55
#74 resolve docker.io/library/nginx:alpine@sha256:b0f7830b6bfaa1258f45d94c240ab668ced1b3651c8a222aefe6683447c7bf55 0.0s done
#74 DONE 0.0s

#75 [myb-front] importing cache manifest from myb-front:latest
#75 ...

#76 [auth] library/myb-front:pull token for registry-1.docker.io
#76 DONE 0.0s

#75 [myb-front] importing cache manifest from myb-front:latest
#75 ERROR: failed to configure registry cache importer: pull access denied, repository does not exist or may require authorization: server message: insufficient_scope: authorization failed

#77 [myb-usermanager build  7/11] RUN dotnet restore "./src/services/user-manager/Myb.UserManager/./Myb.UserManager.csproj"
#77 0.603   Determining projects to restore...
#77 0.604   Skipping project "/src/src/common/Myb.Common.Authentification/Myb.Common.Authentification.csproj" because it was not found.
#77 0.605   Skipping project "/src/src/common/Myb.Common.GraphQL.Infra/Myb.Common.GraphQL.Infra.csproj" because it was not found.
#77 0.605   Skipping project "/src/src/services/user-manager/Myb.UserManager.Infra/Myb.UserManager.Infra.csproj" because it was not found.
#77 0.623   Skipping project "/src/src/common/Myb.Common.Models/Myb.Common.Models.csproj" because it was not found.
#77 0.975   Skipping project "/src/src/common/Myb.Common.Authentification/Myb.Common.Authentification.csproj" because it was not found.
#77 0.975   Skipping project "/src/src/common/Myb.Common.Repositories/Myb.Common.Repositories.csproj" because it was not found.
#77 0.975   Skipping project "/src/src/services/user-manager/Myb.UserManager.EntityFrameWork.Infra/Myb.UserManager.EntityFrameWork.Infra.csproj" because it was not found.
#77 1.003   Skipping project "/src/src/common/Myb.Common.Authentification/Myb.Common.Authentification.csproj" because it was not found.
#77 1.003   Skipping project "/src/src/common/Myb.Common.GraphQL.Infra/Myb.Common.GraphQL.Infra.csproj" because it was not found.
#77 1.003   Skipping project "/src/src/services/user-manager/Myb.UserManager.Infra/Myb.UserManager.Infra.csproj" because it was not found.
#77 1.003   Skipping project "/src/src/common/Myb.Common.Models/Myb.Common.Models.csproj" because it was not found.
#77 1.003   Skipping project "/src/src/common/Myb.Common.Repositories/Myb.Common.Repositories.csproj" because it was not found.
#77 1.003   Skipping project "/src/src/services/user-manager/Myb.UserManager.EntityFrameWork.Infra/Myb.UserManager.EntityFrameWork.Infra.csproj" because it was not found.
#77 ...

#74 [myb-front 1/4] FROM docker.io/library/nginx:alpine@sha256:b0f7830b6bfaa1258f45d94c240ab668ced1b3651c8a222aefe6683447c7bf55
#74 CACHED

#73 [myb-front internal] load build context
#73 transferring context: 3.71MB 0.0s done
#73 DONE 0.1s

#77 [myb-usermanager build  7/11] RUN dotnet restore "./src/services/user-manager/Myb.UserManager/./Myb.UserManager.csproj"
#77 1.487 /src/src/services/user-manager/Myb.UserManager/Myb.UserManager.csproj : warning NU1510: PackageReference Microsoft.AspNetCore.Authentication will not be pruned. Consider removing this package from your dependencies, as it is likely unnecessary.
#77 ...

#78 [myb-front 2/4] RUN rm -rf /usr/share/nginx/html/*
#78 DONE 0.3s

#79 [myb-timesheet internal] load build context
#79 transferring context: 3.90MB 2.0s done
#79 DONE 2.0s

#80 [myb-timesheet build 3/7] COPY [src/services/time-sheet/Myb.Timesheet/Myb.Timesheet.csproj, src/services/time-sheet/Myb.Timesheet/]
#80 DONE 0.0s

#81 [myb-front 3/4] COPY src/front/myb.front/dist/apps/client /usr/share/nginx/html
#81 DONE 0.1s

#82 [myb-front 4/4] COPY src/front/myb.front/nginx.conf /etc/nginx/conf.d/default.conf
#82 DONE 0.0s

#83 [myb-front] exporting to image
#83 exporting layers
#83 exporting layers 0.2s done
#83 exporting manifest sha256:6d665bb97856aaf6c74de1375b308cd0785512ce50e6e04d9d9669e74981bef8 done
#83 exporting config sha256:95de098e33a1f9b177ef8d635eba728a723da5f445ae629b55e3eae93cf80640 0.0s done
#83 exporting attestation manifest sha256:571091828527e69a7dcd83be848fc87e8861a6e4d36b63cf18baef1f99b73a7d 0.1s done
#83 exporting manifest list sha256:4b130b7547d9b2d9baf981ac30d184cd64a03e56d09cfc244494e1c79cc7755f 0.0s done
#83 naming to docker.io/library/myb-myb-front:latest
#83 naming to docker.io/library/myb-myb-front:latest done
#83 unpacking to docker.io/library/myb-myb-front:latest 0.1s done
#83 DONE 0.4s

#71 [myb-invoice build 16/22] RUN dotnet restore "src/services/invoice-management/Myb.Invoice/Myb.Invoice.csproj"
#71 0.682   Determining projects to restore...
#71 1.471   Skipping project "/src/src/services/time-sheet/Myb.Timesheet.Models/Myb.Timesheet.Models.csproj" because it was not found.
#71 1.478   Skipping project "/src/src/services/time-sheet/Myb.Timesheet.Services/Myb.Timesheet.Services.csproj" because it was not found.
#71 1.656   Skipping project "/src/src/services/time-sheet/Myb.Timesheet.Models/Myb.Timesheet.Models.csproj" because it was not found.
#71 1.656   Skipping project "/src/src/services/time-sheet/Myb.Timesheet.Services/Myb.Timesheet.Services.csproj" because it was not found.
#71 ...

#84 [myb-front] resolving provenance for metadata file
#84 DONE 0.0s

#85 [myb-timesheet build 4/7] RUN dotnet restore "src/services/time-sheet/Myb.Timesheet/Myb.Timesheet.csproj"
#85 0.648   Determining projects to restore...
#85 0.649   Skipping project "/src/src/common/Myb.Common.Authentification/Myb.Common.Authentification.csproj" because it was not found.
#85 0.649   Skipping project "/src/src/common/Myb.Common.GraphQL.Infra/Myb.Common.GraphQL.Infra.csproj" because it was not found.
#85 0.649   Skipping project "/src/src/services/user-manager/Myb.UserManager.EntityFrameWork.Infra/Myb.UserManager.EntityFrameWork.Infra.csproj" because it was not found.
#85 0.649   Skipping project "/src/src/services/user-manager/Myb.UserManager.Infra/Myb.UserManager.Infra.csproj" because it was not found.
#85 0.649   Skipping project "/src/src/services/time-sheet/Myb.Timesheet.EntityFrameWork.Infra/Myb.Timesheet.EntityFrameWork.Infra.csproj" because it was not found.
#85 0.649   Skipping project "/src/src/services/time-sheet/Myb.Timesheet.Infra/Myb.Timesheet.Infra.csproj" because it was not found.
#85 0.650   Skipping project "/src/src/common/Myb.Common.Authentification/Myb.Common.Authentification.csproj" because it was not found.
#85 0.650   Skipping project "/src/src/common/Myb.Common.GraphQL.Infra/Myb.Common.GraphQL.Infra.csproj" because it was not found.
#85 0.650   Skipping project "/src/src/services/user-manager/Myb.UserManager.EntityFrameWork.Infra/Myb.UserManager.EntityFrameWork.Infra.csproj" because it was not found.
#85 0.650   Skipping project "/src/src/services/user-manager/Myb.UserManager.Infra/Myb.UserManager.Infra.csproj" because it was not found.
#85 0.650   Skipping project "/src/src/services/time-sheet/Myb.Timesheet.EntityFrameWork.Infra/Myb.Timesheet.EntityFrameWork.Infra.csproj" because it was not found.
#85 0.650   Skipping project "/src/src/services/time-sheet/Myb.Timesheet.Infra/Myb.Timesheet.Infra.csproj" because it was not found.
#85 ...

#86 [myb-docmanager build 18/24] RUN dotnet restore "src/services/document-management/Myb.Document/Myb.Document.csproj"
#86 0.640   Determining projects to restore...
#86 1.485   Skipping project "/src/src/services/time-sheet/Myb.Timesheet.Models/Myb.Timesheet.Models.csproj" because it was not found.
#86 1.485   Skipping project "/src/src/services/time-sheet/Myb.Timesheet.Services/Myb.Timesheet.Services.csproj" because it was not found.
#86 1.530   Skipping project "/src/src/services/user-manager/Myb.UserManager.Sevices/Myb.UserManager.Sevices.csproj" because it was not found.
#86 1.784   Skipping project "/src/src/services/time-sheet/Myb.Timesheet.Models/Myb.Timesheet.Models.csproj" because it was not found.
#86 1.784   Skipping project "/src/src/services/time-sheet/Myb.Timesheet.Services/Myb.Timesheet.Services.csproj" because it was not found.
#86 1.784   Skipping project "/src/src/services/user-manager/Myb.UserManager.Sevices/Myb.UserManager.Sevices.csproj" because it was not found.
#86 ...

#87 [myb-notification build 4/8] RUN dotnet restore "./src/services/notification-service/Myb.Notification/./Myb.Notification.csproj"
#87 0.671   Determining projects to restore...
#87 0.676   Skipping project "/src/src/common/Myb.Common.Repositories/Myb.Common.Repositories.csproj" because it was not found.
#87 0.678   Skipping project "/src/src/common/Myb.Common.Repositories/Myb.Common.Repositories.csproj" because it was not found.
#87 0.934 /src/src/services/notification-service/Myb.Notification/Myb.Notification.csproj : warning NU1510: PackageReference Microsoft.AspNetCore.SignalR will not be pruned. Consider removing this package from your dependencies, as it is likely unnecessary.
#87 ...

#88 [myb-payment build  6/11] RUN dotnet restore "src/services/payment-service/Myb.Payment/Myb.Payment.csproj"
#88 0.592   Determining projects to restore...
#88 0.612   Skipping project "/src/src/services/user-manager/Myb.UserManager.Models/Myb.UserManager.Models.csproj" because it was not found.
#88 0.909   Skipping project "/src/src/services/payment-service/Myb.Payment.Models/Myb.Payment.Models.csproj" because it was not found.
#88 0.916   Skipping project "/src/src/services/user-manager/Myb.UserManager.Models/Myb.UserManager.Models.csproj" because it was not found.
#88 0.917   Skipping project "/src/src/services/payment-service/Myb.Payment.Models/Myb.Payment.Models.csproj" because it was not found.
#88 ...

#89 [myb-coproperty build 11/17] RUN dotnet restore "src/services/coproperty-management/Myb.Coproperty/Myb.Coproperty.csproj"
#89 0.646   Determining projects to restore...
#89 ...

#86 [myb-docmanager build 18/24] RUN dotnet restore "src/services/document-management/Myb.Document/Myb.Document.csproj"
#86 66.09   Retrying 'FindPackagesByIdAsync' for source 'https://api.nuget.org/v3-flatcontainer/system.io.abstractions/index.json'.
#86 66.09   The download of 'https://api.nuget.org/v3-flatcontainer/system.io.abstractions/index.json' timed out because no data was received for 60000ms.
#86 66.09     The operation has timed out.
#86 67.54   Failed to download package 'Npgsql.EntityFrameworkCore.PostgreSQL.Design.1.1.0' from 'https://api.nuget.org/v3-flatcontainer/npgsql.entityframeworkcore.postgresql.design/1.1.0/npgsql.entityframeworkcore.postgresql.design.1.1.0.nupkg'.
#86 67.54   The download of 'https://api.nuget.org/v3-flatcontainer/npgsql.entityframeworkcore.postgresql.design/1.1.0/npgsql.entityframeworkcore.postgresql.design.1.1.0.nupkg' timed out because no data was received for 60000ms.
#86 67.54     The operation has timed out.
#86 ...

#71 [myb-invoice build 16/22] RUN dotnet restore "src/services/invoice-management/Myb.Invoice/Myb.Invoice.csproj"
#71 74.96   Failed to download package 'HotChocolate.Types.Mutations.14.2.0' from 'https://api.nuget.org/v3-flatcontainer/hotchocolate.types.mutations/14.2.0/hotchocolate.types.mutations.14.2.0.nupkg'.
#71 74.96   The download of 'https://api.nuget.org/v3-flatcontainer/hotchocolate.types.mutations/14.2.0/hotchocolate.types.mutations.14.2.0.nupkg' timed out because no data was received for 60000ms.
#71 74.96     The operation has timed out.
#71 127.0 /src/src/services/user-manager/Myb.UserManager.Models/Myb.UserManager.Models.csproj : warning NU1902: Package 'System.Security.Cryptography.Xml' 4.5.0 has a known moderate severity vulnerability, https://github.com/advisories/GHSA-vh55-786g-wjwj [/src/src/services/invoice-management/Myb.Invoice/Myb.Invoice.csproj]
#71 127.0 /src/src/common/Myb.Common.Repositories/Myb.Common.Repositories.csproj : warning NU1902: Package 'System.Security.Cryptography.Xml' 4.5.0 has a known moderate severity vulnerability, https://github.com/advisories/GHSA-vh55-786g-wjwj [/src/src/services/invoice-management/Myb.Invoice/Myb.Invoice.csproj]
#71 127.0 /src/src/common/Myb.Common.Utils/Myb.Common.Utils.csproj : warning NU1902: Package 'System.Security.Cryptography.Xml' 4.5.0 has a known moderate severity vulnerability, https://github.com/advisories/GHSA-vh55-786g-wjwj [/src/src/services/invoice-management/Myb.Invoice/Myb.Invoice.csproj]
#71 127.0 /src/src/services/invoice-management/Myb.Invoice.Models/Myb.Invoice.Models.csproj : warning NU1902: Package 'System.Security.Cryptography.Xml' 4.5.0 has a known moderate severity vulnerability, https://github.com/advisories/GHSA-vh55-786g-wjwj [/src/src/services/invoice-management/Myb.Invoice/Myb.Invoice.csproj]
#71 127.0 /src/src/common/Myb.Common.Models/Myb.Common.Models.csproj : warning NU1902: Package 'System.Security.Cryptography.Xml' 4.5.0 has a known moderate severity vulnerability, https://github.com/advisories/GHSA-vh55-786g-wjwj [/src/src/services/invoice-management/Myb.Invoice/Myb.Invoice.csproj]
#71 127.1   Restored /src/src/common/Myb.Common.Utils/Myb.Common.Utils.csproj (in 2.08 min).
#71 127.1   Restored /src/src/services/user-manager/Myb.UserManager.Models/Myb.UserManager.Models.csproj (in 2.08 min).
#71 127.1   Restored /src/src/common/Myb.Common.Models/Myb.Common.Models.csproj (in 2.08 min).
#71 127.1   Restored /src/src/services/invoice-management/Myb.Invoice.Models/Myb.Invoice.Models.csproj (in 2.08 min).
#71 127.1   Restored /src/src/common/Myb.Common.Repositories/Myb.Common.Repositories.csproj (in 2.08 min).
#71 ...

#86 [myb-docmanager build 18/24] RUN dotnet restore "src/services/document-management/Myb.Document/Myb.Document.csproj"
#86 141.2   Failed to download package 'Microsoft.CodeAnalysis.CSharp.4.14.0' from 'https://api.nuget.org/v3-flatcontainer/microsoft.codeanalysis.csharp/4.14.0/microsoft.codeanalysis.csharp.4.14.0.nupkg'.
#86 141.2   The download of 'https://api.nuget.org/v3-flatcontainer/microsoft.codeanalysis.csharp/4.14.0/microsoft.codeanalysis.csharp.4.14.0.nupkg' timed out because no data was received for 60000ms.
#86 141.2     The operation has timed out.
#86 ...

#77 [myb-usermanager build  7/11] RUN dotnet restore "./src/services/user-manager/Myb.UserManager/./Myb.UserManager.csproj"
#77 143.6 /src/src/services/user-manager/Myb.UserManager.Models/Myb.UserManager.Models.csproj : warning NU1902: Package 'System.Security.Cryptography.Xml' 4.5.0 has a known moderate severity vulnerability, https://github.com/advisories/GHSA-vh55-786g-wjwj [/src/src/services/user-manager/Myb.UserManager/Myb.UserManager.csproj]
#77 143.7   Restored /src/src/services/user-manager/Myb.UserManager.Models/Myb.UserManager.Models.csproj (in 2.37 min).
#77 ...

#89 [myb-coproperty build 11/17] RUN dotnet restore "src/services/coproperty-management/Myb.Coproperty/Myb.Coproperty.csproj"
#89 142.5   Retrying 'FindPackagesByIdAsync' for source 'https://api.nuget.org/v3-flatcontainer/swashbuckle.aspnetcore.swaggergen/index.json'.
#89 142.5   The download of 'https://api.nuget.org/v3-flatcontainer/swashbuckle.aspnetcore.swaggergen/index.json' timed out because no data was received for 60000ms.
#89 142.5     The operation has timed out.
#89 ...

#71 [myb-invoice build 16/22] RUN dotnet restore "src/services/invoice-management/Myb.Invoice/Myb.Invoice.csproj"
#71 168.6   Restored /src/src/services/time-sheet/Myb.Timesheet.Infra/Myb.Timesheet.Infra.csproj (in 2.77 min).
#71 ...

#89 [myb-coproperty build 11/17] RUN dotnet restore "src/services/coproperty-management/Myb.Coproperty/Myb.Coproperty.csproj"
#89 172.4 /src/src/common/Myb.Common.Utils/Myb.Common.Utils.csproj : warning NU1902: Package 'System.Security.Cryptography.Xml' 4.5.0 has a known moderate severity vulnerability, https://github.com/advisories/GHSA-vh55-786g-wjwj [/src/src/services/coproperty-management/Myb.Coproperty/Myb.Coproperty.csproj]
#89 172.4 /src/src/common/Myb.Common.Models/Myb.Common.Models.csproj : warning NU1902: Package 'System.Security.Cryptography.Xml' 4.5.0 has a known moderate severity vulnerability, https://github.com/advisories/GHSA-vh55-786g-wjwj [/src/src/services/coproperty-management/Myb.Coproperty/Myb.Coproperty.csproj]
#89 172.4   Restored /src/src/common/Myb.Common.Models/Myb.Common.Models.csproj (in 2.85 min).
#89 172.4   Restored /src/src/common/Myb.Common.Utils/Myb.Common.Utils.csproj (in 2.85 min).
#89 ...

#77 [myb-usermanager build  7/11] RUN dotnet restore "./src/services/user-manager/Myb.UserManager/./Myb.UserManager.csproj"
#77 190.1 /src/src/services/user-manager/Myb.UserManager.Sevices/Myb.UserManager.Sevices.csproj : warning NU1902: Package 'System.Security.Cryptography.Xml' 4.5.0 has a known moderate severity vulnerability, https://github.com/advisories/GHSA-vh55-786g-wjwj [/src/src/services/user-manager/Myb.UserManager/Myb.UserManager.csproj]
#77 190.1   Restored /src/src/services/user-manager/Myb.UserManager.Sevices/Myb.UserManager.Sevices.csproj (in 3.14 min).
#77 190.1   Restored /src/src/services/user-manager/Myb.UserManager/Myb.UserManager.csproj (in 3.14 min).
#77 DONE 190.2s

#90 [myb-usermanager build  8/11] COPY src/services/user-manager/ src/services/user-manager/
#90 DONE 0.0s

#86 [myb-docmanager build 18/24] RUN dotnet restore "src/services/document-management/Myb.Document/Myb.Document.csproj"
#86 ...

#91 [myb-usermanager build  9/11] COPY src/common/ src/common/
#91 DONE 0.0s

#92 [myb-usermanager build 10/11] WORKDIR /src/src/services/user-manager/Myb.UserManager
#92 DONE 0.0s

#93 [myb-usermanager build 11/11] RUN dotnet build "./Myb.UserManager.csproj" -c Release -o /app/build
#93 0.373   Determining projects to restore...
#93 0.572   Skipping project "/src/src/services/time-sheet/Myb.Timesheet.Infra/Myb.Timesheet.Infra.csproj" because it was not found.
#93 0.624   Skipping project "/src/src/services/time-sheet/Myb.Timesheet.Infra/Myb.Timesheet.Infra.csproj" because it was not found.
#93 0.917 /src/src/services/user-manager/Myb.UserManager/Myb.UserManager.csproj : warning NU1510: PackageReference Microsoft.AspNetCore.Authentication will not be pruned. Consider removing this package from your dependencies, as it is likely unnecessary.
#93 0.963 /src/src/services/user-manager/Myb.UserManager.Models/Myb.UserManager.Models.csproj : warning NU1902: Package 'System.Security.Cryptography.Xml' 4.5.0 has a known moderate severity vulnerability, https://github.com/advisories/GHSA-vh55-786g-wjwj [/src/src/services/user-manager/Myb.UserManager/Myb.UserManager.csproj]
#93 0.963 /src/src/common/Myb.Common.Models/Myb.Common.Models.csproj : warning NU1902: Package 'System.Security.Cryptography.Xml' 4.5.0 has a known moderate severity vulnerability, https://github.com/advisories/GHSA-vh55-786g-wjwj [/src/src/services/user-manager/Myb.UserManager/Myb.UserManager.csproj]
#93 1.000   Restored /src/src/common/Myb.Common.Models/Myb.Common.Models.csproj (in 124 ms).
#93 1.000   Restored /src/src/services/user-manager/Myb.UserManager.Models/Myb.UserManager.Models.csproj (in 124 ms).
#93 ...

#86 [myb-docmanager build 18/24] RUN dotnet restore "src/services/document-management/Myb.Document/Myb.Document.csproj"
#86 210.2   Restored /src/src/services/time-sheet/Myb.Timesheet.Infra/Myb.Timesheet.Infra.csproj (in 3.46 min).
#86 ...

#71 [myb-invoice build 16/22] RUN dotnet restore "src/services/invoice-management/Myb.Invoice/Myb.Invoice.csproj"
#71 216.2   Failed to download package 'Stripe.net.46.0.0' from 'https://api.nuget.org/v3-flatcontainer/stripe.net/46.0.0/stripe.net.46.0.0.nupkg'.
#71 216.2   The download of 'https://api.nuget.org/v3-flatcontainer/stripe.net/46.0.0/stripe.net.46.0.0.nupkg' timed out because no data was received for 60000ms.
#71 216.2     The operation has timed out.
#71 221.8 /src/src/services/invoice-management/Myb.Invoice.EntityFrameWork.Infra/Myb.Invoice.EntityFrameWork.Infra.csproj : warning NU1902: Package 'System.Security.Cryptography.Xml' 4.5.0 has a known moderate severity vulnerability, https://github.com/advisories/GHSA-vh55-786g-wjwj [/src/src/services/invoice-management/Myb.Invoice/Myb.Invoice.csproj]
#71 221.8   Restored /src/src/services/invoice-management/Myb.Invoice.EntityFrameWork.Infra/Myb.Invoice.EntityFrameWork.Infra.csproj (in 1.58 min).
#71 ...

#93 [myb-usermanager build 11/11] RUN dotnet build "./Myb.UserManager.csproj" -c Release -o /app/build
#93 33.73 /src/src/common/Myb.Common.Repositories/Myb.Common.Repositories.csproj : warning NU1902: Package 'System.Security.Cryptography.Xml' 4.5.0 has a known moderate severity vulnerability, https://github.com/advisories/GHSA-vh55-786g-wjwj [/src/src/services/user-manager/Myb.UserManager/Myb.UserManager.csproj]
#93 33.73 /src/src/common/Myb.Common.Utils/Myb.Common.Utils.csproj : warning NU1902: Package 'System.Security.Cryptography.Xml' 4.5.0 has a known moderate severity vulnerability, https://github.com/advisories/GHSA-vh55-786g-wjwj [/src/src/services/user-manager/Myb.UserManager/Myb.UserManager.csproj]
#93 33.75   Restored /src/src/common/Myb.Common.Utils/Myb.Common.Utils.csproj (in 32.88 sec).
#93 33.75   Restored /src/src/common/Myb.Common.Repositories/Myb.Common.Repositories.csproj (in 32.74 sec).
#93 ...

#88 [myb-payment build  6/11] RUN dotnet restore "src/services/payment-service/Myb.Payment/Myb.Payment.csproj"
#88 218.3   Failed to download package 'System.Configuration.ConfigurationManager.9.0.0' from 'https://api.nuget.org/v3-flatcontainer/system.configuration.configurationmanager/9.0.0/system.configuration.configurationmanager.9.0.0.nupkg'.
#88 218.3   The download of 'https://api.nuget.org/v3-flatcontainer/system.configuration.configurationmanager/9.0.0/system.configuration.configurationmanager.9.0.0.nupkg' timed out because no data was received for 60000ms.
#88 218.3     The operation has timed out.
#88 ...

#86 [myb-docmanager build 18/24] RUN dotnet restore "src/services/document-management/Myb.Document/Myb.Document.csproj"
#86 243.8 /src/src/common/Myb.Common.Models/Myb.Common.Models.csproj : warning NU1902: Package 'System.Security.Cryptography.Xml' 4.5.0 has a known moderate severity vulnerability, https://github.com/advisories/GHSA-vh55-786g-wjwj [/src/src/services/document-management/Myb.Document/Myb.Document.csproj]
#86 243.8 /src/src/services/user-manager/Myb.UserManager.Models/Myb.UserManager.Models.csproj : warning NU1902: Package 'System.Security.Cryptography.Xml' 4.5.0 has a known moderate severity vulnerability, https://github.com/advisories/GHSA-vh55-786g-wjwj [/src/src/services/document-management/Myb.Document/Myb.Document.csproj]
#86 243.8 /src/src/services/document-management/Myb.Document.EntityFrameWork.Infra/Myb.Document.EntityFrameWork.Infra.csproj : warning NU1902: Package 'System.Security.Cryptography.Xml' 4.5.0 has a known moderate severity vulnerability, https://github.com/advisories/GHSA-vh55-786g-wjwj [/src/src/services/document-management/Myb.Document/Myb.Document.csproj]
#86 243.8   Restored /src/src/common/Myb.Common.Models/Myb.Common.Models.csproj (in 4.02 min).
#86 243.8   Restored /src/src/services/user-manager/Myb.UserManager.Models/Myb.UserManager.Models.csproj (in 4.02 min).
#86 243.8   Restored /src/src/services/document-management/Myb.Document.EntityFrameWork.Infra/Myb.Document.EntityFrameWork.Infra.csproj (in 4.02 min).
#86 243.8 /src/src/services/document-management/Myb.document.Model/Myb.document.Model.csproj : warning NU1902: Package 'System.Security.Cryptography.Xml' 4.5.0 has a known moderate severity vulnerability, https://github.com/advisories/GHSA-vh55-786g-wjwj [/src/src/services/document-management/Myb.Document/Myb.Document.csproj]
#86 243.8   Restored /src/src/services/document-management/Myb.document.Model/Myb.document.Model.csproj (in 3 ms).
#86 243.9 /src/src/common/Myb.Common.Utils/Myb.Common.Utils.csproj : warning NU1902: Package 'System.Security.Cryptography.Xml' 4.5.0 has a known moderate severity vulnerability, https://github.com/advisories/GHSA-vh55-786g-wjwj [/src/src/services/document-management/Myb.Document/Myb.Document.csproj]
#86 243.9 /src/src/services/document-management/Myb.Document.Services/Myb.Document.Services.csproj : warning NU1902: Package 'System.Security.Cryptography.Xml' 4.5.0 has a known moderate severity vulnerability, https://github.com/advisories/GHSA-vh55-786g-wjwj [/src/src/services/document-management/Myb.Document/Myb.Document.csproj]
#86 243.9 /src/src/services/document-management/Myb.Document.Infra/Myb.Document.Infra.csproj : warning NU1902: Package 'System.Security.Cryptography.Xml' 4.5.0 has a known moderate severity vulnerability, https://github.com/advisories/GHSA-vh55-786g-wjwj [/src/src/services/document-management/Myb.Document/Myb.Document.csproj]
#86 244.0   Restored /src/src/common/Myb.Common.Utils/Myb.Common.Utils.csproj (in 4.03 min).
#86 244.0   Restored /src/src/services/document-management/Myb.Document.Infra/Myb.Document.Infra.csproj (in 4.03 min).
#86 244.0   Restored /src/src/services/document-management/Myb.Document.Services/Myb.Document.Services.csproj (in 4.03 min).
#86 ...

#88 [myb-payment build  6/11] RUN dotnet restore "src/services/payment-service/Myb.Payment/Myb.Payment.csproj"
#88 249.5   Failed to download package 'Stripe.net.48.0.0' from 'https://api.nuget.org/v3-flatcontainer/stripe.net/48.0.0/stripe.net.48.0.0.nupkg'.
#88 249.5   The response ended prematurely, with at least 5211968 additional bytes expected. (ResponseEnded)
#88 ...

#86 [myb-docmanager build 18/24] RUN dotnet restore "src/services/document-management/Myb.Document/Myb.Document.csproj"
#86 284.5 /src/src/common/Myb.Common.Repositories/Myb.Common.Repositories.csproj : warning NU1902: Package 'System.Security.Cryptography.Xml' 4.5.0 has a known moderate severity vulnerability, https://github.com/advisories/GHSA-vh55-786g-wjwj [/src/src/services/document-management/Myb.Document/Myb.Document.csproj]
#86 284.6   Restored /src/src/common/Myb.Common.Repositories/Myb.Common.Repositories.csproj (in 40.74 sec).
#86 ...

#89 [myb-coproperty build 11/17] RUN dotnet restore "src/services/coproperty-management/Myb.Coproperty/Myb.Coproperty.csproj"
#89 303.9 /src/src/common/Myb.Common.Repositories/Myb.Common.Repositories.csproj : warning NU1902: Package 'System.Security.Cryptography.Xml' 4.5.0 has a known moderate severity vulnerability, https://github.com/advisories/GHSA-vh55-786g-wjwj [/src/src/services/coproperty-management/Myb.Coproperty/Myb.Coproperty.csproj]
#89 303.9   Restored /src/src/common/Myb.Common.Repositories/Myb.Common.Repositories.csproj (in 5.04 min).
#89 ...

#93 [myb-usermanager build 11/11] RUN dotnet build "./Myb.UserManager.csproj" -c Release -o /app/build
#93 156.9   Restored /src/src/common/Myb.Common.Stripe/Myb.Common.Stripe.csproj (in 2.6 min).
#93 158.2 /src/src/common/Myb.Common.GraphQL.Infra/Myb.Common.GraphQL.Infra.csproj : warning NU1902: Package 'System.Security.Cryptography.Xml' 4.5.0 has a known moderate severity vulnerability, https://github.com/advisories/GHSA-vh55-786g-wjwj [/src/src/services/user-manager/Myb.UserManager/Myb.UserManager.csproj]
#93 158.2   Restored /src/src/common/Myb.Common.GraphQL.Infra/Myb.Common.GraphQL.Infra.csproj (in 2.62 min).
#93 158.2 /src/src/common/Myb.Common.Authentification/Myb.Common.Authentification.csproj : warning NU1902: Package 'System.Security.Cryptography.Xml' 4.5.0 has a known moderate severity vulnerability, https://github.com/advisories/GHSA-vh55-786g-wjwj [/src/src/services/user-manager/Myb.UserManager/Myb.UserManager.csproj]
#93 158.2 /src/src/services/user-manager/Myb.UserManager.Sevices/Myb.UserManager.Sevices.csproj : warning NU1902: Package 'System.Security.Cryptography.Xml' 4.5.0 has a known moderate severity vulnerability, https://github.com/advisories/GHSA-vh55-786g-wjwj [/src/src/services/user-manager/Myb.UserManager/Myb.UserManager.csproj]
#93 158.2   Restored /src/src/common/Myb.Common.Authentification/Myb.Common.Authentification.csproj (in 2.62 min).
#93 158.2   Restored /src/src/services/user-manager/Myb.UserManager.Sevices/Myb.UserManager.Sevices.csproj (in 2.62 min).
#93 158.2   Restored /src/src/services/user-manager/Myb.UserManager/Myb.UserManager.csproj (in 2.62 min).
#93 158.2 /src/src/services/user-manager/Myb.UserManager.Infra/Myb.UserManager.Infra.csproj : warning NU1902: Package 'System.Security.Cryptography.Xml' 4.5.0 has a known moderate severity vulnerability, https://github.com/advisories/GHSA-vh55-786g-wjwj [/src/src/services/user-manager/Myb.UserManager/Myb.UserManager.csproj]
#93 158.2   Restored /src/src/services/user-manager/Myb.UserManager.Infra/Myb.UserManager.Infra.csproj (in 2.62 min).
#93 ...

#71 [myb-invoice build 16/22] RUN dotnet restore "src/services/invoice-management/Myb.Invoice/Myb.Invoice.csproj"
#71 351.4 /src/src/common/Myb.Common.Authentification/Myb.Common.Authentification.csproj : warning NU1902: Package 'System.Security.Cryptography.Xml' 4.5.0 has a known moderate severity vulnerability, https://github.com/advisories/GHSA-vh55-786g-wjwj [/src/src/services/invoice-management/Myb.Invoice/Myb.Invoice.csproj]
#71 351.4   Restored /src/src/common/Myb.Common.Authentification/Myb.Common.Authentification.csproj (in 5.82 min).
#71 ...

#86 [myb-docmanager build 18/24] RUN dotnet restore "src/services/document-management/Myb.Document/Myb.Document.csproj"
#86 371.4 /src/src/services/user-manager/Myb.UserManager.Infra/Myb.UserManager.Infra.csproj : warning NU1902: Package 'System.Security.Cryptography.Xml' 4.5.0 has a known moderate severity vulnerability, https://github.com/advisories/GHSA-vh55-786g-wjwj [/src/src/services/document-management/Myb.Document/Myb.Document.csproj]
#86 371.4   Restored /src/src/services/user-manager/Myb.UserManager.Infra/Myb.UserManager.Infra.csproj (in 2.69 min).
#86 374.0 /src/src/common/Myb.Common.GraphQL.Infra/Myb.Common.GraphQL.Infra.csproj : warning NU1902: Package 'System.Security.Cryptography.Xml' 4.5.0 has a known moderate severity vulnerability, https://github.com/advisories/GHSA-vh55-786g-wjwj [/src/src/services/document-management/Myb.Document/Myb.Document.csproj]
#86 374.0   Restored /src/src/common/Myb.Common.Stripe/Myb.Common.Stripe.csproj (in 2.17 min).
#86 374.0   Restored /src/src/common/Myb.Common.GraphQL.Infra/Myb.Common.GraphQL.Infra.csproj (in 6.19 min).
#86 375.9 /src/src/common/Myb.Common.Authentification/Myb.Common.Authentification.csproj : warning NU1902: Package 'System.Security.Cryptography.Xml' 4.5.0 has a known moderate severity vulnerability, https://github.com/advisories/GHSA-vh55-786g-wjwj [/src/src/services/document-management/Myb.Document/Myb.Document.csproj]
#86 375.9   Restored /src/src/common/Myb.Common.Authentification/Myb.Common.Authentification.csproj (in 6.23 min).
#86 ...

#85 [myb-timesheet build 4/7] RUN dotnet restore "src/services/time-sheet/Myb.Timesheet/Myb.Timesheet.csproj"
#85 413.1   Restored /src/src/services/time-sheet/Myb.Timesheet/Myb.Timesheet.csproj (in 6.87 min).
#85 DONE 413.2s

#71 [myb-invoice build 16/22] RUN dotnet restore "src/services/invoice-management/Myb.Invoice/Myb.Invoice.csproj"
#71 ...

#94 [myb-timesheet build 5/7] COPY . .
#94 DONE 0.2s

#95 [myb-timesheet build 6/7] WORKDIR /src/src/services/time-sheet/Myb.Timesheet
#95 DONE 0.0s

#96 [myb-timesheet build 7/7] RUN dotnet build "Myb.Timesheet.csproj" -c Release -o /app/build
#96 0.409   Determining projects to restore...
#96 ...

#87 [myb-notification build 4/8] RUN dotnet restore "./src/services/notification-service/Myb.Notification/./Myb.Notification.csproj"
#87 432.9 /src/src/services/notification-service/Myb.Notification/Myb.Notification.csproj : error NU1102: Unable to find package Microsoft.AspNetCore.SignalR with version (>= 10.0.0)
#87 432.9 /src/src/services/notification-service/Myb.Notification/Myb.Notification.csproj : error NU1102:   - Found 18 version(s) in nuget.org [ Nearest version: 1.2.9 ]
#87 433.8   Failed to restore /src/src/services/notification-service/Myb.Notification/Myb.Notification.csproj (in 7.21 min).
#87 ERROR: process "/bin/sh -c dotnet restore \"./src/services/notification-service/Myb.Notification/./Myb.Notification.csproj\"" did not complete successfully: exit code: 1

#93 [myb-usermanager build 11/11] RUN dotnet build "./Myb.UserManager.csproj" -c Release -o /app/build
#93 ...

#88 [myb-payment build  6/11] RUN dotnet restore "src/services/payment-service/Myb.Payment/Myb.Payment.csproj"
#88 CANCELED

#86 [myb-docmanager build 18/24] RUN dotnet restore "src/services/document-management/Myb.Document/Myb.Document.csproj"
#86 CANCELED

#89 [myb-coproperty build 11/17] RUN dotnet restore "src/services/coproperty-management/Myb.Coproperty/Myb.Coproperty.csproj"
#89 CANCELED

#96 [myb-timesheet build 7/7] RUN dotnet build "Myb.Timesheet.csproj" -c Release -o /app/build
#96 CANCELED

#71 [myb-invoice build 16/22] RUN dotnet restore "src/services/invoice-management/Myb.Invoice/Myb.Invoice.csproj"
#71 CANCELED

#93 [myb-usermanager build 11/11] RUN dotnet build "./Myb.UserManager.csproj" -c Release -o /app/build
#93 CANCELED
------
 > [myb-notification build 4/8] RUN dotnet restore "./src/services/notification-service/Myb.Notification/./Myb.Notification.csproj":
0.671   Determining projects to restore...
0.676   Skipping project "/src/src/common/Myb.Common.Repositories/Myb.Common.Repositories.csproj" because it was not found.
0.678   Skipping project "/src/src/common/Myb.Common.Repositories/Myb.Common.Repositories.csproj" because it was not found.
0.934 /src/src/services/notification-service/Myb.Notification/Myb.Notification.csproj : warning NU1510: PackageReference Microsoft.AspNetCore.SignalR will not be pruned. Consider removing this package from your dependencies, as it is likely unnecessary.
432.9 /src/src/services/notification-service/Myb.Notification/Myb.Notification.csproj : error NU1102: Unable to find package Microsoft.AspNetCore.SignalR with version (>= 10.0.0)
432.9 /src/src/services/notification-service/Myb.Notification/Myb.Notification.csproj : error NU1102:   - Found 18 version(s) in nuget.org [ Nearest version: 1.2.9 ]
433.8   Failed to restore /src/src/services/notification-service/Myb.Notification/Myb.Notification.csproj (in 7.21 min).
------
------
 > [myb-front] importing cache manifest from myb-front:latest:
------
Dockerfile:15

--------------------

  13 |     COPY ["src/services/notification-service/Myb.Notification/Myb.Notification.csproj", "src/services/notification-service/Myb.Notification/"]

  14 |     

  15 | >>> RUN dotnet restore "./src/services/notification-service/Myb.Notification/./Myb.Notification.csproj"

  16 |     

  17 |     # Copy notification service files and common dependencies

--------------------

target myb-notification: failed to solve: process "/bin/sh -c dotnet restore \"./src/services/notification-service/Myb.Notification/./Myb.Notification.csproj\"" did not complete successfully: exit code: 1

[0;32m✓ Docker images built successfully[0m

[0;36m─── Starting Services ───[0m
[0;34mℹ Step 1/7: Starting databases...[0m
time="2026-01-14T23:44:25+01:00" level=warning msg="/Users/macbook/Workspace/myb/docker-compose.yml: the attribute `version` is obsolete, it will be ignored, please remove it to avoid potential confusion"
 Network myb_my-network Creating 
 Network myb_my-network Created 
 Volume myb_postgres_data Creating 
 Volume myb_postgres_data Created 
 Volume myb_postgres_document_data Creating 
 Volume myb_postgres_document_data Created 
 Volume myb_postgres_keycloak_data Creating 
 Volume myb_postgres_keycloak_data Created 
 Volume myb_postgres_coproperty_data Creating 
 Volume myb_postgres_coproperty_data Created 
 Volume myb_postgres_invoice_data Creating 
 Volume myb_postgres_invoice_data Created 
 Container myb-documentDB-1 Creating 
 Container myb-invoiceDB-1 Creating 
 Container keycloak-db Creating 
 Container myb-timesheetDB-1 Creating 
 Container myb-copropertyDB-1 Creating 
 Container myb-timesheetDB-1 Created 
 Container keycloak-db Created 
 Container myb-copropertyDB-1 Created 
 Container myb-documentDB-1 Created 
 Container myb-invoiceDB-1 Created 
 Container myb-invoiceDB-1 Starting 
 Container keycloak-db Starting 
 Container myb-timesheetDB-1 Starting 
 Container myb-documentDB-1 Starting 
 Container myb-copropertyDB-1 Starting 
 Container keycloak-db Started 
 Container myb-copropertyDB-1 Started 
 Container myb-documentDB-1 Started 
 Container myb-timesheetDB-1 Started 
 Container myb-invoiceDB-1 Started 
[0;32m✓ Databases starting...[0m
[0;34mℹ Step 2/7: Starting Keycloak...[0m
time="2026-01-14T23:44:33+01:00" level=warning msg="/Users/macbook/Workspace/myb/docker-compose.yml: the attribute `version` is obsolete, it will be ignored, please remove it to avoid potential confusion"
 Volume myb_keycloak_data Creating 
 Volume myb_keycloak_data Created 
 Container keycloak-db Running 
 Container keycloak Creating 
 Container keycloak Created 
 Container keycloak-db Waiting 
 Container keycloak-db Healthy 
 Container keycloak Starting 
 Container keycloak Started 
[0;32m✓ Keycloak starting...[0m
[0;34mℹ Waiting for Keycloak to be healthy (max 60s)...[0m
[0;32m✓ Keycloak is healthy![0m

[0;34mℹ Step 3/7: Starting payment service...[0m
time="2026-01-14T23:44:36+01:00" level=warning msg="/Users/macbook/Workspace/myb/docker-compose.yml: the attribute `version` is obsolete, it will be ignored, please remove it to avoid potential confusion"
 Container keycloak-db Running 
 Container keycloak Running 
 Container myb-myb-payment-1 Creating 
 Container myb-myb-payment-1 Created 
 Container keycloak-db Waiting 
 Container keycloak-db Healthy 
 Container keycloak Waiting 
 Container keycloak Healthy 
 Container myb-myb-payment-1 Starting 
 Container myb-myb-payment-1 Started 
[0;32m✓ Payment service started[0m
[0;34mℹ Step 4/7: Starting invoice service...[0m
time="2026-01-14T23:44:54+01:00" level=warning msg="/Users/macbook/Workspace/myb/docker-compose.yml: the attribute `version` is obsolete, it will be ignored, please remove it to avoid potential confusion"
 Image myb-myb-invoice Building 
#1 [internal] load local bake definitions
#1 reading from stdin 564B done
#1 DONE 0.0s

#2 [internal] load build definition from Dockerfile
#2 transferring dockerfile: 2.87kB done
#2 DONE 0.0s

#3 [internal] load metadata for mcr.microsoft.com/dotnet/aspnet:10.0
#3 DONE 1.1s

#4 [internal] load metadata for mcr.microsoft.com/dotnet/sdk:10.0
#4 DONE 1.2s

#5 [internal] load .dockerignore
#5 transferring context: 674B done
#5 DONE 0.0s

#6 [base 1/2] FROM mcr.microsoft.com/dotnet/aspnet:10.0@sha256:1aacc8154bc3071349907dae26849df301188be1a2e1f4560b903fb6275e481a
#6 resolve mcr.microsoft.com/dotnet/aspnet:10.0@sha256:1aacc8154bc3071349907dae26849df301188be1a2e1f4560b903fb6275e481a done
#6 DONE 0.0s

#7 [build  1/22] FROM mcr.microsoft.com/dotnet/sdk:10.0@sha256:25d14b400b75fa4e89d5bd4487a92a604a4e409ab65becb91821e7dc4ac7f81f
#7 resolve mcr.microsoft.com/dotnet/sdk:10.0@sha256:25d14b400b75fa4e89d5bd4487a92a604a4e409ab65becb91821e7dc4ac7f81f done
#7 DONE 0.0s

#8 [base 2/2] WORKDIR /app
#8 CACHED

#9 [final 1/2] WORKDIR /app
#9 CACHED

#10 [internal] load build context
#10 transferring context: 87.93kB 0.0s done
#10 DONE 0.0s

#11 [build  7/22] COPY [src/common/Myb.Common.GraphQL.Infra/Myb.Common.GraphQL.Infra.csproj, src/common/Myb.Common.GraphQL.Infra/]
#11 CACHED

#12 [build  8/22] COPY [src/common/Myb.Common.Utils/Myb.Common.Utils.csproj, src/common/Myb.Common.Utils/]
#12 CACHED

#13 [build  2/22] WORKDIR /src
#13 CACHED

#14 [build  9/22] COPY [src/common/Myb.Common.Stripe/Myb.Common.Stripe.csproj, src/common/Myb.Common.Stripe/]
#14 CACHED

#15 [build  4/22] COPY [src/common/Myb.Common.Models/Myb.Common.Models.csproj, src/common/Myb.Common.Models/]
#15 CACHED

#16 [build 10/22] COPY [src/services/invoice-management/Myb.Invoice.EntityFrameWork.Infra/Myb.Invoice.EntityFrameWork.Infra.csproj, src/services/invoice-management/Myb.Invoice.EntityFrameWork.Infra/]
#16 CACHED

#17 [build 11/22] COPY [src/services/invoice-management/Myb.Invoice.Infra/Myb.Invoice.Infra.csproj, src/services/invoice-management/Myb.Invoice.Infra/]
#17 CACHED

#18 [build 12/22] COPY [src/services/invoice-management/Myb.Invoice.Models/Myb.Invoice.Models.csproj, src/services/invoice-management/Myb.Invoice.Models/]
#18 CACHED

#19 [build  6/22] COPY [src/common/Myb.Common.Authentification/Myb.Common.Authentification.csproj, src/common/Myb.Common.Authentification/]
#19 CACHED

#20 [build  5/22] COPY [src/common/Myb.Common.Repositories/Myb.Common.Repositories.csproj, src/common/Myb.Common.Repositories/]
#20 CACHED

#21 [build  3/22] COPY [src/services/invoice-management/Myb.Invoice/Myb.Invoice.csproj, src/services/invoice-management/Myb.Invoice/]
#21 CACHED

#22 [build 13/22] COPY [src/services/invoice-management/Myb.Invoice.Services/Myb.Invoice.Services.csproj, src/services/invoice-management/Myb.Invoice.Services/]
#22 CACHED

#23 [build 14/22] COPY [src/services/user-manager/Myb.UserManager.Models/Myb.UserManager.Models.csproj, src/services/user-manager/Myb.UserManager.Models/]
#23 CACHED

#24 [build 15/22] COPY [src/services/time-sheet/Myb.Timesheet.Infra/Myb.Timesheet.Infra.csproj, src/services/time-sheet/Myb.Timesheet.Infra/]
#24 CACHED

#25 [build 16/22] RUN dotnet restore "src/services/invoice-management/Myb.Invoice/Myb.Invoice.csproj"
#25 0.359   Determining projects to restore...
#25 0.629   Skipping project "/src/src/services/time-sheet/Myb.Timesheet.Models/Myb.Timesheet.Models.csproj" because it was not found.
#25 0.629   Skipping project "/src/src/services/time-sheet/Myb.Timesheet.Services/Myb.Timesheet.Services.csproj" because it was not found.
#25 0.653   Skipping project "/src/src/services/time-sheet/Myb.Timesheet.Models/Myb.Timesheet.Models.csproj" because it was not found.
#25 0.653   Skipping project "/src/src/services/time-sheet/Myb.Timesheet.Services/Myb.Timesheet.Services.csproj" because it was not found.
#25 44.84 /src/src/services/invoice-management/Myb.Invoice.Models/Myb.Invoice.Models.csproj : warning NU1902: Package 'System.Security.Cryptography.Xml' 4.5.0 has a known moderate severity vulnerability, https://github.com/advisories/GHSA-vh55-786g-wjwj [/src/src/services/invoice-management/Myb.Invoice/Myb.Invoice.csproj]
#25 44.84 /src/src/common/Myb.Common.Repositories/Myb.Common.Repositories.csproj : warning NU1902: Package 'System.Security.Cryptography.Xml' 4.5.0 has a known moderate severity vulnerability, https://github.com/advisories/GHSA-vh55-786g-wjwj [/src/src/services/invoice-management/Myb.Invoice/Myb.Invoice.csproj]
#25 44.84 /src/src/common/Myb.Common.Models/Myb.Common.Models.csproj : warning NU1902: Package 'System.Security.Cryptography.Xml' 4.5.0 has a known moderate severity vulnerability, https://github.com/advisories/GHSA-vh55-786g-wjwj [/src/src/services/invoice-management/Myb.Invoice/Myb.Invoice.csproj]
#25 44.84 /src/src/services/user-manager/Myb.UserManager.Models/Myb.UserManager.Models.csproj : warning NU1902: Package 'System.Security.Cryptography.Xml' 4.5.0 has a known moderate severity vulnerability, https://github.com/advisories/GHSA-vh55-786g-wjwj [/src/src/services/invoice-management/Myb.Invoice/Myb.Invoice.csproj]
#25 44.90   Restored /src/src/services/time-sheet/Myb.Timesheet.Infra/Myb.Timesheet.Infra.csproj (in 43.94 sec).
#25 44.91 /src/src/common/Myb.Common.Utils/Myb.Common.Utils.csproj : warning NU1902: Package 'System.Security.Cryptography.Xml' 4.5.0 has a known moderate severity vulnerability, https://github.com/advisories/GHSA-vh55-786g-wjwj [/src/src/services/invoice-management/Myb.Invoice/Myb.Invoice.csproj]
#25 44.91   Restored /src/src/common/Myb.Common.Models/Myb.Common.Models.csproj (in 43.94 sec).
#25 44.91   Restored /src/src/services/invoice-management/Myb.Invoice.Models/Myb.Invoice.Models.csproj (in 43.94 sec).
#25 44.92   Restored /src/src/services/user-manager/Myb.UserManager.Models/Myb.UserManager.Models.csproj (in 43.94 sec).
#25 44.92   Restored /src/src/common/Myb.Common.Utils/Myb.Common.Utils.csproj (in 2 ms).
#25 44.92   Restored /src/src/common/Myb.Common.Repositories/Myb.Common.Repositories.csproj (in 43.94 sec).
#25 54.79   Restored /src/src/common/Myb.Common.Stripe/Myb.Common.Stripe.csproj (in 53.86 sec).
#25 58.29 /src/src/services/invoice-management/Myb.Invoice.EntityFrameWork.Infra/Myb.Invoice.EntityFrameWork.Infra.csproj : warning NU1902: Package 'System.Security.Cryptography.Xml' 4.5.0 has a known moderate severity vulnerability, https://github.com/advisories/GHSA-vh55-786g-wjwj [/src/src/services/invoice-management/Myb.Invoice/Myb.Invoice.csproj]
#25 58.29   Restored /src/src/services/invoice-management/Myb.Invoice.EntityFrameWork.Infra/Myb.Invoice.EntityFrameWork.Infra.csproj (in 13.38 sec).
#25 73.40 /src/src/common/Myb.Common.GraphQL.Infra/Myb.Common.GraphQL.Infra.csproj : warning NU1902: Package 'System.Security.Cryptography.Xml' 4.5.0 has a known moderate severity vulnerability, https://github.com/advisories/GHSA-vh55-786g-wjwj [/src/src/services/invoice-management/Myb.Invoice/Myb.Invoice.csproj]
#25 73.41   Restored /src/src/common/Myb.Common.GraphQL.Infra/Myb.Common.GraphQL.Infra.csproj (in 1.21 min).
#25 75.23 /src/src/common/Myb.Common.Authentification/Myb.Common.Authentification.csproj : warning NU1902: Package 'System.Security.Cryptography.Xml' 4.5.0 has a known moderate severity vulnerability, https://github.com/advisories/GHSA-vh55-786g-wjwj [/src/src/services/invoice-management/Myb.Invoice/Myb.Invoice.csproj]
#25 75.24   Restored /src/src/common/Myb.Common.Authentification/Myb.Common.Authentification.csproj (in 1.24 min).
#25 107.6 /src/src/services/invoice-management/Myb.Invoice.Infra/Myb.Invoice.Infra.csproj : warning NU1902: Package 'System.Security.Cryptography.Xml' 4.5.0 has a known moderate severity vulnerability, https://github.com/advisories/GHSA-vh55-786g-wjwj [/src/src/services/invoice-management/Myb.Invoice/Myb.Invoice.csproj]
#25 107.6 /src/src/services/invoice-management/Myb.Invoice.Services/Myb.Invoice.Services.csproj : warning NU1902: Package 'System.Security.Cryptography.Xml' 4.5.0 has a known moderate severity vulnerability, https://github.com/advisories/GHSA-vh55-786g-wjwj [/src/src/services/invoice-management/Myb.Invoice/Myb.Invoice.csproj]
#25 107.6   Restored /src/src/services/invoice-management/Myb.Invoice.Services/Myb.Invoice.Services.csproj (in 1.78 min).
#25 107.6   Restored /src/src/services/invoice-management/Myb.Invoice.Infra/Myb.Invoice.Infra.csproj (in 1.78 min).
#25 110.5   Restored /src/src/services/invoice-management/Myb.Invoice/Myb.Invoice.csproj (in 1.09 min).
#25 DONE 110.6s

#26 [build 17/22] COPY src/services/invoice-management/ src/services/invoice-management/
#26 DONE 0.0s

#27 [build 18/22] COPY src/common/ src/common/
#27 DONE 0.0s

#28 [build 19/22] COPY src/services/user-manager/ src/services/user-manager/
#28 DONE 0.0s

#29 [build 20/22] COPY src/services/time-sheet/ src/services/time-sheet/
#29 DONE 0.0s

#30 [build 21/22] WORKDIR /src/src/services/invoice-management/Myb.Invoice
#30 DONE 0.0s

#31 [build 22/22] RUN dotnet build "Myb.Invoice.csproj" -c Release -o /app/build
#31 0.368   Determining projects to restore...
#31 1.025 /src/src/common/Myb.Common.Repositories/Myb.Common.Repositories.csproj : warning NU1902: Package 'System.Security.Cryptography.Xml' 4.5.0 has a known moderate severity vulnerability, https://github.com/advisories/GHSA-vh55-786g-wjwj [/src/src/services/invoice-management/Myb.Invoice/Myb.Invoice.csproj]
#31 1.025 /src/src/services/invoice-management/Myb.Invoice.EntityFrameWork.Infra/Myb.Invoice.EntityFrameWork.Infra.csproj : warning NU1902: Package 'System.Security.Cryptography.Xml' 4.5.0 has a known moderate severity vulnerability, https://github.com/advisories/GHSA-vh55-786g-wjwj [/src/src/services/invoice-management/Myb.Invoice/Myb.Invoice.csproj]
#31 1.025 /src/src/services/invoice-management/Myb.Invoice.Infra/Myb.Invoice.Infra.csproj : warning NU1902: Package 'System.Security.Cryptography.Xml' 4.5.0 has a known moderate severity vulnerability, https://github.com/advisories/GHSA-vh55-786g-wjwj [/src/src/services/invoice-management/Myb.Invoice/Myb.Invoice.csproj]
#31 1.025 /src/src/services/invoice-management/Myb.Invoice.Models/Myb.Invoice.Models.csproj : warning NU1902: Package 'System.Security.Cryptography.Xml' 4.5.0 has a known moderate severity vulnerability, https://github.com/advisories/GHSA-vh55-786g-wjwj [/src/src/services/invoice-management/Myb.Invoice/Myb.Invoice.csproj]
#31 1.025 /src/src/services/user-manager/Myb.UserManager.Models/Myb.UserManager.Models.csproj : warning NU1902: Package 'System.Security.Cryptography.Xml' 4.5.0 has a known moderate severity vulnerability, https://github.com/advisories/GHSA-vh55-786g-wjwj [/src/src/services/invoice-management/Myb.Invoice/Myb.Invoice.csproj]
#31 1.025 /src/src/common/Myb.Common.Models/Myb.Common.Models.csproj : warning NU1902: Package 'System.Security.Cryptography.Xml' 4.5.0 has a known moderate severity vulnerability, https://github.com/advisories/GHSA-vh55-786g-wjwj [/src/src/services/invoice-management/Myb.Invoice/Myb.Invoice.csproj]
#31 1.025 /src/src/common/Myb.Common.Authentification/Myb.Common.Authentification.csproj : warning NU1902: Package 'System.Security.Cryptography.Xml' 4.5.0 has a known moderate severity vulnerability, https://github.com/advisories/GHSA-vh55-786g-wjwj [/src/src/services/invoice-management/Myb.Invoice/Myb.Invoice.csproj]
#31 1.025 /src/src/common/Myb.Common.Utils/Myb.Common.Utils.csproj : warning NU1902: Package 'System.Security.Cryptography.Xml' 4.5.0 has a known moderate severity vulnerability, https://github.com/advisories/GHSA-vh55-786g-wjwj [/src/src/services/invoice-management/Myb.Invoice/Myb.Invoice.csproj]
#31 1.029 /src/src/services/invoice-management/Myb.Invoice.Services/Myb.Invoice.Services.csproj : warning NU1902: Package 'System.Security.Cryptography.Xml' 4.5.0 has a known moderate severity vulnerability, https://github.com/advisories/GHSA-vh55-786g-wjwj [/src/src/services/invoice-management/Myb.Invoice/Myb.Invoice.csproj]
#31 1.084 /src/src/services/time-sheet/Myb.Timesheet.Services/Myb.Timesheet.Services.csproj : warning NU1902: Package 'System.Security.Cryptography.Xml' 4.5.0 has a known moderate severity vulnerability, https://github.com/advisories/GHSA-vh55-786g-wjwj [/src/src/services/invoice-management/Myb.Invoice/Myb.Invoice.csproj]
#31 1.084 /src/src/services/time-sheet/Myb.Timesheet.Infra/Myb.Timesheet.Infra.csproj : warning NU1902: Package 'System.Security.Cryptography.Xml' 4.5.0 has a known moderate severity vulnerability, https://github.com/advisories/GHSA-vh55-786g-wjwj [/src/src/services/invoice-management/Myb.Invoice/Myb.Invoice.csproj]
#31 1.084 /src/src/services/time-sheet/Myb.Timesheet.Models/Myb.Timesheet.Models.csproj : warning NU1902: Package 'System.Security.Cryptography.Xml' 4.5.0 has a known moderate severity vulnerability, https://github.com/advisories/GHSA-vh55-786g-wjwj [/src/src/services/invoice-management/Myb.Invoice/Myb.Invoice.csproj]
#31 1.084 /src/src/common/Myb.Common.GraphQL.Infra/Myb.Common.GraphQL.Infra.csproj : warning NU1902: Package 'System.Security.Cryptography.Xml' 4.5.0 has a known moderate severity vulnerability, https://github.com/advisories/GHSA-vh55-786g-wjwj [/src/src/services/invoice-management/Myb.Invoice/Myb.Invoice.csproj]
#31 1.145   Restored /src/src/services/time-sheet/Myb.Timesheet.Models/Myb.Timesheet.Models.csproj (in 144 ms).
#31 1.148   Restored /src/src/services/time-sheet/Myb.Timesheet.Services/Myb.Timesheet.Services.csproj (in 144 ms).
#31 1.149   Restored /src/src/common/Myb.Common.GraphQL.Infra/Myb.Common.GraphQL.Infra.csproj (in 105 ms).
#31 1.150   Restored /src/src/services/time-sheet/Myb.Timesheet.Infra/Myb.Timesheet.Infra.csproj (in 105 ms).
#31 1.157   Restored /src/src/services/invoice-management/Myb.Invoice/Myb.Invoice.csproj (in 116 ms).
#31 3.246   Restored /src/src/services/time-sheet/Myb.Timesheet.EntityFrameWork.Infra/Myb.Timesheet.EntityFrameWork.Infra.csproj (in 2.21 sec).
#31 3.247   10 of 16 projects are up-to-date for restore.
#31 3.745 /src/src/common/Myb.Common.GraphQL.Infra/Myb.Common.GraphQL.Infra.csproj : warning NU1902: Package 'System.Security.Cryptography.Xml' 4.5.0 has a known moderate severity vulnerability, https://github.com/advisories/GHSA-vh55-786g-wjwj
#31 3.748 /src/src/services/invoice-management/Myb.Invoice.Models/Myb.Invoice.Models.csproj : warning NU1902: Package 'System.Security.Cryptography.Xml' 4.5.0 has a known moderate severity vulnerability, https://github.com/advisories/GHSA-vh55-786g-wjwj
#31 3.777 /src/src/common/Myb.Common.Authentification/Myb.Common.Authentification.csproj : warning NU1902: Package 'System.Security.Cryptography.Xml' 4.5.0 has a known moderate severity vulnerability, https://github.com/advisories/GHSA-vh55-786g-wjwj
#31 3.785 /src/src/services/invoice-management/Myb.Invoice.Infra/Myb.Invoice.Infra.csproj : warning NU1902: Package 'System.Security.Cryptography.Xml' 4.5.0 has a known moderate severity vulnerability, https://github.com/advisories/GHSA-vh55-786g-wjwj
#31 3.791 /src/src/common/Myb.Common.Repositories/Myb.Common.Repositories.csproj : warning NU1902: Package 'System.Security.Cryptography.Xml' 4.5.0 has a known moderate severity vulnerability, https://github.com/advisories/GHSA-vh55-786g-wjwj
#31 3.794 /src/src/services/invoice-management/Myb.Invoice.Services/Myb.Invoice.Services.csproj : warning NU1902: Package 'System.Security.Cryptography.Xml' 4.5.0 has a known moderate severity vulnerability, https://github.com/advisories/GHSA-vh55-786g-wjwj
#31 3.803 /src/src/services/invoice-management/Myb.Invoice.EntityFrameWork.Infra/Myb.Invoice.EntityFrameWork.Infra.csproj : warning NU1902: Package 'System.Security.Cryptography.Xml' 4.5.0 has a known moderate severity vulnerability, https://github.com/advisories/GHSA-vh55-786g-wjwj
#31 3.811 /src/src/common/Myb.Common.Utils/Myb.Common.Utils.csproj : warning NU1902: Package 'System.Security.Cryptography.Xml' 4.5.0 has a known moderate severity vulnerability, https://github.com/advisories/GHSA-vh55-786g-wjwj
#31 3.819 /src/src/common/Myb.Common.Models/Myb.Common.Models.csproj : warning NU1902: Package 'System.Security.Cryptography.Xml' 4.5.0 has a known moderate severity vulnerability, https://github.com/advisories/GHSA-vh55-786g-wjwj
#31 3.843 /src/src/services/time-sheet/Myb.Timesheet.Models/Myb.Timesheet.Models.csproj : warning NU1902: Package 'System.Security.Cryptography.Xml' 4.5.0 has a known moderate severity vulnerability, https://github.com/advisories/GHSA-vh55-786g-wjwj
#31 3.855 /src/src/services/time-sheet/Myb.Timesheet.Infra/Myb.Timesheet.Infra.csproj : warning NU1902: Package 'System.Security.Cryptography.Xml' 4.5.0 has a known moderate severity vulnerability, https://github.com/advisories/GHSA-vh55-786g-wjwj
#31 3.856 /src/src/services/time-sheet/Myb.Timesheet.Services/Myb.Timesheet.Services.csproj : warning NU1902: Package 'System.Security.Cryptography.Xml' 4.5.0 has a known moderate severity vulnerability, https://github.com/advisories/GHSA-vh55-786g-wjwj
#31 3.887 /src/src/services/user-manager/Myb.UserManager.Models/Myb.UserManager.Models.csproj : warning NU1902: Package 'System.Security.Cryptography.Xml' 4.5.0 has a known moderate severity vulnerability, https://github.com/advisories/GHSA-vh55-786g-wjwj
#31 5.274   Myb.Common.Stripe -> /app/build/Myb.Common.Stripe.dll
#31 5.279   Myb.Common.Utils -> /app/build/Myb.Common.Utils.dll
#31 5.282   Myb.Common.Models -> /app/build/Myb.Common.Models.dll
#31 5.432 /src/src/services/user-manager/Myb.UserManager.Models/UserPermission.cs(12,23): warning CS8618: Non-nullable property 'Name' must contain a non-null value when exiting constructor. Consider adding the 'required' modifier or declaring the property as nullable. [/src/src/services/user-manager/Myb.UserManager.Models/Myb.UserManager.Models.csproj]
#31 5.432 /src/src/services/user-manager/Myb.UserManager.Models/User.cs(13,23): warning CS8618: Non-nullable property 'Name' must contain a non-null value when exiting constructor. Consider adding the 'required' modifier or declaring the property as nullable. [/src/src/services/user-manager/Myb.UserManager.Models/Myb.UserManager.Models.csproj]
#31 5.432 /src/src/services/user-manager/Myb.UserManager.Models/User.cs(15,23): warning CS8618: Non-nullable property 'Username' must contain a non-null value when exiting constructor. Consider adding the 'required' modifier or declaring the property as nullable. [/src/src/services/user-manager/Myb.UserManager.Models/Myb.UserManager.Models.csproj]
#31 5.432 /src/src/services/user-manager/Myb.UserManager.Models/User.cs(16,23): warning CS8618: Non-nullable property 'Password' must contain a non-null value when exiting constructor. Consider adding the 'required' modifier or declaring the property as nullable. [/src/src/services/user-manager/Myb.UserManager.Models/Myb.UserManager.Models.csproj]
#31 5.432 /src/src/services/user-manager/Myb.UserManager.Models/UserRole.cs(18,23): warning CS8618: Non-nullable property 'Name' must contain a non-null value when exiting constructor. Consider adding the 'required' modifier or declaring the property as nullable. [/src/src/services/user-manager/Myb.UserManager.Models/Myb.UserManager.Models.csproj]
#31 5.435 /src/src/services/time-sheet/Myb.Timesheet.Models/TimeOff.cs(9,19): warning CS8618: Non-nullable property 'Reason' must contain a non-null value when exiting constructor. Consider adding the 'required' modifier or declaring the property as nullable. [/src/src/services/time-sheet/Myb.Timesheet.Models/Myb.Timesheet.Models.csproj]
#31 5.435 /src/src/services/time-sheet/Myb.Timesheet.Models/TimesheetTask.cs(9,19): warning CS8618: Non-nullable property 'name' must contain a non-null value when exiting constructor. Consider adding the 'required' modifier or declaring the property as nullable. [/src/src/services/time-sheet/Myb.Timesheet.Models/Myb.Timesheet.Models.csproj]
#31 5.469   Myb.UserManager.Models -> /app/build/Myb.UserManager.Models.dll
#31 5.487   Myb.Timesheet.Models -> /app/build/Myb.Timesheet.Models.dll
#31 5.504   Myb.Invoice.Models -> /app/build/Myb.Invoice.Models.dll
#31 5.586 /src/src/common/Myb.Common.Repositories/GenericRepository.cs(65,50): warning CS8602: Dereference of a possibly null reference. [/src/src/common/Myb.Common.Repositories/Myb.Common.Repositories.csproj]
#31 5.638   Myb.Common.Repositories -> /app/build/Myb.Common.Repositories.dll
#31 5.726 /src/src/common/Myb.Common.Authentification/Dtos/KeycloakUserDto.cs(5,19): warning CS8618: Non-nullable property 'Username' must contain a non-null value when exiting constructor. Consider adding the 'required' modifier or declaring the property as nullable. [/src/src/common/Myb.Common.Authentification/Myb.Common.Authentification.csproj]
#31 5.728 /src/src/common/Myb.Common.Authentification/Dtos/KeycloakUserDto.cs(6,19): warning CS8618: Non-nullable property 'Password' must contain a non-null value when exiting constructor. Consider adding the 'required' modifier or declaring the property as nullable. [/src/src/common/Myb.Common.Authentification/Myb.Common.Authentification.csproj]
#31 5.728 /src/src/common/Myb.Common.Authentification/Dtos/KeycloakTokenRequestDto.cs(8,23): warning CS8618: Non-nullable property 'GrantType' must contain a non-null value when exiting constructor. Consider adding the 'required' modifier or declaring the property as nullable. [/src/src/common/Myb.Common.Authentification/Myb.Common.Authentification.csproj]
#31 5.728 /src/src/common/Myb.Common.Authentification/Dtos/KeycloakTokenRequestDto.cs(11,23): warning CS8618: Non-nullable property 'ClientId' must contain a non-null value when exiting constructor. Consider adding the 'required' modifier or declaring the property as nullable. [/src/src/common/Myb.Common.Authentification/Myb.Common.Authentification.csproj]
#31 5.728 /src/src/common/Myb.Common.Authentification/Dtos/KeycloakTokenRequestDto.cs(14,23): warning CS8618: Non-nullable property 'Username' must contain a non-null value when exiting constructor. Consider adding the 'required' modifier or declaring the property as nullable. [/src/src/common/Myb.Common.Authentification/Myb.Common.Authentification.csproj]
#31 5.728 /src/src/common/Myb.Common.Authentification/Dtos/KeycloakTokenRequestDto.cs(17,23): warning CS8618: Non-nullable property 'Password' must contain a non-null value when exiting constructor. Consider adding the 'required' modifier or declaring the property as nullable. [/src/src/common/Myb.Common.Authentification/Myb.Common.Authentification.csproj]
#31 5.728 /src/src/common/Myb.Common.Authentification/Dtos/KeycloakTokenRequestDto.cs(20,23): warning CS8618: Non-nullable property 'ClientSecret' must contain a non-null value when exiting constructor. Consider adding the 'required' modifier or declaring the property as nullable. [/src/src/common/Myb.Common.Authentification/Myb.Common.Authentification.csproj]
#31 5.728 /src/src/common/Myb.Common.Authentification/Extensions/ServiceCollectionExtensions.cs(55,92): warning CS8604: Possible null reference argument for parameter 's' in 'byte[] Encoding.GetBytes(string s)'. [/src/src/common/Myb.Common.Authentification/Myb.Common.Authentification.csproj]
#31 5.796   Myb.Common.Authentification -> /app/build/Myb.Common.Authentification.dll
#31 5.827 /src/src/services/invoice-management/Myb.Invoice.EntityFrameWork.Infra/InvoiceContext.cs(16,16): warning CS8618: Non-nullable field '_configuration' must contain a non-null value when exiting constructor. Consider adding the 'required' modifier or declaring the field as nullable. [/src/src/services/invoice-management/Myb.Invoice.EntityFrameWork.Infra/Myb.Invoice.EntityFrameWork.Infra.csproj]
#31 5.830 /src/src/services/time-sheet/Myb.Timesheet.EntityFrameWork.Infra/TimesheetContext.cs(9,12): warning CS8618: Non-nullable field '_configuration' must contain a non-null value when exiting constructor. Consider adding the 'required' modifier or declaring the field as nullable. [/src/src/services/time-sheet/Myb.Timesheet.EntityFrameWork.Infra/Myb.Timesheet.EntityFrameWork.Infra.csproj]
#31 5.895   Myb.Invoice.EntityFrameWork.Infra -> /app/build/Myb.Invoice.EntityFrameWork.Infra.dll
#31 5.900   Myb.Timesheet.EntityFrameWork.Infra -> /app/build/Myb.Timesheet.EntityFrameWork.Infra.dll
#31 6.100 /src/src/services/invoice-management/Myb.Invoice.Services/ClientService.cs(36,34): warning CS8604: Possible null reference argument for parameter 'item' in 'void List<Contact>.Add(Contact item)'. [/src/src/services/invoice-management/Myb.Invoice.Services/Myb.Invoice.Services.csproj]
#31 6.100 /src/src/services/invoice-management/Myb.Invoice.Services/ClientService.cs(39,13): warning CS8602: Dereference of a possibly null reference. [/src/src/services/invoice-management/Myb.Invoice.Services/Myb.Invoice.Services.csproj]
#31 6.129 /src/src/services/time-sheet/Myb.Timesheet.Services/TimesheetService.cs(31,92): warning CS8604: Possible null reference argument for parameter 'value' in 'string string.Join(string? separator, params string?[] value)'. [/src/src/services/time-sheet/Myb.Timesheet.Services/Myb.Timesheet.Services.csproj]
#31 6.130 /src/src/services/time-sheet/Myb.Timesheet.Services/TimesheetService.cs(162,94): warning CS8604: Possible null reference argument for parameter 'value' in 'string string.Join(string? separator, params string?[] value)'. [/src/src/services/time-sheet/Myb.Timesheet.Services/Myb.Timesheet.Services.csproj]
#31 6.131 /src/src/services/time-sheet/Myb.Timesheet.Services/TimesheetService.cs(176,94): warning CS8604: Possible null reference argument for parameter 'value' in 'string string.Join(string? separator, params string?[] value)'. [/src/src/services/time-sheet/Myb.Timesheet.Services/Myb.Timesheet.Services.csproj]
#31 6.159 /usr/share/dotnet/sdk/10.0.102/Microsoft.Common.CurrentVersion.targets(5381,5): warning MSB3026: Could not copy "/root/.nuget/packages/questpdf/2024.7.2/LatoFont/Lato-ThinItalic.ttf" to "/app/build/LatoFont/Lato-ThinItalic.ttf". Beginning retry 1 in 1000ms. The process cannot access the file '/app/build/LatoFont/Lato-ThinItalic.ttf' because it is being used by another process.  [/src/src/services/invoice-management/Myb.Invoice.Services/Myb.Invoice.Services.csproj]
#31 6.167   Myb.Timesheet.Services -> /app/build/Myb.Timesheet.Services.dll
#31 6.281 /src/src/services/time-sheet/Myb.Timesheet.Infra/TimesheetResorver.cs(34,71): warning CS8604: Possible null reference argument for parameter 'userId' in 'Task<IEnumerable<TimeSheet>> ITimesheetService.GetTimeSheetsByUserIdAsync(string userId)'. [/src/src/services/time-sheet/Myb.Timesheet.Infra/Myb.Timesheet.Infra.csproj]
#31 6.308   Myb.Timesheet.Infra -> /app/build/Myb.Timesheet.Infra.dll
#31 6.436   Myb.Common.GraphQL.Infra -> /app/build/Myb.Common.GraphQL.Infra.dll
#31 7.182   Myb.Invoice.Services -> /app/build/Myb.Invoice.Services.dll
#31 7.294   Myb.Invoice.Infra -> /app/build/Myb.Invoice.Infra.dll
#31 7.816   Myb.Invoice -> /app/build/Myb.Invoice.dll
#31 7.826 
#31 7.826 Build succeeded.
#31 7.826 
#31 7.826 /src/src/common/Myb.Common.Repositories/Myb.Common.Repositories.csproj : warning NU1902: Package 'System.Security.Cryptography.Xml' 4.5.0 has a known moderate severity vulnerability, https://github.com/advisories/GHSA-vh55-786g-wjwj [/src/src/services/invoice-management/Myb.Invoice/Myb.Invoice.csproj]
#31 7.826 /src/src/services/invoice-management/Myb.Invoice.EntityFrameWork.Infra/Myb.Invoice.EntityFrameWork.Infra.csproj : warning NU1902: Package 'System.Security.Cryptography.Xml' 4.5.0 has a known moderate severity vulnerability, https://github.com/advisories/GHSA-vh55-786g-wjwj [/src/src/services/invoice-management/Myb.Invoice/Myb.Invoice.csproj]
#31 7.826 /src/src/services/invoice-management/Myb.Invoice.Infra/Myb.Invoice.Infra.csproj : warning NU1902: Package 'System.Security.Cryptography.Xml' 4.5.0 has a known moderate severity vulnerability, https://github.com/advisories/GHSA-vh55-786g-wjwj [/src/src/services/invoice-management/Myb.Invoice/Myb.Invoice.csproj]
#31 7.826 /src/src/services/invoice-management/Myb.Invoice.Models/Myb.Invoice.Models.csproj : warning NU1902: Package 'System.Security.Cryptography.Xml' 4.5.0 has a known moderate severity vulnerability, https://github.com/advisories/GHSA-vh55-786g-wjwj [/src/src/services/invoice-management/Myb.Invoice/Myb.Invoice.csproj]
#31 7.826 /src/src/services/user-manager/Myb.UserManager.Models/Myb.UserManager.Models.csproj : warning NU1902: Package 'System.Security.Cryptography.Xml' 4.5.0 has a known moderate severity vulnerability, https://github.com/advisories/GHSA-vh55-786g-wjwj [/src/src/services/invoice-management/Myb.Invoice/Myb.Invoice.csproj]
#31 7.826 /src/src/common/Myb.Common.Models/Myb.Common.Models.csproj : warning NU1902: Package 'System.Security.Cryptography.Xml' 4.5.0 has a known moderate severity vulnerability, https://github.com/advisories/GHSA-vh55-786g-wjwj [/src/src/services/invoice-management/Myb.Invoice/Myb.Invoice.csproj]
#31 7.826 /src/src/common/Myb.Common.Authentification/Myb.Common.Authentification.csproj : warning NU1902: Package 'System.Security.Cryptography.Xml' 4.5.0 has a known moderate severity vulnerability, https://github.com/advisories/GHSA-vh55-786g-wjwj [/src/src/services/invoice-management/Myb.Invoice/Myb.Invoice.csproj]
#31 7.826 /src/src/common/Myb.Common.Utils/Myb.Common.Utils.csproj : warning NU1902: Package 'System.Security.Cryptography.Xml' 4.5.0 has a known moderate severity vulnerability, https://github.com/advisories/GHSA-vh55-786g-wjwj [/src/src/services/invoice-management/Myb.Invoice/Myb.Invoice.csproj]
#31 7.826 /src/src/services/invoice-management/Myb.Invoice.Services/Myb.Invoice.Services.csproj : warning NU1902: Package 'System.Security.Cryptography.Xml' 4.5.0 has a known moderate severity vulnerability, https://github.com/advisories/GHSA-vh55-786g-wjwj [/src/src/services/invoice-management/Myb.Invoice/Myb.Invoice.csproj]
#31 7.826 /src/src/services/time-sheet/Myb.Timesheet.Services/Myb.Timesheet.Services.csproj : warning NU1902: Package 'System.Security.Cryptography.Xml' 4.5.0 has a known moderate severity vulnerability, https://github.com/advisories/GHSA-vh55-786g-wjwj [/src/src/services/invoice-management/Myb.Invoice/Myb.Invoice.csproj]
#31 7.826 /src/src/services/time-sheet/Myb.Timesheet.Infra/Myb.Timesheet.Infra.csproj : warning NU1902: Package 'System.Security.Cryptography.Xml' 4.5.0 has a known moderate severity vulnerability, https://github.com/advisories/GHSA-vh55-786g-wjwj [/src/src/services/invoice-management/Myb.Invoice/Myb.Invoice.csproj]
#31 7.826 /src/src/services/time-sheet/Myb.Timesheet.Models/Myb.Timesheet.Models.csproj : warning NU1902: Package 'System.Security.Cryptography.Xml' 4.5.0 has a known moderate severity vulnerability, https://github.com/advisories/GHSA-vh55-786g-wjwj [/src/src/services/invoice-management/Myb.Invoice/Myb.Invoice.csproj]
#31 7.826 /src/src/common/Myb.Common.GraphQL.Infra/Myb.Common.GraphQL.Infra.csproj : warning NU1902: Package 'System.Security.Cryptography.Xml' 4.5.0 has a known moderate severity vulnerability, https://github.com/advisories/GHSA-vh55-786g-wjwj [/src/src/services/invoice-management/Myb.Invoice/Myb.Invoice.csproj]
#31 7.826 /src/src/common/Myb.Common.GraphQL.Infra/Myb.Common.GraphQL.Infra.csproj : warning NU1902: Package 'System.Security.Cryptography.Xml' 4.5.0 has a known moderate severity vulnerability, https://github.com/advisories/GHSA-vh55-786g-wjwj
#31 7.826 /src/src/services/invoice-management/Myb.Invoice.Models/Myb.Invoice.Models.csproj : warning NU1902: Package 'System.Security.Cryptography.Xml' 4.5.0 has a known moderate severity vulnerability, https://github.com/advisories/GHSA-vh55-786g-wjwj
#31 7.826 /src/src/common/Myb.Common.Authentification/Myb.Common.Authentification.csproj : warning NU1902: Package 'System.Security.Cryptography.Xml' 4.5.0 has a known moderate severity vulnerability, https://github.com/advisories/GHSA-vh55-786g-wjwj
#31 7.826 /src/src/services/invoice-management/Myb.Invoice.Infra/Myb.Invoice.Infra.csproj : warning NU1902: Package 'System.Security.Cryptography.Xml' 4.5.0 has a known moderate severity vulnerability, https://github.com/advisories/GHSA-vh55-786g-wjwj
#31 7.826 /src/src/common/Myb.Common.Repositories/Myb.Common.Repositories.csproj : warning NU1902: Package 'System.Security.Cryptography.Xml' 4.5.0 has a known moderate severity vulnerability, https://github.com/advisories/GHSA-vh55-786g-wjwj
#31 7.826 /src/src/services/invoice-management/Myb.Invoice.Services/Myb.Invoice.Services.csproj : warning NU1902: Package 'System.Security.Cryptography.Xml' 4.5.0 has a known moderate severity vulnerability, https://github.com/advisories/GHSA-vh55-786g-wjwj
#31 7.826 /src/src/services/invoice-management/Myb.Invoice.EntityFrameWork.Infra/Myb.Invoice.EntityFrameWork.Infra.csproj : warning NU1902: Package 'System.Security.Cryptography.Xml' 4.5.0 has a known moderate severity vulnerability, https://github.com/advisories/GHSA-vh55-786g-wjwj
#31 7.826 /src/src/common/Myb.Common.Utils/Myb.Common.Utils.csproj : warning NU1902: Package 'System.Security.Cryptography.Xml' 4.5.0 has a known moderate severity vulnerability, https://github.com/advisories/GHSA-vh55-786g-wjwj
#31 7.826 /src/src/common/Myb.Common.Models/Myb.Common.Models.csproj : warning NU1902: Package 'System.Security.Cryptography.Xml' 4.5.0 has a known moderate severity vulnerability, https://github.com/advisories/GHSA-vh55-786g-wjwj
#31 7.826 /src/src/services/time-sheet/Myb.Timesheet.Models/Myb.Timesheet.Models.csproj : warning NU1902: Package 'System.Security.Cryptography.Xml' 4.5.0 has a known moderate severity vulnerability, https://github.com/advisories/GHSA-vh55-786g-wjwj
#31 7.826 /src/src/services/time-sheet/Myb.Timesheet.Infra/Myb.Timesheet.Infra.csproj : warning NU1902: Package 'System.Security.Cryptography.Xml' 4.5.0 has a known moderate severity vulnerability, https://github.com/advisories/GHSA-vh55-786g-wjwj
#31 7.826 /src/src/services/time-sheet/Myb.Timesheet.Services/Myb.Timesheet.Services.csproj : warning NU1902: Package 'System.Security.Cryptography.Xml' 4.5.0 has a known moderate severity vulnerability, https://github.com/advisories/GHSA-vh55-786g-wjwj
#31 7.826 /src/src/services/user-manager/Myb.UserManager.Models/Myb.UserManager.Models.csproj : warning NU1902: Package 'System.Security.Cryptography.Xml' 4.5.0 has a known moderate severity vulnerability, https://github.com/advisories/GHSA-vh55-786g-wjwj
#31 7.826 /src/src/services/user-manager/Myb.UserManager.Models/UserPermission.cs(12,23): warning CS8618: Non-nullable property 'Name' must contain a non-null value when exiting constructor. Consider adding the 'required' modifier or declaring the property as nullable. [/src/src/services/user-manager/Myb.UserManager.Models/Myb.UserManager.Models.csproj]
#31 7.826 /src/src/services/user-manager/Myb.UserManager.Models/User.cs(13,23): warning CS8618: Non-nullable property 'Name' must contain a non-null value when exiting constructor. Consider adding the 'required' modifier or declaring the property as nullable. [/src/src/services/user-manager/Myb.UserManager.Models/Myb.UserManager.Models.csproj]
#31 7.826 /src/src/services/user-manager/Myb.UserManager.Models/User.cs(15,23): warning CS8618: Non-nullable property 'Username' must contain a non-null value when exiting constructor. Consider adding the 'required' modifier or declaring the property as nullable. [/src/src/services/user-manager/Myb.UserManager.Models/Myb.UserManager.Models.csproj]
#31 7.826 /src/src/services/user-manager/Myb.UserManager.Models/User.cs(16,23): warning CS8618: Non-nullable property 'Password' must contain a non-null value when exiting constructor. Consider adding the 'required' modifier or declaring the property as nullable. [/src/src/services/user-manager/Myb.UserManager.Models/Myb.UserManager.Models.csproj]
#31 7.826 /src/src/services/user-manager/Myb.UserManager.Models/UserRole.cs(18,23): warning CS8618: Non-nullable property 'Name' must contain a non-null value when exiting constructor. Consider adding the 'required' modifier or declaring the property as nullable. [/src/src/services/user-manager/Myb.UserManager.Models/Myb.UserManager.Models.csproj]
#31 7.826 /src/src/services/time-sheet/Myb.Timesheet.Models/TimeOff.cs(9,19): warning CS8618: Non-nullable property 'Reason' must contain a non-null value when exiting constructor. Consider adding the 'required' modifier or declaring the property as nullable. [/src/src/services/time-sheet/Myb.Timesheet.Models/Myb.Timesheet.Models.csproj]
#31 7.826 /src/src/services/time-sheet/Myb.Timesheet.Models/TimesheetTask.cs(9,19): warning CS8618: Non-nullable property 'name' must contain a non-null value when exiting constructor. Consider adding the 'required' modifier or declaring the property as nullable. [/src/src/services/time-sheet/Myb.Timesheet.Models/Myb.Timesheet.Models.csproj]
#31 7.826 /src/src/common/Myb.Common.Repositories/GenericRepository.cs(65,50): warning CS8602: Dereference of a possibly null reference. [/src/src/common/Myb.Common.Repositories/Myb.Common.Repositories.csproj]
#31 7.827 /src/src/common/Myb.Common.Authentification/Dtos/KeycloakUserDto.cs(5,19): warning CS8618: Non-nullable property 'Username' must contain a non-null value when exiting constructor. Consider adding the 'required' modifier or declaring the property as nullable. [/src/src/common/Myb.Common.Authentification/Myb.Common.Authentification.csproj]
#31 7.827 /src/src/common/Myb.Common.Authentification/Dtos/KeycloakUserDto.cs(6,19): warning CS8618: Non-nullable property 'Password' must contain a non-null value when exiting constructor. Consider adding the 'required' modifier or declaring the property as nullable. [/src/src/common/Myb.Common.Authentification/Myb.Common.Authentification.csproj]
#31 7.827 /src/src/common/Myb.Common.Authentification/Dtos/KeycloakTokenRequestDto.cs(8,23): warning CS8618: Non-nullable property 'GrantType' must contain a non-null value when exiting constructor. Consider adding the 'required' modifier or declaring the property as nullable. [/src/src/common/Myb.Common.Authentification/Myb.Common.Authentification.csproj]
#31 7.827 /src/src/common/Myb.Common.Authentification/Dtos/KeycloakTokenRequestDto.cs(11,23): warning CS8618: Non-nullable property 'ClientId' must contain a non-null value when exiting constructor. Consider adding the 'required' modifier or declaring the property as nullable. [/src/src/common/Myb.Common.Authentification/Myb.Common.Authentification.csproj]
#31 7.827 /src/src/common/Myb.Common.Authentification/Dtos/KeycloakTokenRequestDto.cs(14,23): warning CS8618: Non-nullable property 'Username' must contain a non-null value when exiting constructor. Consider adding the 'required' modifier or declaring the property as nullable. [/src/src/common/Myb.Common.Authentification/Myb.Common.Authentification.csproj]
#31 7.827 /src/src/common/Myb.Common.Authentification/Dtos/KeycloakTokenRequestDto.cs(17,23): warning CS8618: Non-nullable property 'Password' must contain a non-null value when exiting constructor. Consider adding the 'required' modifier or declaring the property as nullable. [/src/src/common/Myb.Common.Authentification/Myb.Common.Authentification.csproj]
#31 7.827 /src/src/common/Myb.Common.Authentification/Dtos/KeycloakTokenRequestDto.cs(20,23): warning CS8618: Non-nullable property 'ClientSecret' must contain a non-null value when exiting constructor. Consider adding the 'required' modifier or declaring the property as nullable. [/src/src/common/Myb.Common.Authentification/Myb.Common.Authentification.csproj]
#31 7.827 /src/src/common/Myb.Common.Authentification/Extensions/ServiceCollectionExtensions.cs(55,92): warning CS8604: Possible null reference argument for parameter 's' in 'byte[] Encoding.GetBytes(string s)'. [/src/src/common/Myb.Common.Authentification/Myb.Common.Authentification.csproj]
#31 7.827 /src/src/services/invoice-management/Myb.Invoice.EntityFrameWork.Infra/InvoiceContext.cs(16,16): warning CS8618: Non-nullable field '_configuration' must contain a non-null value when exiting constructor. Consider adding the 'required' modifier or declaring the field as nullable. [/src/src/services/invoice-management/Myb.Invoice.EntityFrameWork.Infra/Myb.Invoice.EntityFrameWork.Infra.csproj]
#31 7.827 /src/src/services/time-sheet/Myb.Timesheet.EntityFrameWork.Infra/TimesheetContext.cs(9,12): warning CS8618: Non-nullable field '_configuration' must contain a non-null value when exiting constructor. Consider adding the 'required' modifier or declaring the field as nullable. [/src/src/services/time-sheet/Myb.Timesheet.EntityFrameWork.Infra/Myb.Timesheet.EntityFrameWork.Infra.csproj]
#31 7.827 /src/src/services/invoice-management/Myb.Invoice.Services/ClientService.cs(36,34): warning CS8604: Possible null reference argument for parameter 'item' in 'void List<Contact>.Add(Contact item)'. [/src/src/services/invoice-management/Myb.Invoice.Services/Myb.Invoice.Services.csproj]
#31 7.827 /src/src/services/invoice-management/Myb.Invoice.Services/ClientService.cs(39,13): warning CS8602: Dereference of a possibly null reference. [/src/src/services/invoice-management/Myb.Invoice.Services/Myb.Invoice.Services.csproj]
#31 7.827 /src/src/services/time-sheet/Myb.Timesheet.Services/TimesheetService.cs(31,92): warning CS8604: Possible null reference argument for parameter 'value' in 'string string.Join(string? separator, params string?[] value)'. [/src/src/services/time-sheet/Myb.Timesheet.Services/Myb.Timesheet.Services.csproj]
#31 7.827 /src/src/services/time-sheet/Myb.Timesheet.Services/TimesheetService.cs(162,94): warning CS8604: Possible null reference argument for parameter 'value' in 'string string.Join(string? separator, params string?[] value)'. [/src/src/services/time-sheet/Myb.Timesheet.Services/Myb.Timesheet.Services.csproj]
#31 7.827 /src/src/services/time-sheet/Myb.Timesheet.Services/TimesheetService.cs(176,94): warning CS8604: Possible null reference argument for parameter 'value' in 'string string.Join(string? separator, params string?[] value)'. [/src/src/services/time-sheet/Myb.Timesheet.Services/Myb.Timesheet.Services.csproj]
#31 7.827 /usr/share/dotnet/sdk/10.0.102/Microsoft.Common.CurrentVersion.targets(5381,5): warning MSB3026: Could not copy "/root/.nuget/packages/questpdf/2024.7.2/LatoFont/Lato-ThinItalic.ttf" to "/app/build/LatoFont/Lato-ThinItalic.ttf". Beginning retry 1 in 1000ms. The process cannot access the file '/app/build/LatoFont/Lato-ThinItalic.ttf' because it is being used by another process.  [/src/src/services/invoice-management/Myb.Invoice.Services/Myb.Invoice.Services.csproj]
#31 7.827 /src/src/services/time-sheet/Myb.Timesheet.Infra/TimesheetResorver.cs(34,71): warning CS8604: Possible null reference argument for parameter 'userId' in 'Task<IEnumerable<TimeSheet>> ITimesheetService.GetTimeSheetsByUserIdAsync(string userId)'. [/src/src/services/time-sheet/Myb.Timesheet.Infra/Myb.Timesheet.Infra.csproj]
#31 7.827     51 Warning(s)
#31 7.827     0 Error(s)
#31 7.827 
#31 7.827 Time Elapsed 00:00:07.62
#31 DONE 7.9s

#32 [publish 1/1] RUN dotnet publish "Myb.Invoice.csproj" -c Release -o /app/publish /p:UseAppHost=false
#32 0.412   Determining projects to restore...
#32 1.020 /src/src/services/invoice-management/Myb.Invoice.EntityFrameWork.Infra/Myb.Invoice.EntityFrameWork.Infra.csproj : warning NU1902: Package 'System.Security.Cryptography.Xml' 4.5.0 has a known moderate severity vulnerability, https://github.com/advisories/GHSA-vh55-786g-wjwj [/src/src/services/invoice-management/Myb.Invoice/Myb.Invoice.csproj]
#32 1.020 /src/src/services/invoice-management/Myb.Invoice.Services/Myb.Invoice.Services.csproj : warning NU1902: Package 'System.Security.Cryptography.Xml' 4.5.0 has a known moderate severity vulnerability, https://github.com/advisories/GHSA-vh55-786g-wjwj [/src/src/services/invoice-management/Myb.Invoice/Myb.Invoice.csproj]
#32 1.020 /src/src/services/user-manager/Myb.UserManager.Models/Myb.UserManager.Models.csproj : warning NU1902: Package 'System.Security.Cryptography.Xml' 4.5.0 has a known moderate severity vulnerability, https://github.com/advisories/GHSA-vh55-786g-wjwj [/src/src/services/invoice-management/Myb.Invoice/Myb.Invoice.csproj]
#32 1.020 /src/src/services/time-sheet/Myb.Timesheet.Infra/Myb.Timesheet.Infra.csproj : warning NU1902: Package 'System.Security.Cryptography.Xml' 4.5.0 has a known moderate severity vulnerability, https://github.com/advisories/GHSA-vh55-786g-wjwj [/src/src/services/invoice-management/Myb.Invoice/Myb.Invoice.csproj]
#32 1.020 /src/src/services/invoice-management/Myb.Invoice.Models/Myb.Invoice.Models.csproj : warning NU1902: Package 'System.Security.Cryptography.Xml' 4.5.0 has a known moderate severity vulnerability, https://github.com/advisories/GHSA-vh55-786g-wjwj [/src/src/services/invoice-management/Myb.Invoice/Myb.Invoice.csproj]
#32 1.020 /src/src/common/Myb.Common.Utils/Myb.Common.Utils.csproj : warning NU1902: Package 'System.Security.Cryptography.Xml' 4.5.0 has a known moderate severity vulnerability, https://github.com/advisories/GHSA-vh55-786g-wjwj [/src/src/services/invoice-management/Myb.Invoice/Myb.Invoice.csproj]
#32 1.020 /src/src/common/Myb.Common.GraphQL.Infra/Myb.Common.GraphQL.Infra.csproj : warning NU1902: Package 'System.Security.Cryptography.Xml' 4.5.0 has a known moderate severity vulnerability, https://github.com/advisories/GHSA-vh55-786g-wjwj [/src/src/services/invoice-management/Myb.Invoice/Myb.Invoice.csproj]
#32 1.020 /src/src/services/invoice-management/Myb.Invoice.Infra/Myb.Invoice.Infra.csproj : warning NU1902: Package 'System.Security.Cryptography.Xml' 4.5.0 has a known moderate severity vulnerability, https://github.com/advisories/GHSA-vh55-786g-wjwj [/src/src/services/invoice-management/Myb.Invoice/Myb.Invoice.csproj]
#32 1.020 /src/src/services/time-sheet/Myb.Timesheet.Services/Myb.Timesheet.Services.csproj : warning NU1902: Package 'System.Security.Cryptography.Xml' 4.5.0 has a known moderate severity vulnerability, https://github.com/advisories/GHSA-vh55-786g-wjwj [/src/src/services/invoice-management/Myb.Invoice/Myb.Invoice.csproj]
#32 1.020 /src/src/common/Myb.Common.Models/Myb.Common.Models.csproj : warning NU1902: Package 'System.Security.Cryptography.Xml' 4.5.0 has a known moderate severity vulnerability, https://github.com/advisories/GHSA-vh55-786g-wjwj [/src/src/services/invoice-management/Myb.Invoice/Myb.Invoice.csproj]
#32 1.020 /src/src/common/Myb.Common.Authentification/Myb.Common.Authentification.csproj : warning NU1902: Package 'System.Security.Cryptography.Xml' 4.5.0 has a known moderate severity vulnerability, https://github.com/advisories/GHSA-vh55-786g-wjwj [/src/src/services/invoice-management/Myb.Invoice/Myb.Invoice.csproj]
#32 1.020 /src/src/services/time-sheet/Myb.Timesheet.Models/Myb.Timesheet.Models.csproj : warning NU1902: Package 'System.Security.Cryptography.Xml' 4.5.0 has a known moderate severity vulnerability, https://github.com/advisories/GHSA-vh55-786g-wjwj [/src/src/services/invoice-management/Myb.Invoice/Myb.Invoice.csproj]
#32 1.021 /src/src/common/Myb.Common.Repositories/Myb.Common.Repositories.csproj : warning NU1902: Package 'System.Security.Cryptography.Xml' 4.5.0 has a known moderate severity vulnerability, https://github.com/advisories/GHSA-vh55-786g-wjwj [/src/src/services/invoice-management/Myb.Invoice/Myb.Invoice.csproj]
#32 1.023   All projects are up-to-date for restore.
#32 1.403 /src/src/common/Myb.Common.Authentification/Myb.Common.Authentification.csproj : warning NU1902: Package 'System.Security.Cryptography.Xml' 4.5.0 has a known moderate severity vulnerability, https://github.com/advisories/GHSA-vh55-786g-wjwj
#32 1.405 /src/src/services/invoice-management/Myb.Invoice.Infra/Myb.Invoice.Infra.csproj : warning NU1902: Package 'System.Security.Cryptography.Xml' 4.5.0 has a known moderate severity vulnerability, https://github.com/advisories/GHSA-vh55-786g-wjwj
#32 1.417 /src/src/services/invoice-management/Myb.Invoice.Services/Myb.Invoice.Services.csproj : warning NU1902: Package 'System.Security.Cryptography.Xml' 4.5.0 has a known moderate severity vulnerability, https://github.com/advisories/GHSA-vh55-786g-wjwj
#32 1.431 /src/src/services/invoice-management/Myb.Invoice.Models/Myb.Invoice.Models.csproj : warning NU1902: Package 'System.Security.Cryptography.Xml' 4.5.0 has a known moderate severity vulnerability, https://github.com/advisories/GHSA-vh55-786g-wjwj
#32 1.431 /src/src/common/Myb.Common.Utils/Myb.Common.Utils.csproj : warning NU1902: Package 'System.Security.Cryptography.Xml' 4.5.0 has a known moderate severity vulnerability, https://github.com/advisories/GHSA-vh55-786g-wjwj
#32 1.446 /src/src/common/Myb.Common.GraphQL.Infra/Myb.Common.GraphQL.Infra.csproj : warning NU1902: Package 'System.Security.Cryptography.Xml' 4.5.0 has a known moderate severity vulnerability, https://github.com/advisories/GHSA-vh55-786g-wjwj
#32 1.448 /src/src/common/Myb.Common.Repositories/Myb.Common.Repositories.csproj : warning NU1902: Package 'System.Security.Cryptography.Xml' 4.5.0 has a known moderate severity vulnerability, https://github.com/advisories/GHSA-vh55-786g-wjwj
#32 1.449 /src/src/common/Myb.Common.Models/Myb.Common.Models.csproj : warning NU1902: Package 'System.Security.Cryptography.Xml' 4.5.0 has a known moderate severity vulnerability, https://github.com/advisories/GHSA-vh55-786g-wjwj
#32 1.459 /src/src/services/user-manager/Myb.UserManager.Models/Myb.UserManager.Models.csproj : warning NU1902: Package 'System.Security.Cryptography.Xml' 4.5.0 has a known moderate severity vulnerability, https://github.com/advisories/GHSA-vh55-786g-wjwj
#32 1.470 /src/src/services/invoice-management/Myb.Invoice.EntityFrameWork.Infra/Myb.Invoice.EntityFrameWork.Infra.csproj : warning NU1902: Package 'System.Security.Cryptography.Xml' 4.5.0 has a known moderate severity vulnerability, https://github.com/advisories/GHSA-vh55-786g-wjwj
#32 1.479 /src/src/services/time-sheet/Myb.Timesheet.Services/Myb.Timesheet.Services.csproj : warning NU1902: Package 'System.Security.Cryptography.Xml' 4.5.0 has a known moderate severity vulnerability, https://github.com/advisories/GHSA-vh55-786g-wjwj
#32 1.512 /src/src/services/time-sheet/Myb.Timesheet.Infra/Myb.Timesheet.Infra.csproj : warning NU1902: Package 'System.Security.Cryptography.Xml' 4.5.0 has a known moderate severity vulnerability, https://github.com/advisories/GHSA-vh55-786g-wjwj
#32 1.517 /src/src/services/time-sheet/Myb.Timesheet.Models/Myb.Timesheet.Models.csproj : warning NU1902: Package 'System.Security.Cryptography.Xml' 4.5.0 has a known moderate severity vulnerability, https://github.com/advisories/GHSA-vh55-786g-wjwj
#32 1.561   Myb.Common.Stripe -> /src/src/common/Myb.Common.Stripe/bin/Release/net10.0/Myb.Common.Stripe.dll
#32 1.565   Myb.Common.Models -> /src/src/common/Myb.Common.Models/bin/Release/net10.0/Myb.Common.Models.dll
#32 1.569   Myb.Common.Utils -> /src/src/common/Myb.Common.Utils/bin/Release/net10.0/Myb.Common.Utils.dll
#32 2.949 /src/src/services/user-manager/Myb.UserManager.Models/UserPermission.cs(12,23): warning CS8618: Non-nullable property 'Name' must contain a non-null value when exiting constructor. Consider adding the 'required' modifier or declaring the property as nullable. [/src/src/services/user-manager/Myb.UserManager.Models/Myb.UserManager.Models.csproj]
#32 2.949 /src/src/services/user-manager/Myb.UserManager.Models/UserRole.cs(18,23): warning CS8618: Non-nullable property 'Name' must contain a non-null value when exiting constructor. Consider adding the 'required' modifier or declaring the property as nullable. [/src/src/services/user-manager/Myb.UserManager.Models/Myb.UserManager.Models.csproj]
#32 2.949 /src/src/services/user-manager/Myb.UserManager.Models/User.cs(13,23): warning CS8618: Non-nullable property 'Name' must contain a non-null value when exiting constructor. Consider adding the 'required' modifier or declaring the property as nullable. [/src/src/services/user-manager/Myb.UserManager.Models/Myb.UserManager.Models.csproj]
#32 2.949 /src/src/services/user-manager/Myb.UserManager.Models/User.cs(15,23): warning CS8618: Non-nullable property 'Username' must contain a non-null value when exiting constructor. Consider adding the 'required' modifier or declaring the property as nullable. [/src/src/services/user-manager/Myb.UserManager.Models/Myb.UserManager.Models.csproj]
#32 2.949 /src/src/services/user-manager/Myb.UserManager.Models/User.cs(16,23): warning CS8618: Non-nullable property 'Password' must contain a non-null value when exiting constructor. Consider adding the 'required' modifier or declaring the property as nullable. [/src/src/services/user-manager/Myb.UserManager.Models/Myb.UserManager.Models.csproj]
#32 2.952 /src/src/services/time-sheet/Myb.Timesheet.Models/TimesheetTask.cs(9,19): warning CS8618: Non-nullable property 'name' must contain a non-null value when exiting constructor. Consider adding the 'required' modifier or declaring the property as nullable. [/src/src/services/time-sheet/Myb.Timesheet.Models/Myb.Timesheet.Models.csproj]
#32 2.952 /src/src/services/time-sheet/Myb.Timesheet.Models/TimeOff.cs(9,19): warning CS8618: Non-nullable property 'Reason' must contain a non-null value when exiting constructor. Consider adding the 'required' modifier or declaring the property as nullable. [/src/src/services/time-sheet/Myb.Timesheet.Models/Myb.Timesheet.Models.csproj]
#32 2.954 /src/src/common/Myb.Common.Repositories/GenericRepository.cs(65,50): warning CS8602: Dereference of a possibly null reference. [/src/src/common/Myb.Common.Repositories/Myb.Common.Repositories.csproj]
#32 2.990   Myb.Invoice.Models -> /src/src/services/invoice-management/Myb.Invoice.Models/bin/Release/net10.0/Myb.Invoice.Models.dll
#32 2.998   Myb.Timesheet.Models -> /src/src/services/time-sheet/Myb.Timesheet.Models/bin/Release/net10.0/Myb.Timesheet.Models.dll
#32 3.004   Myb.UserManager.Models -> /src/src/services/user-manager/Myb.UserManager.Models/bin/Release/net10.0/Myb.UserManager.Models.dll
#32 3.019   Myb.Common.Repositories -> /src/src/common/Myb.Common.Repositories/bin/Release/net10.0/Myb.Common.Repositories.dll
#32 3.160 /src/src/common/Myb.Common.Authentification/Dtos/KeycloakTokenRequestDto.cs(8,23): warning CS8618: Non-nullable property 'GrantType' must contain a non-null value when exiting constructor. Consider adding the 'required' modifier or declaring the property as nullable. [/src/src/common/Myb.Common.Authentification/Myb.Common.Authentification.csproj]
#32 3.160 /src/src/common/Myb.Common.Authentification/Dtos/KeycloakTokenRequestDto.cs(11,23): warning CS8618: Non-nullable property 'ClientId' must contain a non-null value when exiting constructor. Consider adding the 'required' modifier or declaring the property as nullable. [/src/src/common/Myb.Common.Authentification/Myb.Common.Authentification.csproj]
#32 3.160 /src/src/common/Myb.Common.Authentification/Dtos/KeycloakTokenRequestDto.cs(14,23): warning CS8618: Non-nullable property 'Username' must contain a non-null value when exiting constructor. Consider adding the 'required' modifier or declaring the property as nullable. [/src/src/common/Myb.Common.Authentification/Myb.Common.Authentification.csproj]
#32 3.160 /src/src/common/Myb.Common.Authentification/Dtos/KeycloakTokenRequestDto.cs(17,23): warning CS8618: Non-nullable property 'Password' must contain a non-null value when exiting constructor. Consider adding the 'required' modifier or declaring the property as nullable. [/src/src/common/Myb.Common.Authentification/Myb.Common.Authentification.csproj]
#32 3.160 /src/src/common/Myb.Common.Authentification/Dtos/KeycloakTokenRequestDto.cs(20,23): warning CS8618: Non-nullable property 'ClientSecret' must contain a non-null value when exiting constructor. Consider adding the 'required' modifier or declaring the property as nullable. [/src/src/common/Myb.Common.Authentification/Myb.Common.Authentification.csproj]
#32 3.160 /src/src/common/Myb.Common.Authentification/Dtos/KeycloakUserDto.cs(5,19): warning CS8618: Non-nullable property 'Username' must contain a non-null value when exiting constructor. Consider adding the 'required' modifier or declaring the property as nullable. [/src/src/common/Myb.Common.Authentification/Myb.Common.Authentification.csproj]
#32 3.160 /src/src/common/Myb.Common.Authentification/Dtos/KeycloakUserDto.cs(6,19): warning CS8618: Non-nullable property 'Password' must contain a non-null value when exiting constructor. Consider adding the 'required' modifier or declaring the property as nullable. [/src/src/common/Myb.Common.Authentification/Myb.Common.Authentification.csproj]
#32 3.160 /src/src/common/Myb.Common.Authentification/Extensions/ServiceCollectionExtensions.cs(55,92): warning CS8604: Possible null reference argument for parameter 's' in 'byte[] Encoding.GetBytes(string s)'. [/src/src/common/Myb.Common.Authentification/Myb.Common.Authentification.csproj]
#32 3.196   Myb.Common.Authentification -> /src/src/common/Myb.Common.Authentification/bin/Release/net10.0/Myb.Common.Authentification.dll
#32 3.228 /src/src/services/invoice-management/Myb.Invoice.EntityFrameWork.Infra/InvoiceContext.cs(16,16): warning CS8618: Non-nullable field '_configuration' must contain a non-null value when exiting constructor. Consider adding the 'required' modifier or declaring the field as nullable. [/src/src/services/invoice-management/Myb.Invoice.EntityFrameWork.Infra/Myb.Invoice.EntityFrameWork.Infra.csproj]
#32 3.271   Myb.Invoice.EntityFrameWork.Infra -> /src/src/services/invoice-management/Myb.Invoice.EntityFrameWork.Infra/bin/Release/net10.0/Myb.Invoice.EntityFrameWork.Infra.dll
#32 3.437 /src/src/services/time-sheet/Myb.Timesheet.EntityFrameWork.Infra/TimesheetContext.cs(9,12): warning CS8618: Non-nullable field '_configuration' must contain a non-null value when exiting constructor. Consider adding the 'required' modifier or declaring the field as nullable. [/src/src/services/time-sheet/Myb.Timesheet.EntityFrameWork.Infra/Myb.Timesheet.EntityFrameWork.Infra.csproj]
#32 3.504   Myb.Timesheet.EntityFrameWork.Infra -> /src/src/services/time-sheet/Myb.Timesheet.EntityFrameWork.Infra/bin/Release/net10.0/Myb.Timesheet.EntityFrameWork.Infra.dll
#32 3.680 /src/src/services/invoice-management/Myb.Invoice.Services/ClientService.cs(36,34): warning CS8604: Possible null reference argument for parameter 'item' in 'void List<Contact>.Add(Contact item)'. [/src/src/services/invoice-management/Myb.Invoice.Services/Myb.Invoice.Services.csproj]
#32 3.680 /src/src/services/invoice-management/Myb.Invoice.Services/ClientService.cs(39,13): warning CS8602: Dereference of a possibly null reference. [/src/src/services/invoice-management/Myb.Invoice.Services/Myb.Invoice.Services.csproj]
#32 3.728 /src/src/services/time-sheet/Myb.Timesheet.Services/TimesheetService.cs(31,92): warning CS8604: Possible null reference argument for parameter 'value' in 'string string.Join(string? separator, params string?[] value)'. [/src/src/services/time-sheet/Myb.Timesheet.Services/Myb.Timesheet.Services.csproj]
#32 3.728 /src/src/services/time-sheet/Myb.Timesheet.Services/TimesheetService.cs(162,94): warning CS8604: Possible null reference argument for parameter 'value' in 'string string.Join(string? separator, params string?[] value)'. [/src/src/services/time-sheet/Myb.Timesheet.Services/Myb.Timesheet.Services.csproj]
#32 3.728 /src/src/services/time-sheet/Myb.Timesheet.Services/TimesheetService.cs(176,94): warning CS8604: Possible null reference argument for parameter 'value' in 'string string.Join(string? separator, params string?[] value)'. [/src/src/services/time-sheet/Myb.Timesheet.Services/Myb.Timesheet.Services.csproj]
#32 3.752   Myb.Invoice.Services -> /src/src/services/invoice-management/Myb.Invoice.Services/bin/Release/net10.0/Myb.Invoice.Services.dll
#32 3.762   Myb.Timesheet.Services -> /src/src/services/time-sheet/Myb.Timesheet.Services/bin/Release/net10.0/Myb.Timesheet.Services.dll
#32 3.939   Myb.Invoice.Infra -> /src/src/services/invoice-management/Myb.Invoice.Infra/bin/Release/net10.0/Myb.Invoice.Infra.dll
#32 4.102 /src/src/services/time-sheet/Myb.Timesheet.Infra/TimesheetResorver.cs(34,71): warning CS8604: Possible null reference argument for parameter 'userId' in 'Task<IEnumerable<TimeSheet>> ITimesheetService.GetTimeSheetsByUserIdAsync(string userId)'. [/src/src/services/time-sheet/Myb.Timesheet.Infra/Myb.Timesheet.Infra.csproj]
#32 4.144   Myb.Timesheet.Infra -> /src/src/services/time-sheet/Myb.Timesheet.Infra/bin/Release/net10.0/Myb.Timesheet.Infra.dll
#32 4.346   Myb.Common.GraphQL.Infra -> /src/src/common/Myb.Common.GraphQL.Infra/bin/Release/net10.0/Myb.Common.GraphQL.Infra.dll
#32 4.922   Myb.Invoice -> /src/src/services/invoice-management/Myb.Invoice/bin/Release/net10.0/Myb.Invoice.dll
#32 5.069   Myb.Invoice -> /app/publish/
#32 DONE 5.1s

#33 [final 2/2] COPY --from=publish /app/publish .
#33 DONE 0.1s

#34 exporting to image
#34 exporting layers
#34 exporting layers 1.8s done
#34 exporting manifest sha256:13a033c72a6c2264d1af76e8e6ebd0933df0c6a80a85f282e27f52c3df7106d4
#34 exporting manifest sha256:13a033c72a6c2264d1af76e8e6ebd0933df0c6a80a85f282e27f52c3df7106d4 done
#34 exporting config sha256:52635f33085ea669a6239d88614b9f1233405156f5c7c06d311185c1b2b93ca9 done
#34 exporting attestation manifest sha256:051e35a674d02a8b67e4625771cac5d1cc2187013cff52faa82702705a14ca1c done
#34 exporting manifest list sha256:5ee605ce55305bf1da46c9bb83d71a925ac0d793fb74993cb505a3085aa5e447 done
#34 naming to docker.io/library/myb-myb-invoice:latest done
#34 unpacking to docker.io/library/myb-myb-invoice:latest
#34 unpacking to docker.io/library/myb-myb-invoice:latest 0.3s done
#34 DONE 2.1s

#35 resolving provenance for metadata file
#35 DONE 0.0s
 Image myb-myb-invoice Built 
 Container myb-invoiceDB-1 Running 
 Container keycloak-db Running 
 Container keycloak Running 
 Container myb-myb-invoice-1 Creating 
 Container myb-myb-invoice-1 Created 
 Container keycloak-db Waiting 
 Container keycloak-db Healthy 
 Container keycloak Waiting 
 Container myb-invoiceDB-1 Waiting 
 Container myb-invoiceDB-1 Healthy 
 Container keycloak Healthy 
 Container myb-myb-invoice-1 Starting 
 Container myb-myb-invoice-1 Started 
[0;32m✓ Invoice service started[0m
[0;34mℹ Step 5/7: Starting remaining backend services (timesheet, document, usermanager, notification, coproperty)...[0m
time="2026-01-14T23:47:06+01:00" level=warning msg="/Users/macbook/Workspace/myb/docker-compose.yml: the attribute `version` is obsolete, it will be ignored, please remove it to avoid potential confusion"
 Image myb-myb-timesheet Building 
 Image myb-myb-coproperty Building 
 Image myb-myb-notification Building 
 Image myb-myb-usermanager Building 
 Image myb-myb-docmanager Building 
#1 [internal] load local bake definitions
#1 reading from stdin 2.55kB done
#1 DONE 0.0s

#2 [myb-notification internal] load build definition from Dockerfile
#2 transferring dockerfile: 1.26kB done
#2 DONE 0.0s

#3 [myb-usermanager internal] load build definition from Dockerfile
#3 transferring dockerfile: 1.63kB done
#3 DONE 0.0s

#4 [myb-coproperty internal] load build definition from Dockerfile
#4 transferring dockerfile: 2.15kB done
#4 DONE 0.0s

#5 [myb-docmanager internal] load build definition from Dockerfile
#5 transferring dockerfile: 3.22kB done
#5 DONE 0.0s

#6 [myb-timesheet internal] load build definition from Dockerfile
#6 transferring dockerfile: 819B done
#6 DONE 0.0s

#7 [myb-timesheet internal] load metadata for mcr.microsoft.com/dotnet/sdk:10.0
#7 DONE 0.4s

#8 [myb-usermanager internal] load metadata for mcr.microsoft.com/dotnet/aspnet:10.0
#8 DONE 0.4s

#9 [myb-coproperty internal] load .dockerignore
#9 transferring context: 674B done
#9 DONE 0.0s

#10 [myb-timesheet build 1/7] FROM mcr.microsoft.com/dotnet/sdk:10.0@sha256:25d14b400b75fa4e89d5bd4487a92a604a4e409ab65becb91821e7dc4ac7f81f
#10 resolve mcr.microsoft.com/dotnet/sdk:10.0@sha256:25d14b400b75fa4e89d5bd4487a92a604a4e409ab65becb91821e7dc4ac7f81f done
#10 DONE 0.0s

#11 [myb-docmanager base 1/2] FROM mcr.microsoft.com/dotnet/aspnet:10.0@sha256:1aacc8154bc3071349907dae26849df301188be1a2e1f4560b903fb6275e481a
#11 resolve mcr.microsoft.com/dotnet/aspnet:10.0@sha256:1aacc8154bc3071349907dae26849df301188be1a2e1f4560b903fb6275e481a done
#11 DONE 0.0s

#12 [myb-notification internal] load build context
#12 transferring context: 5.87kB done
#12 DONE 0.0s

#13 [myb-notification build 3/8] COPY [src/services/notification-service/Myb.Notification/Myb.Notification.csproj, src/services/notification-service/Myb.Notification/]
#13 CACHED

#14 [myb-usermanager internal] load build context
#14 transferring context: 6.70kB done
#14 DONE 0.0s

#15 [myb-usermanager build  6/11] COPY [src/services/user-manager/Myb.UserManager.Data/Myb.UserManager.Data.csproj, src/services/user-manager/Myb.UserManager.Data/]
#15 CACHED

#16 [myb-usermanager build  7/11] RUN dotnet restore "./src/services/user-manager/Myb.UserManager/./Myb.UserManager.csproj"
#16 CACHED

#17 [myb-usermanager build  8/11] COPY src/services/user-manager/ src/services/user-manager/
#17 CACHED

#18 [myb-usermanager build  9/11] COPY src/common/ src/common/
#18 CACHED

#19 [myb-usermanager build  3/11] COPY [src/services/user-manager/Myb.UserManager/Myb.UserManager.csproj, src/services/user-manager/Myb.UserManager/]
#19 CACHED

#20 [myb-usermanager build  5/11] COPY [src/services/user-manager/Myb.UserManager.Sevices/Myb.UserManager.Sevices.csproj, src/services/user-manager/Myb.UserManager.Sevices/]
#20 CACHED

#21 [myb-usermanager build  4/11] COPY [src/services/user-manager/Myb.UserManager.Models/Myb.UserManager.Models.csproj, src/services/user-manager/Myb.UserManager.Models/]
#21 CACHED

#22 [myb-usermanager build 10/11] WORKDIR /src/src/services/user-manager/Myb.UserManager
#22 CACHED

#23 [myb-docmanager internal] load build context
#23 transferring context: 67.48kB 0.0s done
#23 DONE 0.0s

#24 [myb-coproperty internal] load build context
#24 transferring context: 20.73kB 0.0s done
#24 DONE 0.0s

#25 [myb-docmanager build 13/24] COPY [src/services/document-management/Myb.Document.Services/Myb.Document.Services.csproj, src/services/document-management/Myb.Document.Services/]
#25 CACHED

#26 [myb-docmanager build 10/24] COPY [src/services/document-management/Myb.Document.EntityFrameWork.Infra/Myb.Document.EntityFrameWork.Infra.csproj, src/services/document-management/Myb.Document.EntityFrameWork.Infra/]
#26 CACHED

#27 [myb-docmanager build  5/24] COPY [src/common/Myb.Common.Repositories/Myb.Common.Repositories.csproj, src/common/Myb.Common.Repositories/]
#27 CACHED

#28 [myb-docmanager build  6/24] COPY [src/common/Myb.Common.Authentification/Myb.Common.Authentification.csproj, src/common/Myb.Common.Authentification/]
#28 CACHED

#29 [myb-docmanager build 15/24] COPY [src/services/user-manager/Myb.UserManager.EntityFrameWork.Infra/Myb.UserManager.EntityFrameWork.Infra.csproj, src/services/user-manager/Myb.UserManager.EntityFrameWork.Infra/]
#29 CACHED

#30 [myb-docmanager build 16/24] COPY [src/services/user-manager/Myb.UserManager.Infra/Myb.UserManager.Infra.csproj, src/services/user-manager/Myb.UserManager.Infra/]
#30 CACHED

#31 [myb-docmanager build  8/24] COPY [src/common/Myb.Common.Utils/Myb.Common.Utils.csproj, src/common/Myb.Common.Utils/]
#31 CACHED

#32 [myb-docmanager build  7/24] COPY [src/common/Myb.Common.GraphQL.Infra/Myb.Common.GraphQL.Infra.csproj, src/common/Myb.Common.GraphQL.Infra/]
#32 CACHED

#33 [myb-docmanager build  9/24] COPY [src/common/Myb.Common.Stripe/Myb.Common.Stripe.csproj, src/common/Myb.Common.Stripe/]
#33 CACHED

#34 [myb-docmanager build 11/24] COPY [src/services/document-management/Myb.Document.Infra/Myb.Document.Infra.csproj, src/services/document-management/Myb.Document.Infra/]
#34 CACHED

#35 [myb-docmanager build  4/24] COPY [src/common/Myb.Common.Models/Myb.Common.Models.csproj, src/common/Myb.Common.Models/]
#35 CACHED

#36 [myb-docmanager build  3/24] COPY [src/services/document-management/Myb.Document/Myb.Document.csproj, src/services/document-management/Myb.Document/]
#36 CACHED

#37 [myb-docmanager build 14/24] COPY [src/services/user-manager/Myb.UserManager.Models/Myb.UserManager.Models.csproj, src/services/user-manager/Myb.UserManager.Models/]
#37 CACHED

#38 [myb-docmanager build 12/24] COPY [src/services/document-management/Myb.document.Model/Myb.document.Model.csproj, src/services/document-management/Myb.document.Model/]
#38 CACHED

#39 [myb-docmanager build 17/24] COPY [src/services/time-sheet/Myb.Timesheet.Infra/Myb.Timesheet.Infra.csproj, src/services/time-sheet/Myb.Timesheet.Infra/]
#39 CACHED

#40 [myb-coproperty build  7/17] COPY [src/common/Myb.Common.GraphQL.Infra/Myb.Common.GraphQL.Infra.csproj, src/common/Myb.Common.GraphQL.Infra/]
#40 CACHED

#41 [myb-coproperty build  4/17] COPY [src/common/Myb.Common.Models/Myb.Common.Models.csproj, src/common/Myb.Common.Models/]
#41 CACHED

#42 [myb-coproperty build  5/17] COPY [src/common/Myb.Common.Repositories/Myb.Common.Repositories.csproj, src/common/Myb.Common.Repositories/]
#42 CACHED

#43 [myb-coproperty build  3/17] COPY [src/services/coproperty-management/Myb.Coproperty/Myb.Coproperty.csproj, src/services/coproperty-management/Myb.Coproperty/]
#43 CACHED

#44 [myb-coproperty build  6/17] COPY [src/common/Myb.Common.Authentification/Myb.Common.Authentification.csproj, src/common/Myb.Common.Authentification/]
#44 CACHED

#45 [myb-coproperty build  8/17] COPY [src/common/Myb.Common.Utils/Myb.Common.Utils.csproj, src/common/Myb.Common.Utils/]
#45 CACHED

#46 [myb-coproperty build 2/7] WORKDIR /src
#46 CACHED

#47 [myb-coproperty build  9/17] COPY [src/services/user-manager/Myb.UserManager.Models/Myb.UserManager.Models.csproj, src/services/user-manager/Myb.UserManager.Models/]
#47 CACHED

#48 [myb-coproperty build 10/17] COPY [src/services/time-sheet/Myb.Timesheet.Infra/Myb.Timesheet.Infra.csproj, src/services/time-sheet/Myb.Timesheet.Infra/]
#48 CACHED

#49 [myb-timesheet internal] load build context
#49 transferring context: 158.63kB 2.4s done
#49 DONE 2.4s

#46 [myb-timesheet build 2/7] WORKDIR /src
#46 CACHED

#50 [myb-timesheet build 3/7] COPY [src/services/time-sheet/Myb.Timesheet/Myb.Timesheet.csproj, src/services/time-sheet/Myb.Timesheet/]
#50 CACHED

#51 [myb-timesheet build 4/7] RUN dotnet restore "src/services/time-sheet/Myb.Timesheet/Myb.Timesheet.csproj"
#51 CACHED

#52 [myb-timesheet build 5/7] COPY . .
#52 DONE 0.1s

#53 [myb-usermanager build 11/11] RUN dotnet build "./Myb.UserManager.csproj" -c Release -o /app/build
#53 0.621   Determining projects to restore...
#53 1.243   Skipping project "/src/src/services/time-sheet/Myb.Timesheet.Infra/Myb.Timesheet.Infra.csproj" because it was not found.
#53 1.614   Skipping project "/src/src/services/time-sheet/Myb.Timesheet.Infra/Myb.Timesheet.Infra.csproj" because it was not found.
#53 2.092 /src/src/services/user-manager/Myb.UserManager/Myb.UserManager.csproj : warning NU1510: PackageReference Microsoft.AspNetCore.Authentication will not be pruned. Consider removing this package from your dependencies, as it is likely unnecessary.
#53 2.241 /src/src/services/user-manager/Myb.UserManager.Models/Myb.UserManager.Models.csproj : warning NU1902: Package 'System.Security.Cryptography.Xml' 4.5.0 has a known moderate severity vulnerability, https://github.com/advisories/GHSA-vh55-786g-wjwj [/src/src/services/user-manager/Myb.UserManager/Myb.UserManager.csproj]
#53 2.241 /src/src/common/Myb.Common.Models/Myb.Common.Models.csproj : warning NU1902: Package 'System.Security.Cryptography.Xml' 4.5.0 has a known moderate severity vulnerability, https://github.com/advisories/GHSA-vh55-786g-wjwj [/src/src/services/user-manager/Myb.UserManager/Myb.UserManager.csproj]
#53 2.300   Restored /src/src/common/Myb.Common.Models/Myb.Common.Models.csproj (in 294 ms).
#53 2.301   Restored /src/src/services/user-manager/Myb.UserManager.Models/Myb.UserManager.Models.csproj (in 294 ms).
#53 ...

#54 [myb-timesheet build 6/7] WORKDIR /src/src/services/time-sheet/Myb.Timesheet
#54 DONE 0.0s

#55 [myb-timesheet build 7/7] RUN dotnet build "Myb.Timesheet.csproj" -c Release -o /app/build
#55 0.402   Determining projects to restore...
#55 ...

#56 [myb-docmanager build 18/24] RUN dotnet restore "src/services/document-management/Myb.Document/Myb.Document.csproj"
#56 0.609   Determining projects to restore...
#56 1.328   Skipping project "/src/src/services/time-sheet/Myb.Timesheet.Models/Myb.Timesheet.Models.csproj" because it was not found.
#56 1.329   Skipping project "/src/src/services/time-sheet/Myb.Timesheet.Services/Myb.Timesheet.Services.csproj" because it was not found.
#56 1.353   Skipping project "/src/src/services/user-manager/Myb.UserManager.Sevices/Myb.UserManager.Sevices.csproj" because it was not found.
#56 1.463   Skipping project "/src/src/services/time-sheet/Myb.Timesheet.Models/Myb.Timesheet.Models.csproj" because it was not found.
#56 1.463   Skipping project "/src/src/services/time-sheet/Myb.Timesheet.Services/Myb.Timesheet.Services.csproj" because it was not found.
#56 1.463   Skipping project "/src/src/services/user-manager/Myb.UserManager.Sevices/Myb.UserManager.Sevices.csproj" because it was not found.
#56 ...

#57 [myb-notification build 4/8] RUN dotnet restore "./src/services/notification-service/Myb.Notification/./Myb.Notification.csproj"
#57 0.621   Determining projects to restore...
#57 0.625   Skipping project "/src/src/common/Myb.Common.Repositories/Myb.Common.Repositories.csproj" because it was not found.
#57 0.626   Skipping project "/src/src/common/Myb.Common.Repositories/Myb.Common.Repositories.csproj" because it was not found.
#57 1.022 /src/src/services/notification-service/Myb.Notification/Myb.Notification.csproj : warning NU1510: PackageReference Microsoft.AspNetCore.SignalR will not be pruned. Consider removing this package from your dependencies, as it is likely unnecessary.
#57 ...

#58 [myb-coproperty build 11/17] RUN dotnet restore "src/services/coproperty-management/Myb.Coproperty/Myb.Coproperty.csproj"
#58 0.594   Determining projects to restore...
#58 ...

#57 [myb-notification build 4/8] RUN dotnet restore "./src/services/notification-service/Myb.Notification/./Myb.Notification.csproj"
#57 66.63   Failed to download package 'Microsoft.EntityFrameworkCore.Abstractions.10.0.0' from 'https://api.nuget.org/v3-flatcontainer/microsoft.entityframeworkcore.abstractions/10.0.0/microsoft.entityframeworkcore.abstractions.10.0.0.nupkg'.
#57 66.63   The download of 'https://api.nuget.org/v3-flatcontainer/microsoft.entityframeworkcore.abstractions/10.0.0/microsoft.entityframeworkcore.abstractions.10.0.0.nupkg' timed out because no data was received for 60000ms.
#57 66.63     The operation has timed out.
#57 ...

#56 [myb-docmanager build 18/24] RUN dotnet restore "src/services/document-management/Myb.Document/Myb.Document.csproj"
#56 86.97 /src/src/services/document-management/Myb.document.Model/Myb.document.Model.csproj : warning NU1902: Package 'System.Security.Cryptography.Xml' 4.5.0 has a known moderate severity vulnerability, https://github.com/advisories/GHSA-vh55-786g-wjwj [/src/src/services/document-management/Myb.Document/Myb.Document.csproj]
#56 86.97 /src/src/services/user-manager/Myb.UserManager.Models/Myb.UserManager.Models.csproj : warning NU1902: Package 'System.Security.Cryptography.Xml' 4.5.0 has a known moderate severity vulnerability, https://github.com/advisories/GHSA-vh55-786g-wjwj [/src/src/services/document-management/Myb.Document/Myb.Document.csproj]
#56 87.03   Restored /src/src/services/user-manager/Myb.UserManager.Models/Myb.UserManager.Models.csproj (in 1.42 min).
#56 87.03   Restored /src/src/services/document-management/Myb.document.Model/Myb.document.Model.csproj (in 1.42 min).
#56 ...

#55 [myb-timesheet build 7/7] RUN dotnet build "Myb.Timesheet.csproj" -c Release -o /app/build
#55 90.32 /src/src/common/Myb.Common.Repositories/Myb.Common.Repositories.csproj : warning NU1902: Package 'System.Security.Cryptography.Xml' 4.5.0 has a known moderate severity vulnerability, https://github.com/advisories/GHSA-vh55-786g-wjwj [/src/src/services/time-sheet/Myb.Timesheet/Myb.Timesheet.csproj]
#55 90.32 /src/src/common/Myb.Common.Models/Myb.Common.Models.csproj : warning NU1902: Package 'System.Security.Cryptography.Xml' 4.5.0 has a known moderate severity vulnerability, https://github.com/advisories/GHSA-vh55-786g-wjwj [/src/src/services/time-sheet/Myb.Timesheet/Myb.Timesheet.csproj]
#55 90.32 /src/src/services/time-sheet/Myb.Timesheet.Models/Myb.Timesheet.Models.csproj : warning NU1902: Package 'System.Security.Cryptography.Xml' 4.5.0 has a known moderate severity vulnerability, https://github.com/advisories/GHSA-vh55-786g-wjwj [/src/src/services/time-sheet/Myb.Timesheet/Myb.Timesheet.csproj]
#55 90.39   Restored /src/src/common/Myb.Common.Models/Myb.Common.Models.csproj (in 1.49 min).
#55 90.39   Restored /src/src/common/Myb.Common.Repositories/Myb.Common.Repositories.csproj (in 1.49 min).
#55 90.39   Restored /src/src/services/time-sheet/Myb.Timesheet.Models/Myb.Timesheet.Models.csproj (in 1.49 min).
#55 90.39 /src/src/services/user-manager/Myb.UserManager.Models/Myb.UserManager.Models.csproj : warning NU1902: Package 'System.Security.Cryptography.Xml' 4.5.0 has a known moderate severity vulnerability, https://github.com/advisories/GHSA-vh55-786g-wjwj [/src/src/services/time-sheet/Myb.Timesheet/Myb.Timesheet.csproj]
#55 90.39 /src/src/common/Myb.Common.Utils/Myb.Common.Utils.csproj : warning NU1902: Package 'System.Security.Cryptography.Xml' 4.5.0 has a known moderate severity vulnerability, https://github.com/advisories/GHSA-vh55-786g-wjwj [/src/src/services/time-sheet/Myb.Timesheet/Myb.Timesheet.csproj]
#55 90.40   Restored /src/src/common/Myb.Common.Utils/Myb.Common.Utils.csproj (in 5 ms).
#55 90.40   Restored /src/src/services/user-manager/Myb.UserManager.Models/Myb.UserManager.Models.csproj (in 5 ms).
#55 ...

#56 [myb-docmanager build 18/24] RUN dotnet restore "src/services/document-management/Myb.Document/Myb.Document.csproj"
#56 96.20 /src/src/services/document-management/Myb.Document.EntityFrameWork.Infra/Myb.Document.EntityFrameWork.Infra.csproj : warning NU1902: Package 'System.Security.Cryptography.Xml' 4.5.0 has a known moderate severity vulnerability, https://github.com/advisories/GHSA-vh55-786g-wjwj [/src/src/services/document-management/Myb.Document/Myb.Document.csproj]
#56 96.21   Restored /src/src/services/document-management/Myb.Document.EntityFrameWork.Infra/Myb.Document.EntityFrameWork.Infra.csproj (in 1.57 min).
#56 101.6   Restored /src/src/services/time-sheet/Myb.Timesheet.Infra/Myb.Timesheet.Infra.csproj (in 14.58 sec).
#56 102.2 /src/src/common/Myb.Common.Utils/Myb.Common.Utils.csproj : warning NU1902: Package 'System.Security.Cryptography.Xml' 4.5.0 has a known moderate severity vulnerability, https://github.com/advisories/GHSA-vh55-786g-wjwj [/src/src/services/document-management/Myb.Document/Myb.Document.csproj]
#56 102.2   Restored /src/src/common/Myb.Common.Utils/Myb.Common.Utils.csproj (in 1.67 min).
#56 102.2 /src/src/common/Myb.Common.Models/Myb.Common.Models.csproj : warning NU1902: Package 'System.Security.Cryptography.Xml' 4.5.0 has a known moderate severity vulnerability, https://github.com/advisories/GHSA-vh55-786g-wjwj [/src/src/services/document-management/Myb.Document/Myb.Document.csproj]
#56 102.2   Restored /src/src/common/Myb.Common.Models/Myb.Common.Models.csproj (in 1 ms).
#56 ...

#53 [myb-usermanager build 11/11] RUN dotnet build "./Myb.UserManager.csproj" -c Release -o /app/build
#53 97.28 /src/src/common/Myb.Common.Utils/Myb.Common.Utils.csproj : warning NU1902: Package 'System.Security.Cryptography.Xml' 4.5.0 has a known moderate severity vulnerability, https://github.com/advisories/GHSA-vh55-786g-wjwj [/src/src/services/user-manager/Myb.UserManager/Myb.UserManager.csproj]
#53 97.28 /src/src/common/Myb.Common.Repositories/Myb.Common.Repositories.csproj : warning NU1902: Package 'System.Security.Cryptography.Xml' 4.5.0 has a known moderate severity vulnerability, https://github.com/advisories/GHSA-vh55-786g-wjwj [/src/src/services/user-manager/Myb.UserManager/Myb.UserManager.csproj]
#53 97.28   Restored /src/src/common/Myb.Common.Utils/Myb.Common.Utils.csproj (in 1.58 min).
#53 97.29   Restored /src/src/common/Myb.Common.Repositories/Myb.Common.Repositories.csproj (in 1.59 min).
#53 ...

#56 [myb-docmanager build 18/24] RUN dotnet restore "src/services/document-management/Myb.Document/Myb.Document.csproj"
#56 116.5 /src/src/common/Myb.Common.Repositories/Myb.Common.Repositories.csproj : warning NU1902: Package 'System.Security.Cryptography.Xml' 4.5.0 has a known moderate severity vulnerability, https://github.com/advisories/GHSA-vh55-786g-wjwj [/src/src/services/document-management/Myb.Document/Myb.Document.csproj]
#56 116.5   Restored /src/src/common/Myb.Common.Repositories/Myb.Common.Repositories.csproj (in 29.5 sec).
#56 ...

#58 [myb-coproperty build 11/17] RUN dotnet restore "src/services/coproperty-management/Myb.Coproperty/Myb.Coproperty.csproj"
#58 120.6 /src/src/common/Myb.Common.Models/Myb.Common.Models.csproj : warning NU1902: Package 'System.Security.Cryptography.Xml' 4.5.0 has a known moderate severity vulnerability, https://github.com/advisories/GHSA-vh55-786g-wjwj [/src/src/services/coproperty-management/Myb.Coproperty/Myb.Coproperty.csproj]
#58 120.6   Restored /src/src/common/Myb.Common.Models/Myb.Common.Models.csproj (in 1.99 min).
#58 ...

#56 [myb-docmanager build 18/24] RUN dotnet restore "src/services/document-management/Myb.Document/Myb.Document.csproj"
#56 130.2 /src/src/services/document-management/Myb.Document.Services/Myb.Document.Services.csproj : warning NU1902: Package 'System.Security.Cryptography.Xml' 4.5.0 has a known moderate severity vulnerability, https://github.com/advisories/GHSA-vh55-786g-wjwj [/src/src/services/document-management/Myb.Document/Myb.Document.csproj]
#56 130.2 /src/src/services/document-management/Myb.Document.Infra/Myb.Document.Infra.csproj : warning NU1902: Package 'System.Security.Cryptography.Xml' 4.5.0 has a known moderate severity vulnerability, https://github.com/advisories/GHSA-vh55-786g-wjwj [/src/src/services/document-management/Myb.Document/Myb.Document.csproj]
#56 130.2   Restored /src/src/services/document-management/Myb.Document.Services/Myb.Document.Services.csproj (in 2.14 min).
#56 130.2   Restored /src/src/services/document-management/Myb.Document.Infra/Myb.Document.Infra.csproj (in 2.14 min).
#56 ...

#58 [myb-coproperty build 11/17] RUN dotnet restore "src/services/coproperty-management/Myb.Coproperty/Myb.Coproperty.csproj"
#58 136.0 /src/src/common/Myb.Common.Utils/Myb.Common.Utils.csproj : warning NU1902: Package 'System.Security.Cryptography.Xml' 4.5.0 has a known moderate severity vulnerability, https://github.com/advisories/GHSA-vh55-786g-wjwj [/src/src/services/coproperty-management/Myb.Coproperty/Myb.Coproperty.csproj]
#58 136.0   Restored /src/src/common/Myb.Common.Utils/Myb.Common.Utils.csproj (in 2.24 min).
#58 142.5 /src/src/common/Myb.Common.Repositories/Myb.Common.Repositories.csproj : warning NU1902: Package 'System.Security.Cryptography.Xml' 4.5.0 has a known moderate severity vulnerability, https://github.com/advisories/GHSA-vh55-786g-wjwj [/src/src/services/coproperty-management/Myb.Coproperty/Myb.Coproperty.csproj]
#58 142.6   Restored /src/src/common/Myb.Common.Repositories/Myb.Common.Repositories.csproj (in 2.35 min).
#58 ...

#56 [myb-docmanager build 18/24] RUN dotnet restore "src/services/document-management/Myb.Document/Myb.Document.csproj"
#56 194.3 /src/src/services/user-manager/Myb.UserManager.Infra/Myb.UserManager.Infra.csproj : warning NU1902: Package 'System.Security.Cryptography.Xml' 4.5.0 has a known moderate severity vulnerability, https://github.com/advisories/GHSA-vh55-786g-wjwj [/src/src/services/document-management/Myb.Document/Myb.Document.csproj]
#56 194.3   Restored /src/src/services/user-manager/Myb.UserManager.Infra/Myb.UserManager.Infra.csproj (in 1.54 min).
#56 196.2 /src/src/common/Myb.Common.Authentification/Myb.Common.Authentification.csproj : warning NU1902: Package 'System.Security.Cryptography.Xml' 4.5.0 has a known moderate severity vulnerability, https://github.com/advisories/GHSA-vh55-786g-wjwj [/src/src/services/document-management/Myb.Document/Myb.Document.csproj]
#56 196.2   Restored /src/src/common/Myb.Common.Authentification/Myb.Common.Authentification.csproj (in 3.24 min).
#56 ...

#53 [myb-usermanager build 11/11] RUN dotnet build "./Myb.UserManager.csproj" -c Release -o /app/build
#53 211.7 /src/src/common/Myb.Common.GraphQL.Infra/Myb.Common.GraphQL.Infra.csproj : warning NU1902: Package 'System.Security.Cryptography.Xml' 4.5.0 has a known moderate severity vulnerability, https://github.com/advisories/GHSA-vh55-786g-wjwj [/src/src/services/user-manager/Myb.UserManager/Myb.UserManager.csproj]
#53 211.8   Restored /src/src/services/user-manager/Myb.UserManager/Myb.UserManager.csproj (in 3.5 min).
#53 211.8   Restored /src/src/common/Myb.Common.GraphQL.Infra/Myb.Common.GraphQL.Infra.csproj (in 3.5 min).
#53 211.8   Restored /src/src/common/Myb.Common.Stripe/Myb.Common.Stripe.csproj (in 3.5 min).
#53 229.1 /src/src/services/user-manager/Myb.UserManager.Sevices/Myb.UserManager.Sevices.csproj : warning NU1902: Package 'System.Security.Cryptography.Xml' 4.5.0 has a known moderate severity vulnerability, https://github.com/advisories/GHSA-vh55-786g-wjwj [/src/src/services/user-manager/Myb.UserManager/Myb.UserManager.csproj]
#53 229.1 /src/src/services/user-manager/Myb.UserManager.Infra/Myb.UserManager.Infra.csproj : warning NU1902: Package 'System.Security.Cryptography.Xml' 4.5.0 has a known moderate severity vulnerability, https://github.com/advisories/GHSA-vh55-786g-wjwj [/src/src/services/user-manager/Myb.UserManager/Myb.UserManager.csproj]
#53 229.1 /src/src/common/Myb.Common.Authentification/Myb.Common.Authentification.csproj : warning NU1902: Package 'System.Security.Cryptography.Xml' 4.5.0 has a known moderate severity vulnerability, https://github.com/advisories/GHSA-vh55-786g-wjwj [/src/src/services/user-manager/Myb.UserManager/Myb.UserManager.csproj]
#53 229.1   Restored /src/src/common/Myb.Common.Authentification/Myb.Common.Authentification.csproj (in 3.79 min).
#53 229.1   Restored /src/src/services/user-manager/Myb.UserManager.Infra/Myb.UserManager.Infra.csproj (in 3.79 min).
#53 229.1   Restored /src/src/services/user-manager/Myb.UserManager.Sevices/Myb.UserManager.Sevices.csproj (in 3.79 min).
#53 ...

#56 [myb-docmanager build 18/24] RUN dotnet restore "src/services/document-management/Myb.Document/Myb.Document.csproj"
#56 230.4 /src/src/common/Myb.Common.GraphQL.Infra/Myb.Common.GraphQL.Infra.csproj : warning NU1902: Package 'System.Security.Cryptography.Xml' 4.5.0 has a known moderate severity vulnerability, https://github.com/advisories/GHSA-vh55-786g-wjwj [/src/src/services/document-management/Myb.Document/Myb.Document.csproj]
#56 230.4   Restored /src/src/common/Myb.Common.Stripe/Myb.Common.Stripe.csproj (in 3.81 min).
#56 230.4   Restored /src/src/common/Myb.Common.GraphQL.Infra/Myb.Common.GraphQL.Infra.csproj (in 3.81 min).
#56 243.0   Restored /src/src/services/user-manager/Myb.UserManager.EntityFrameWork.Infra/Myb.UserManager.EntityFrameWork.Infra.csproj (in 4.02 min).
#56 243.0   Restored /src/src/services/document-management/Myb.Document/Myb.Document.csproj (in 2.45 min).
#56 DONE 243.3s

#55 [myb-timesheet build 7/7] RUN dotnet build "Myb.Timesheet.csproj" -c Release -o /app/build
#55 ...

#59 [myb-docmanager build 19/24] COPY src/services/document-management/ src/services/document-management/
#59 DONE 0.0s

#60 [myb-docmanager build 20/24] COPY src/common/ src/common/
#60 DONE 0.0s

#61 [myb-docmanager build 21/24] COPY src/services/user-manager/ src/services/user-manager/
#61 DONE 0.0s

#62 [myb-docmanager build 22/24] COPY src/services/time-sheet/ src/services/time-sheet/
#62 DONE 0.0s

#63 [myb-docmanager build 23/24] WORKDIR /src/src/services/document-management/Myb.Document
#63 DONE 0.0s

#64 [myb-docmanager build 24/24] RUN dotnet build "Myb.Document.csproj" -c Release -o /app/build
#64 0.419   Determining projects to restore...
#64 1.388 /src/src/services/document-management/Myb.Document.Infra/Myb.Document.Infra.csproj : warning NU1902: Package 'System.Security.Cryptography.Xml' 4.5.0 has a known moderate severity vulnerability, https://github.com/advisories/GHSA-vh55-786g-wjwj [/src/src/services/document-management/Myb.Document/Myb.Document.csproj]
#64 1.388 /src/src/services/document-management/Myb.Document.Services/Myb.Document.Services.csproj : warning NU1902: Package 'System.Security.Cryptography.Xml' 4.5.0 has a known moderate severity vulnerability, https://github.com/advisories/GHSA-vh55-786g-wjwj [/src/src/services/document-management/Myb.Document/Myb.Document.csproj]
#64 1.388 /src/src/common/Myb.Common.Models/Myb.Common.Models.csproj : warning NU1902: Package 'System.Security.Cryptography.Xml' 4.5.0 has a known moderate severity vulnerability, https://github.com/advisories/GHSA-vh55-786g-wjwj [/src/src/services/document-management/Myb.Document/Myb.Document.csproj]
#64 1.388 /src/src/services/user-manager/Myb.UserManager.Models/Myb.UserManager.Models.csproj : warning NU1902: Package 'System.Security.Cryptography.Xml' 4.5.0 has a known moderate severity vulnerability, https://github.com/advisories/GHSA-vh55-786g-wjwj [/src/src/services/document-management/Myb.Document/Myb.Document.csproj]
#64 1.388 /src/src/common/Myb.Common.Repositories/Myb.Common.Repositories.csproj : warning NU1902: Package 'System.Security.Cryptography.Xml' 4.5.0 has a known moderate severity vulnerability, https://github.com/advisories/GHSA-vh55-786g-wjwj [/src/src/services/document-management/Myb.Document/Myb.Document.csproj]
#64 1.388 /src/src/common/Myb.Common.Authentification/Myb.Common.Authentification.csproj : warning NU1902: Package 'System.Security.Cryptography.Xml' 4.5.0 has a known moderate severity vulnerability, https://github.com/advisories/GHSA-vh55-786g-wjwj [/src/src/services/document-management/Myb.Document/Myb.Document.csproj]
#64 1.388 /src/src/common/Myb.Common.Utils/Myb.Common.Utils.csproj : warning NU1902: Package 'System.Security.Cryptography.Xml' 4.5.0 has a known moderate severity vulnerability, https://github.com/advisories/GHSA-vh55-786g-wjwj [/src/src/services/document-management/Myb.Document/Myb.Document.csproj]
#64 1.388 /src/src/services/document-management/Myb.document.Model/Myb.document.Model.csproj : warning NU1902: Package 'System.Security.Cryptography.Xml' 4.5.0 has a known moderate severity vulnerability, https://github.com/advisories/GHSA-vh55-786g-wjwj [/src/src/services/document-management/Myb.Document/Myb.Document.csproj]
#64 1.388 /src/src/services/document-management/Myb.Document.EntityFrameWork.Infra/Myb.Document.EntityFrameWork.Infra.csproj : warning NU1902: Package 'System.Security.Cryptography.Xml' 4.5.0 has a known moderate severity vulnerability, https://github.com/advisories/GHSA-vh55-786g-wjwj [/src/src/services/document-management/Myb.Document/Myb.Document.csproj]
#64 1.448 /src/src/services/time-sheet/Myb.Timesheet.Models/Myb.Timesheet.Models.csproj : warning NU1902: Package 'System.Security.Cryptography.Xml' 4.5.0 has a known moderate severity vulnerability, https://github.com/advisories/GHSA-vh55-786g-wjwj [/src/src/services/document-management/Myb.Document/Myb.Document.csproj]
#64 1.448 /src/src/services/user-manager/Myb.UserManager.Sevices/Myb.UserManager.Sevices.csproj : warning NU1902: Package 'System.Security.Cryptography.Xml' 4.5.0 has a known moderate severity vulnerability, https://github.com/advisories/GHSA-vh55-786g-wjwj [/src/src/services/document-management/Myb.Document/Myb.Document.csproj]
#64 1.448 /src/src/services/user-manager/Myb.UserManager.Infra/Myb.UserManager.Infra.csproj : warning NU1902: Package 'System.Security.Cryptography.Xml' 4.5.0 has a known moderate severity vulnerability, https://github.com/advisories/GHSA-vh55-786g-wjwj [/src/src/services/document-management/Myb.Document/Myb.Document.csproj]
#64 1.507   Restored /src/src/services/time-sheet/Myb.Timesheet.Models/Myb.Timesheet.Models.csproj (in 106 ms).
#64 1.508   Restored /src/src/services/user-manager/Myb.UserManager.Sevices/Myb.UserManager.Sevices.csproj (in 166 ms).
#64 1.509   Restored /src/src/services/user-manager/Myb.UserManager.Infra/Myb.UserManager.Infra.csproj (in 166 ms).
#64 1.527   Restored /src/src/services/time-sheet/Myb.Timesheet.EntityFrameWork.Infra/Myb.Timesheet.EntityFrameWork.Infra.csproj (in 138 ms).
#64 ...

#55 [myb-timesheet build 7/7] RUN dotnet build "Myb.Timesheet.csproj" -c Release -o /app/build
#55 242.0   Restored /src/src/services/user-manager/Myb.UserManager.EntityFrameWork.Infra/Myb.UserManager.EntityFrameWork.Infra.csproj (in 4.02 min).
#55 242.0   Restored /src/src/services/time-sheet/Myb.Timesheet.EntityFrameWork.Infra/Myb.Timesheet.EntityFrameWork.Infra.csproj (in 4.02 min).
#55 ...

#58 [myb-coproperty build 11/17] RUN dotnet restore "src/services/coproperty-management/Myb.Coproperty/Myb.Coproperty.csproj"
#58 279.1   Restored /src/src/services/coproperty-management/Myb.Coproperty/Myb.Coproperty.csproj (in 4.63 min).
#58 DONE 279.4s

#65 [myb-coproperty build 12/17] COPY src/services/coproperty-management/ src/services/coproperty-management/
#65 DONE 0.1s

#66 [myb-coproperty build 13/17] COPY src/common/ src/common/
#66 DONE 0.0s

#67 [myb-coproperty build 14/17] COPY src/services/user-manager/ src/services/user-manager/
#67 DONE 0.0s

#53 [myb-usermanager build 11/11] RUN dotnet build "./Myb.UserManager.csproj" -c Release -o /app/build
#53 279.4   Restored /src/src/services/user-manager/Myb.UserManager.EntityFrameWork.Infra/Myb.UserManager.EntityFrameWork.Infra.csproj (in 4.62 min).
#53 ...

#68 [myb-coproperty build 15/17] COPY src/services/time-sheet/ src/services/time-sheet/
#68 DONE 0.0s

#69 [myb-coproperty build 16/17] WORKDIR /src/src/services/coproperty-management/Myb.Coproperty
#69 DONE 0.0s

#53 [myb-usermanager build 11/11] RUN dotnet build "./Myb.UserManager.csproj" -c Release -o /app/build
#53 279.6 /src/src/services/user-manager/Myb.UserManager/Myb.UserManager.csproj : warning NU1510: PackageReference Microsoft.AspNetCore.Authentication will not be pruned. Consider removing this package from your dependencies, as it is likely unnecessary.
#53 280.2 /src/src/services/user-manager/Myb.UserManager.Models/Myb.UserManager.Models.csproj : warning NU1902: Package 'System.Security.Cryptography.Xml' 4.5.0 has a known moderate severity vulnerability, https://github.com/advisories/GHSA-vh55-786g-wjwj
#53 280.2 /src/src/common/Myb.Common.GraphQL.Infra/Myb.Common.GraphQL.Infra.csproj : warning NU1902: Package 'System.Security.Cryptography.Xml' 4.5.0 has a known moderate severity vulnerability, https://github.com/advisories/GHSA-vh55-786g-wjwj
#53 280.2 /src/src/common/Myb.Common.Repositories/Myb.Common.Repositories.csproj : warning NU1902: Package 'System.Security.Cryptography.Xml' 4.5.0 has a known moderate severity vulnerability, https://github.com/advisories/GHSA-vh55-786g-wjwj
#53 280.2 /src/src/common/Myb.Common.Models/Myb.Common.Models.csproj : warning NU1902: Package 'System.Security.Cryptography.Xml' 4.5.0 has a known moderate severity vulnerability, https://github.com/advisories/GHSA-vh55-786g-wjwj
#53 280.2 /src/src/services/user-manager/Myb.UserManager.Infra/Myb.UserManager.Infra.csproj : warning NU1902: Package 'System.Security.Cryptography.Xml' 4.5.0 has a known moderate severity vulnerability, https://github.com/advisories/GHSA-vh55-786g-wjwj
#53 280.2 /src/src/common/Myb.Common.Utils/Myb.Common.Utils.csproj : warning NU1902: Package 'System.Security.Cryptography.Xml' 4.5.0 has a known moderate severity vulnerability, https://github.com/advisories/GHSA-vh55-786g-wjwj
#53 280.3 /src/src/common/Myb.Common.Authentification/Myb.Common.Authentification.csproj : warning NU1902: Package 'System.Security.Cryptography.Xml' 4.5.0 has a known moderate severity vulnerability, https://github.com/advisories/GHSA-vh55-786g-wjwj
#53 280.3 /src/src/services/user-manager/Myb.UserManager.Sevices/Myb.UserManager.Sevices.csproj : warning NU1902: Package 'System.Security.Cryptography.Xml' 4.5.0 has a known moderate severity vulnerability, https://github.com/advisories/GHSA-vh55-786g-wjwj
#53 282.2   Myb.Common.Models -> /app/build/Myb.Common.Models.dll
#53 282.2   Myb.Common.Utils -> /app/build/Myb.Common.Utils.dll
#53 282.2   Myb.Common.Stripe -> /app/build/Myb.Common.Stripe.dll
#53 282.3 /src/src/services/user-manager/Myb.UserManager.Models/UserPermission.cs(12,23): warning CS8618: Non-nullable property 'Name' must contain a non-null value when exiting constructor. Consider adding the 'required' modifier or declaring the property as nullable. [/src/src/services/user-manager/Myb.UserManager.Models/Myb.UserManager.Models.csproj]
#53 282.3 /src/src/services/user-manager/Myb.UserManager.Models/User.cs(13,23): warning CS8618: Non-nullable property 'Name' must contain a non-null value when exiting constructor. Consider adding the 'required' modifier or declaring the property as nullable. [/src/src/services/user-manager/Myb.UserManager.Models/Myb.UserManager.Models.csproj]
#53 282.3 /src/src/services/user-manager/Myb.UserManager.Models/UserRole.cs(18,23): warning CS8618: Non-nullable property 'Name' must contain a non-null value when exiting constructor. Consider adding the 'required' modifier or declaring the property as nullable. [/src/src/services/user-manager/Myb.UserManager.Models/Myb.UserManager.Models.csproj]
#53 282.3 /src/src/services/user-manager/Myb.UserManager.Models/User.cs(15,23): warning CS8618: Non-nullable property 'Username' must contain a non-null value when exiting constructor. Consider adding the 'required' modifier or declaring the property as nullable. [/src/src/services/user-manager/Myb.UserManager.Models/Myb.UserManager.Models.csproj]
#53 282.3 /src/src/services/user-manager/Myb.UserManager.Models/User.cs(16,23): warning CS8618: Non-nullable property 'Password' must contain a non-null value when exiting constructor. Consider adding the 'required' modifier or declaring the property as nullable. [/src/src/services/user-manager/Myb.UserManager.Models/Myb.UserManager.Models.csproj]
#53 282.4   Myb.UserManager.Models -> /app/build/Myb.UserManager.Models.dll
#53 282.5 /src/src/common/Myb.Common.Repositories/GenericRepository.cs(65,50): warning CS8602: Dereference of a possibly null reference. [/src/src/common/Myb.Common.Repositories/Myb.Common.Repositories.csproj]
#53 282.5   Myb.Common.Repositories -> /app/build/Myb.Common.Repositories.dll
#53 282.6 /usr/share/dotnet/sdk/10.0.102/Microsoft.Common.CurrentVersion.targets(2189,5): warning MSB9008: The referenced project ../../services/time-sheet/Myb.Timesheet.Infra/Myb.Timesheet.Infra.csproj does not exist. [/src/src/common/Myb.Common.GraphQL.Infra/Myb.Common.GraphQL.Infra.csproj]
#53 282.6 /src/src/common/Myb.Common.Authentification/Dtos/KeycloakUserDto.cs(5,19): warning CS8618: Non-nullable property 'Username' must contain a non-null value when exiting constructor. Consider adding the 'required' modifier or declaring the property as nullable. [/src/src/common/Myb.Common.Authentification/Myb.Common.Authentification.csproj]
#53 282.6 /src/src/common/Myb.Common.Authentification/Dtos/KeycloakUserDto.cs(6,19): warning CS8618: Non-nullable property 'Password' must contain a non-null value when exiting constructor. Consider adding the 'required' modifier or declaring the property as nullable. [/src/src/common/Myb.Common.Authentification/Myb.Common.Authentification.csproj]
#53 282.6 /src/src/common/Myb.Common.Authentification/Dtos/KeycloakTokenRequestDto.cs(8,23): warning CS8618: Non-nullable property 'GrantType' must contain a non-null value when exiting constructor. Consider adding the 'required' modifier or declaring the property as nullable. [/src/src/common/Myb.Common.Authentification/Myb.Common.Authentification.csproj]
#53 282.6 /src/src/common/Myb.Common.Authentification/Dtos/KeycloakTokenRequestDto.cs(11,23): warning CS8618: Non-nullable property 'ClientId' must contain a non-null value when exiting constructor. Consider adding the 'required' modifier or declaring the property as nullable. [/src/src/common/Myb.Common.Authentification/Myb.Common.Authentification.csproj]
#53 282.6 /src/src/common/Myb.Common.Authentification/Dtos/KeycloakTokenRequestDto.cs(14,23): warning CS8618: Non-nullable property 'Username' must contain a non-null value when exiting constructor. Consider adding the 'required' modifier or declaring the property as nullable. [/src/src/common/Myb.Common.Authentification/Myb.Common.Authentification.csproj]
#53 282.6 /src/src/common/Myb.Common.Authentification/Dtos/KeycloakTokenRequestDto.cs(17,23): warning CS8618: Non-nullable property 'Password' must contain a non-null value when exiting constructor. Consider adding the 'required' modifier or declaring the property as nullable. [/src/src/common/Myb.Common.Authentification/Myb.Common.Authentification.csproj]
#53 282.6 /src/src/common/Myb.Common.Authentification/Dtos/KeycloakTokenRequestDto.cs(20,23): warning CS8618: Non-nullable property 'ClientSecret' must contain a non-null value when exiting constructor. Consider adding the 'required' modifier or declaring the property as nullable. [/src/src/common/Myb.Common.Authentification/Myb.Common.Authentification.csproj]
#53 282.6 /src/src/common/Myb.Common.Authentification/Extensions/ServiceCollectionExtensions.cs(55,92): warning CS8604: Possible null reference argument for parameter 's' in 'byte[] Encoding.GetBytes(string s)'. [/src/src/common/Myb.Common.Authentification/Myb.Common.Authentification.csproj]
#53 282.7   Myb.Common.Authentification -> /app/build/Myb.Common.Authentification.dll
#53 282.7 /src/src/common/Myb.Common.GraphQL.Infra/GraphQlRegistration.cs(5,11): error CS0234: The type or namespace name 'Timesheet' does not exist in the namespace 'Myb' (are you missing an assembly reference?) [/src/src/common/Myb.Common.GraphQL.Infra/Myb.Common.GraphQL.Infra.csproj]
#53 282.8   Myb.UserManager.EntityFrameWork.Infra -> /app/build/Myb.UserManager.EntityFrameWork.Infra.dll
#53 283.1 /src/src/services/user-manager/Myb.UserManager.Sevices/UserService.cs(59,24): warning CS8603: Possible null reference return. [/src/src/services/user-manager/Myb.UserManager.Sevices/Myb.UserManager.Sevices.csproj]
#53 283.1 /src/src/services/user-manager/Myb.UserManager.Sevices/UserService.cs(61,38): warning CS0168: The variable 'ex' is declared but never used [/src/src/services/user-manager/Myb.UserManager.Sevices/Myb.UserManager.Sevices.csproj]
#53 283.2   Myb.UserManager.Sevices -> /app/build/Myb.UserManager.Sevices.dll
#53 283.3 /src/src/services/user-manager/Myb.UserManager.Infra/GraphQl/Querys/UserQuery.cs(39,20): warning CS8602: Dereference of a possibly null reference. [/src/src/services/user-manager/Myb.UserManager.Infra/Myb.UserManager.Infra.csproj]
#53 283.4   Myb.UserManager.Infra -> /app/build/Myb.UserManager.Infra.dll
#53 283.4 
#53 283.4 Build FAILED.
#53 283.4 
#53 283.4 /src/src/services/user-manager/Myb.UserManager/Myb.UserManager.csproj : warning NU1510: PackageReference Microsoft.AspNetCore.Authentication will not be pruned. Consider removing this package from your dependencies, as it is likely unnecessary.
#53 283.4 /src/src/services/user-manager/Myb.UserManager.Models/Myb.UserManager.Models.csproj : warning NU1902: Package 'System.Security.Cryptography.Xml' 4.5.0 has a known moderate severity vulnerability, https://github.com/advisories/GHSA-vh55-786g-wjwj [/src/src/services/user-manager/Myb.UserManager/Myb.UserManager.csproj]
#53 283.4 /src/src/common/Myb.Common.Models/Myb.Common.Models.csproj : warning NU1902: Package 'System.Security.Cryptography.Xml' 4.5.0 has a known moderate severity vulnerability, https://github.com/advisories/GHSA-vh55-786g-wjwj [/src/src/services/user-manager/Myb.UserManager/Myb.UserManager.csproj]
#53 283.4 /src/src/common/Myb.Common.Utils/Myb.Common.Utils.csproj : warning NU1902: Package 'System.Security.Cryptography.Xml' 4.5.0 has a known moderate severity vulnerability, https://github.com/advisories/GHSA-vh55-786g-wjwj [/src/src/services/user-manager/Myb.UserManager/Myb.UserManager.csproj]
#53 283.4 /src/src/common/Myb.Common.Repositories/Myb.Common.Repositories.csproj : warning NU1902: Package 'System.Security.Cryptography.Xml' 4.5.0 has a known moderate severity vulnerability, https://github.com/advisories/GHSA-vh55-786g-wjwj [/src/src/services/user-manager/Myb.UserManager/Myb.UserManager.csproj]
#53 283.4 /src/src/common/Myb.Common.GraphQL.Infra/Myb.Common.GraphQL.Infra.csproj : warning NU1902: Package 'System.Security.Cryptography.Xml' 4.5.0 has a known moderate severity vulnerability, https://github.com/advisories/GHSA-vh55-786g-wjwj [/src/src/services/user-manager/Myb.UserManager/Myb.UserManager.csproj]
#53 283.4 /src/src/services/user-manager/Myb.UserManager.Sevices/Myb.UserManager.Sevices.csproj : warning NU1902: Package 'System.Security.Cryptography.Xml' 4.5.0 has a known moderate severity vulnerability, https://github.com/advisories/GHSA-vh55-786g-wjwj [/src/src/services/user-manager/Myb.UserManager/Myb.UserManager.csproj]
#53 283.4 /src/src/services/user-manager/Myb.UserManager.Infra/Myb.UserManager.Infra.csproj : warning NU1902: Package 'System.Security.Cryptography.Xml' 4.5.0 has a known moderate severity vulnerability, https://github.com/advisories/GHSA-vh55-786g-wjwj [/src/src/services/user-manager/Myb.UserManager/Myb.UserManager.csproj]
#53 283.4 /src/src/common/Myb.Common.Authentification/Myb.Common.Authentification.csproj : warning NU1902: Package 'System.Security.Cryptography.Xml' 4.5.0 has a known moderate severity vulnerability, https://github.com/advisories/GHSA-vh55-786g-wjwj [/src/src/services/user-manager/Myb.UserManager/Myb.UserManager.csproj]
#53 283.4 /src/src/services/user-manager/Myb.UserManager/Myb.UserManager.csproj : warning NU1510: PackageReference Microsoft.AspNetCore.Authentication will not be pruned. Consider removing this package from your dependencies, as it is likely unnecessary.
#53 283.4 /src/src/services/user-manager/Myb.UserManager.Models/Myb.UserManager.Models.csproj : warning NU1902: Package 'System.Security.Cryptography.Xml' 4.5.0 has a known moderate severity vulnerability, https://github.com/advisories/GHSA-vh55-786g-wjwj
#53 283.4 /src/src/common/Myb.Common.GraphQL.Infra/Myb.Common.GraphQL.Infra.csproj : warning NU1902: Package 'System.Security.Cryptography.Xml' 4.5.0 has a known moderate severity vulnerability, https://github.com/advisories/GHSA-vh55-786g-wjwj
#53 283.4 /src/src/common/Myb.Common.Repositories/Myb.Common.Repositories.csproj : warning NU1902: Package 'System.Security.Cryptography.Xml' 4.5.0 has a known moderate severity vulnerability, https://github.com/advisories/GHSA-vh55-786g-wjwj
#53 283.4 /src/src/common/Myb.Common.Models/Myb.Common.Models.csproj : warning NU1902: Package 'System.Security.Cryptography.Xml' 4.5.0 has a known moderate severity vulnerability, https://github.com/advisories/GHSA-vh55-786g-wjwj
#53 283.4 /src/src/services/user-manager/Myb.UserManager.Infra/Myb.UserManager.Infra.csproj : warning NU1902: Package 'System.Security.Cryptography.Xml' 4.5.0 has a known moderate severity vulnerability, https://github.com/advisories/GHSA-vh55-786g-wjwj
#53 283.4 /src/src/common/Myb.Common.Utils/Myb.Common.Utils.csproj : warning NU1902: Package 'System.Security.Cryptography.Xml' 4.5.0 has a known moderate severity vulnerability, https://github.com/advisories/GHSA-vh55-786g-wjwj
#53 283.4 /src/src/common/Myb.Common.Authentification/Myb.Common.Authentification.csproj : warning NU1902: Package 'System.Security.Cryptography.Xml' 4.5.0 has a known moderate severity vulnerability, https://github.com/advisories/GHSA-vh55-786g-wjwj
#53 283.4 /src/src/services/user-manager/Myb.UserManager.Sevices/Myb.UserManager.Sevices.csproj : warning NU1902: Package 'System.Security.Cryptography.Xml' 4.5.0 has a known moderate severity vulnerability, https://github.com/advisories/GHSA-vh55-786g-wjwj
#53 283.4 /src/src/services/user-manager/Myb.UserManager.Models/UserPermission.cs(12,23): warning CS8618: Non-nullable property 'Name' must contain a non-null value when exiting constructor. Consider adding the 'required' modifier or declaring the property as nullable. [/src/src/services/user-manager/Myb.UserManager.Models/Myb.UserManager.Models.csproj]
#53 283.4 /src/src/services/user-manager/Myb.UserManager.Models/User.cs(13,23): warning CS8618: Non-nullable property 'Name' must contain a non-null value when exiting constructor. Consider adding the 'required' modifier or declaring the property as nullable. [/src/src/services/user-manager/Myb.UserManager.Models/Myb.UserManager.Models.csproj]
#53 283.4 /src/src/services/user-manager/Myb.UserManager.Models/UserRole.cs(18,23): warning CS8618: Non-nullable property 'Name' must contain a non-null value when exiting constructor. Consider adding the 'required' modifier or declaring the property as nullable. [/src/src/services/user-manager/Myb.UserManager.Models/Myb.UserManager.Models.csproj]
#53 283.4 /src/src/services/user-manager/Myb.UserManager.Models/User.cs(15,23): warning CS8618: Non-nullable property 'Username' must contain a non-null value when exiting constructor. Consider adding the 'required' modifier or declaring the property as nullable. [/src/src/services/user-manager/Myb.UserManager.Models/Myb.UserManager.Models.csproj]
#53 283.4 /src/src/services/user-manager/Myb.UserManager.Models/User.cs(16,23): warning CS8618: Non-nullable property 'Password' must contain a non-null value when exiting constructor. Consider adding the 'required' modifier or declaring the property as nullable. [/src/src/services/user-manager/Myb.UserManager.Models/Myb.UserManager.Models.csproj]
#53 283.4 /src/src/common/Myb.Common.Repositories/GenericRepository.cs(65,50): warning CS8602: Dereference of a possibly null reference. [/src/src/common/Myb.Common.Repositories/Myb.Common.Repositories.csproj]
#53 283.4 /usr/share/dotnet/sdk/10.0.102/Microsoft.Common.CurrentVersion.targets(2189,5): warning MSB9008: The referenced project ../../services/time-sheet/Myb.Timesheet.Infra/Myb.Timesheet.Infra.csproj does not exist. [/src/src/common/Myb.Common.GraphQL.Infra/Myb.Common.GraphQL.Infra.csproj]
#53 283.4 /src/src/common/Myb.Common.Authentification/Dtos/KeycloakUserDto.cs(5,19): warning CS8618: Non-nullable property 'Username' must contain a non-null value when exiting constructor. Consider adding the 'required' modifier or declaring the property as nullable. [/src/src/common/Myb.Common.Authentification/Myb.Common.Authentification.csproj]
#53 283.4 /src/src/common/Myb.Common.Authentification/Dtos/KeycloakUserDto.cs(6,19): warning CS8618: Non-nullable property 'Password' must contain a non-null value when exiting constructor. Consider adding the 'required' modifier or declaring the property as nullable. [/src/src/common/Myb.Common.Authentification/Myb.Common.Authentification.csproj]
#53 283.4 /src/src/common/Myb.Common.Authentification/Dtos/KeycloakTokenRequestDto.cs(8,23): warning CS8618: Non-nullable property 'GrantType' must contain a non-null value when exiting constructor. Consider adding the 'required' modifier or declaring the property as nullable. [/src/src/common/Myb.Common.Authentification/Myb.Common.Authentification.csproj]
#53 283.4 /src/src/common/Myb.Common.Authentification/Dtos/KeycloakTokenRequestDto.cs(11,23): warning CS8618: Non-nullable property 'ClientId' must contain a non-null value when exiting constructor. Consider adding the 'required' modifier or declaring the property as nullable. [/src/src/common/Myb.Common.Authentification/Myb.Common.Authentification.csproj]
#53 283.4 /src/src/common/Myb.Common.Authentification/Dtos/KeycloakTokenRequestDto.cs(14,23): warning CS8618: Non-nullable property 'Username' must contain a non-null value when exiting constructor. Consider adding the 'required' modifier or declaring the property as nullable. [/src/src/common/Myb.Common.Authentification/Myb.Common.Authentification.csproj]
#53 283.4 /src/src/common/Myb.Common.Authentification/Dtos/KeycloakTokenRequestDto.cs(17,23): warning CS8618: Non-nullable property 'Password' must contain a non-null value when exiting constructor. Consider adding the 'required' modifier or declaring the property as nullable. [/src/src/common/Myb.Common.Authentification/Myb.Common.Authentification.csproj]
#53 283.4 /src/src/common/Myb.Common.Authentification/Dtos/KeycloakTokenRequestDto.cs(20,23): warning CS8618: Non-nullable property 'ClientSecret' must contain a non-null value when exiting constructor. Consider adding the 'required' modifier or declaring the property as nullable. [/src/src/common/Myb.Common.Authentification/Myb.Common.Authentification.csproj]
#53 283.4 /src/src/common/Myb.Common.Authentification/Extensions/ServiceCollectionExtensions.cs(55,92): warning CS8604: Possible null reference argument for parameter 's' in 'byte[] Encoding.GetBytes(string s)'. [/src/src/common/Myb.Common.Authentification/Myb.Common.Authentification.csproj]
#53 283.4 /src/src/services/user-manager/Myb.UserManager.Sevices/UserService.cs(59,24): warning CS8603: Possible null reference return. [/src/src/services/user-manager/Myb.UserManager.Sevices/Myb.UserManager.Sevices.csproj]
#53 283.4 /src/src/services/user-manager/Myb.UserManager.Sevices/UserService.cs(61,38): warning CS0168: The variable 'ex' is declared but never used [/src/src/services/user-manager/Myb.UserManager.Sevices/Myb.UserManager.Sevices.csproj]
#53 283.4 /src/src/services/user-manager/Myb.UserManager.Infra/GraphQl/Querys/UserQuery.cs(39,20): warning CS8602: Dereference of a possibly null reference. [/src/src/services/user-manager/Myb.UserManager.Infra/Myb.UserManager.Infra.csproj]
#53 283.4 /src/src/common/Myb.Common.GraphQL.Infra/GraphQlRegistration.cs(5,11): error CS0234: The type or namespace name 'Timesheet' does not exist in the namespace 'Myb' (are you missing an assembly reference?) [/src/src/common/Myb.Common.GraphQL.Infra/Myb.Common.GraphQL.Infra.csproj]
#53 283.4     36 Warning(s)
#53 283.4     1 Error(s)
#53 283.4 
#53 283.4 Time Elapsed 00:04:43.10
#53 ERROR: process "/bin/sh -c dotnet build \"./Myb.UserManager.csproj\" -c $BUILD_CONFIGURATION -o /app/build" did not complete successfully: exit code: 1

#70 [myb-coproperty build 17/17] RUN dotnet build "Myb.Coproperty.csproj" -c Release -o /app/build
#70 0.816   Determining projects to restore...
#70 1.571 /src/src/common/Myb.Common.Models/Myb.Common.Models.csproj : warning NU1902: Package 'System.Security.Cryptography.Xml' 4.5.0 has a known moderate severity vulnerability, https://github.com/advisories/GHSA-vh55-786g-wjwj [/src/src/services/coproperty-management/Myb.Coproperty/Myb.Coproperty.csproj]
#70 1.572 /src/src/common/Myb.Common.Utils/Myb.Common.Utils.csproj : warning NU1902: Package 'System.Security.Cryptography.Xml' 4.5.0 has a known moderate severity vulnerability, https://github.com/advisories/GHSA-vh55-786g-wjwj [/src/src/services/coproperty-management/Myb.Coproperty/Myb.Coproperty.csproj]
#70 1.572 /src/src/common/Myb.Common.Repositories/Myb.Common.Repositories.csproj : warning NU1902: Package 'System.Security.Cryptography.Xml' 4.5.0 has a known moderate severity vulnerability, https://github.com/advisories/GHSA-vh55-786g-wjwj [/src/src/services/coproperty-management/Myb.Coproperty/Myb.Coproperty.csproj]
#70 1.575   All projects are up-to-date for restore.
#70 2.101 /src/src/common/Myb.Common.Repositories/Myb.Common.Repositories.csproj : warning NU1902: Package 'System.Security.Cryptography.Xml' 4.5.0 has a known moderate severity vulnerability, https://github.com/advisories/GHSA-vh55-786g-wjwj
#70 2.129 /src/src/common/Myb.Common.Models/Myb.Common.Models.csproj : warning NU1902: Package 'System.Security.Cryptography.Xml' 4.5.0 has a known moderate severity vulnerability, https://github.com/advisories/GHSA-vh55-786g-wjwj
#70 2.154 /src/src/common/Myb.Common.Utils/Myb.Common.Utils.csproj : warning NU1902: Package 'System.Security.Cryptography.Xml' 4.5.0 has a known moderate severity vulnerability, https://github.com/advisories/GHSA-vh55-786g-wjwj
#70 CANCELED

#57 [myb-notification build 4/8] RUN dotnet restore "./src/services/notification-service/Myb.Notification/./Myb.Notification.csproj"
#57 CANCELED

#55 [myb-timesheet build 7/7] RUN dotnet build "Myb.Timesheet.csproj" -c Release -o /app/build
#55 CANCELED

#64 [myb-docmanager build 24/24] RUN dotnet build "Myb.Document.csproj" -c Release -o /app/build
#64 CANCELED
------
 > [myb-usermanager build 11/11] RUN dotnet build "./Myb.UserManager.csproj" -c Release -o /app/build:
283.4 /src/src/common/Myb.Common.Authentification/Dtos/KeycloakTokenRequestDto.cs(20,23): warning CS8618: Non-nullable property 'ClientSecret' must contain a non-null value when exiting constructor. Consider adding the 'required' modifier or declaring the property as nullable. [/src/src/common/Myb.Common.Authentification/Myb.Common.Authentification.csproj]
283.4 /src/src/common/Myb.Common.Authentification/Extensions/ServiceCollectionExtensions.cs(55,92): warning CS8604: Possible null reference argument for parameter 's' in 'byte[] Encoding.GetBytes(string s)'. [/src/src/common/Myb.Common.Authentification/Myb.Common.Authentification.csproj]
283.4 /src/src/services/user-manager/Myb.UserManager.Sevices/UserService.cs(59,24): warning CS8603: Possible null reference return. [/src/src/services/user-manager/Myb.UserManager.Sevices/Myb.UserManager.Sevices.csproj]
283.4 /src/src/services/user-manager/Myb.UserManager.Sevices/UserService.cs(61,38): warning CS0168: The variable 'ex' is declared but never used [/src/src/services/user-manager/Myb.UserManager.Sevices/Myb.UserManager.Sevices.csproj]
283.4 /src/src/services/user-manager/Myb.UserManager.Infra/GraphQl/Querys/UserQuery.cs(39,20): warning CS8602: Dereference of a possibly null reference. [/src/src/services/user-manager/Myb.UserManager.Infra/Myb.UserManager.Infra.csproj]
283.4 /src/src/common/Myb.Common.GraphQL.Infra/GraphQlRegistration.cs(5,11): error CS0234: The type or namespace name 'Timesheet' does not exist in the namespace 'Myb' (are you missing an assembly reference?) [/src/src/common/Myb.Common.GraphQL.Infra/Myb.Common.GraphQL.Infra.csproj]
283.4     36 Warning(s)
283.4     1 Error(s)
283.4 
283.4 Time Elapsed 00:04:43.10
------
Dockerfile:25

--------------------

  23 |     

  24 |     WORKDIR "/src/src/services/user-manager/Myb.UserManager"

  25 | >>> RUN dotnet build "./Myb.UserManager.csproj" -c $BUILD_CONFIGURATION -o /app/build

  26 |     

  27 |     FROM build AS publish

--------------------

target myb-usermanager: failed to solve: process "/bin/sh -c dotnet build \"./Myb.UserManager.csproj\" -c $BUILD_CONFIGURATION -o /app/build" did not complete successfully: exit code: 1

[0;32m✓ Backend services started[0m
[0;34mℹ Step 6/6: Starting frontend...[0m
time="2026-01-14T23:51:55+01:00" level=warning msg="/Users/macbook/Workspace/myb/docker-compose.yml: the attribute `version` is obsolete, it will be ignored, please remove it to avoid potential confusion"
 Image myb-myb-timesheet Building 
 Image myb-myb-docmanager Building 
 Image myb-myb-invoice Building 
 Image myb-myb-front Building 
#1 [internal] load local bake definitions
#1 reading from stdin 1.99kB done
#1 DONE 0.0s

#2 [myb-timesheet internal] load build definition from Dockerfile
#2 transferring dockerfile: 819B done
#2 DONE 0.0s

#3 [myb-docmanager internal] load build definition from Dockerfile
#3 transferring dockerfile: 3.22kB done
#3 DONE 0.0s

#4 [myb-timesheet internal] load metadata for mcr.microsoft.com/dotnet/aspnet:10.0
#4 ...

#5 [myb-docmanager internal] load metadata for mcr.microsoft.com/dotnet/sdk:10.0
#5 DONE 0.8s

#4 [myb-timesheet internal] load metadata for mcr.microsoft.com/dotnet/aspnet:10.0
#4 DONE 1.2s

#6 [myb-docmanager internal] load .dockerignore
#6 transferring context: 674B done
#6 DONE 0.0s

#7 [myb-timesheet base 1/2] FROM mcr.microsoft.com/dotnet/aspnet:10.0@sha256:1aacc8154bc3071349907dae26849df301188be1a2e1f4560b903fb6275e481a
#7 resolve mcr.microsoft.com/dotnet/aspnet:10.0@sha256:1aacc8154bc3071349907dae26849df301188be1a2e1f4560b903fb6275e481a done
#7 DONE 0.0s

#8 [myb-docmanager build 1/7] FROM mcr.microsoft.com/dotnet/sdk:10.0@sha256:25d14b400b75fa4e89d5bd4487a92a604a4e409ab65becb91821e7dc4ac7f81f
#8 resolve mcr.microsoft.com/dotnet/sdk:10.0@sha256:25d14b400b75fa4e89d5bd4487a92a604a4e409ab65becb91821e7dc4ac7f81f done
#8 DONE 0.0s

#9 [myb-docmanager internal] load build context
#9 transferring context: 16.03kB 0.0s done
#9 DONE 0.0s

#10 [myb-docmanager build 20/24] COPY src/common/ src/common/
#10 CACHED

#11 [myb-docmanager build 22/24] COPY src/services/time-sheet/ src/services/time-sheet/
#11 CACHED

#12 [myb-docmanager build 2/7] WORKDIR /src
#12 CACHED

#13 [myb-docmanager build  3/24] COPY [src/services/document-management/Myb.Document/Myb.Document.csproj, src/services/document-management/Myb.Document/]
#13 CACHED

#14 [myb-docmanager build  4/24] COPY [src/common/Myb.Common.Models/Myb.Common.Models.csproj, src/common/Myb.Common.Models/]
#14 CACHED

#15 [myb-docmanager build 14/24] COPY [src/services/user-manager/Myb.UserManager.Models/Myb.UserManager.Models.csproj, src/services/user-manager/Myb.UserManager.Models/]
#15 CACHED

#16 [myb-docmanager build 17/24] COPY [src/services/time-sheet/Myb.Timesheet.Infra/Myb.Timesheet.Infra.csproj, src/services/time-sheet/Myb.Timesheet.Infra/]
#16 CACHED

#17 [myb-docmanager build 12/24] COPY [src/services/document-management/Myb.document.Model/Myb.document.Model.csproj, src/services/document-management/Myb.document.Model/]
#17 CACHED

#18 [myb-docmanager build 16/24] COPY [src/services/user-manager/Myb.UserManager.Infra/Myb.UserManager.Infra.csproj, src/services/user-manager/Myb.UserManager.Infra/]
#18 CACHED

#19 [myb-docmanager build  9/24] COPY [src/common/Myb.Common.Stripe/Myb.Common.Stripe.csproj, src/common/Myb.Common.Stripe/]
#19 CACHED

#20 [myb-docmanager build 15/24] COPY [src/services/user-manager/Myb.UserManager.EntityFrameWork.Infra/Myb.UserManager.EntityFrameWork.Infra.csproj, src/services/user-manager/Myb.UserManager.EntityFrameWork.Infra/]
#20 CACHED

#21 [myb-docmanager build  7/24] COPY [src/common/Myb.Common.GraphQL.Infra/Myb.Common.GraphQL.Infra.csproj, src/common/Myb.Common.GraphQL.Infra/]
#21 CACHED

#22 [myb-docmanager build 13/24] COPY [src/services/document-management/Myb.Document.Services/Myb.Document.Services.csproj, src/services/document-management/Myb.Document.Services/]
#22 CACHED

#23 [myb-docmanager build 10/24] COPY [src/services/document-management/Myb.Document.EntityFrameWork.Infra/Myb.Document.EntityFrameWork.Infra.csproj, src/services/document-management/Myb.Document.EntityFrameWork.Infra/]
#23 CACHED

#24 [myb-docmanager build 19/24] COPY src/services/document-management/ src/services/document-management/
#24 CACHED

#25 [myb-docmanager build  6/24] COPY [src/common/Myb.Common.Authentification/Myb.Common.Authentification.csproj, src/common/Myb.Common.Authentification/]
#25 CACHED

#26 [myb-docmanager build 11/24] COPY [src/services/document-management/Myb.Document.Infra/Myb.Document.Infra.csproj, src/services/document-management/Myb.Document.Infra/]
#26 CACHED

#27 [myb-docmanager build 21/24] COPY src/services/user-manager/ src/services/user-manager/
#27 CACHED

#28 [myb-docmanager build 18/24] RUN dotnet restore "src/services/document-management/Myb.Document/Myb.Document.csproj"
#28 CACHED

#29 [myb-docmanager build  8/24] COPY [src/common/Myb.Common.Utils/Myb.Common.Utils.csproj, src/common/Myb.Common.Utils/]
#29 CACHED

#30 [myb-docmanager build  5/24] COPY [src/common/Myb.Common.Repositories/Myb.Common.Repositories.csproj, src/common/Myb.Common.Repositories/]
#30 CACHED

#31 [myb-docmanager build 23/24] WORKDIR /src/src/services/document-management/Myb.Document
#31 CACHED

#32 [myb-timesheet internal] load build context
#32 transferring context: 151.77kB 1.8s done
#32 DONE 1.8s

#12 [myb-timesheet build 2/7] WORKDIR /src
#12 CACHED

#33 [myb-timesheet build 3/7] COPY [src/services/time-sheet/Myb.Timesheet/Myb.Timesheet.csproj, src/services/time-sheet/Myb.Timesheet/]
#33 CACHED

#34 [myb-timesheet build 4/7] RUN dotnet restore "src/services/time-sheet/Myb.Timesheet/Myb.Timesheet.csproj"
#34 CACHED

#35 [myb-timesheet build 5/7] COPY . .
#35 CACHED

#36 [myb-timesheet build 6/7] WORKDIR /src/src/services/time-sheet/Myb.Timesheet
#36 CACHED

#37 [myb-timesheet build 7/7] RUN dotnet build "Myb.Timesheet.csproj" -c Release -o /app/build
#37 0.383   Determining projects to restore...
#37 ...

#38 [myb-docmanager build 24/24] RUN dotnet build "Myb.Document.csproj" -c Release -o /app/build
#38 0.441   Determining projects to restore...
#38 1.366 /src/src/services/document-management/Myb.Document.Infra/Myb.Document.Infra.csproj : warning NU1902: Package 'System.Security.Cryptography.Xml' 4.5.0 has a known moderate severity vulnerability, https://github.com/advisories/GHSA-vh55-786g-wjwj [/src/src/services/document-management/Myb.Document/Myb.Document.csproj]
#38 1.366 /src/src/common/Myb.Common.Authentification/Myb.Common.Authentification.csproj : warning NU1902: Package 'System.Security.Cryptography.Xml' 4.5.0 has a known moderate severity vulnerability, https://github.com/advisories/GHSA-vh55-786g-wjwj [/src/src/services/document-management/Myb.Document/Myb.Document.csproj]
#38 1.366 /src/src/services/document-management/Myb.Document.Services/Myb.Document.Services.csproj : warning NU1902: Package 'System.Security.Cryptography.Xml' 4.5.0 has a known moderate severity vulnerability, https://github.com/advisories/GHSA-vh55-786g-wjwj [/src/src/services/document-management/Myb.Document/Myb.Document.csproj]
#38 1.366 /src/src/common/Myb.Common.Models/Myb.Common.Models.csproj : warning NU1902: Package 'System.Security.Cryptography.Xml' 4.5.0 has a known moderate severity vulnerability, https://github.com/advisories/GHSA-vh55-786g-wjwj [/src/src/services/document-management/Myb.Document/Myb.Document.csproj]
#38 1.366 /src/src/common/Myb.Common.Utils/Myb.Common.Utils.csproj : warning NU1902: Package 'System.Security.Cryptography.Xml' 4.5.0 has a known moderate severity vulnerability, https://github.com/advisories/GHSA-vh55-786g-wjwj [/src/src/services/document-management/Myb.Document/Myb.Document.csproj]
#38 1.366 /src/src/services/document-management/Myb.Document.EntityFrameWork.Infra/Myb.Document.EntityFrameWork.Infra.csproj : warning NU1902: Package 'System.Security.Cryptography.Xml' 4.5.0 has a known moderate severity vulnerability, https://github.com/advisories/GHSA-vh55-786g-wjwj [/src/src/services/document-management/Myb.Document/Myb.Document.csproj]
#38 1.366 /src/src/common/Myb.Common.Repositories/Myb.Common.Repositories.csproj : warning NU1902: Package 'System.Security.Cryptography.Xml' 4.5.0 has a known moderate severity vulnerability, https://github.com/advisories/GHSA-vh55-786g-wjwj [/src/src/services/document-management/Myb.Document/Myb.Document.csproj]
#38 1.367 /src/src/services/user-manager/Myb.UserManager.Models/Myb.UserManager.Models.csproj : warning NU1902: Package 'System.Security.Cryptography.Xml' 4.5.0 has a known moderate severity vulnerability, https://github.com/advisories/GHSA-vh55-786g-wjwj [/src/src/services/document-management/Myb.Document/Myb.Document.csproj]
#38 1.368 /src/src/services/document-management/Myb.document.Model/Myb.document.Model.csproj : warning NU1902: Package 'System.Security.Cryptography.Xml' 4.5.0 has a known moderate severity vulnerability, https://github.com/advisories/GHSA-vh55-786g-wjwj [/src/src/services/document-management/Myb.Document/Myb.Document.csproj]
#38 1.423 /src/src/services/time-sheet/Myb.Timesheet.Models/Myb.Timesheet.Models.csproj : warning NU1902: Package 'System.Security.Cryptography.Xml' 4.5.0 has a known moderate severity vulnerability, https://github.com/advisories/GHSA-vh55-786g-wjwj [/src/src/services/document-management/Myb.Document/Myb.Document.csproj]
#38 1.423 /src/src/services/user-manager/Myb.UserManager.Sevices/Myb.UserManager.Sevices.csproj : warning NU1902: Package 'System.Security.Cryptography.Xml' 4.5.0 has a known moderate severity vulnerability, https://github.com/advisories/GHSA-vh55-786g-wjwj [/src/src/services/document-management/Myb.Document/Myb.Document.csproj]
#38 1.423 /src/src/services/user-manager/Myb.UserManager.Infra/Myb.UserManager.Infra.csproj : warning NU1902: Package 'System.Security.Cryptography.Xml' 4.5.0 has a known moderate severity vulnerability, https://github.com/advisories/GHSA-vh55-786g-wjwj [/src/src/services/document-management/Myb.Document/Myb.Document.csproj]
#38 1.482   Restored /src/src/services/time-sheet/Myb.Timesheet.Models/Myb.Timesheet.Models.csproj (in 100 ms).
#38 1.486   Restored /src/src/services/user-manager/Myb.UserManager.Infra/Myb.UserManager.Infra.csproj (in 100 ms).
#38 1.486   Restored /src/src/services/user-manager/Myb.UserManager.Sevices/Myb.UserManager.Sevices.csproj (in 148 ms).
#38 1.487   Restored /src/src/services/time-sheet/Myb.Timesheet.EntityFrameWork.Infra/Myb.Timesheet.EntityFrameWork.Infra.csproj (in 115 ms).
#38 ...

#37 [myb-timesheet build 7/7] RUN dotnet build "Myb.Timesheet.csproj" -c Release -o /app/build
#37 25.43 /src/src/services/user-manager/Myb.UserManager.Models/Myb.UserManager.Models.csproj : warning NU1902: Package 'System.Security.Cryptography.Xml' 4.5.0 has a known moderate severity vulnerability, https://github.com/advisories/GHSA-vh55-786g-wjwj [/src/src/services/time-sheet/Myb.Timesheet/Myb.Timesheet.csproj]
#37 25.43 /src/src/services/time-sheet/Myb.Timesheet.Models/Myb.Timesheet.Models.csproj : warning NU1902: Package 'System.Security.Cryptography.Xml' 4.5.0 has a known moderate severity vulnerability, https://github.com/advisories/GHSA-vh55-786g-wjwj [/src/src/services/time-sheet/Myb.Timesheet/Myb.Timesheet.csproj]
#37 25.48   Restored /src/src/services/time-sheet/Myb.Timesheet.Models/Myb.Timesheet.Models.csproj (in 24.34 sec).
#37 25.48   Restored /src/src/services/user-manager/Myb.UserManager.Models/Myb.UserManager.Models.csproj (in 24.31 sec).
#37 52.03 /src/src/common/Myb.Common.Utils/Myb.Common.Utils.csproj : warning NU1902: Package 'System.Security.Cryptography.Xml' 4.5.0 has a known moderate severity vulnerability, https://github.com/advisories/GHSA-vh55-786g-wjwj [/src/src/services/time-sheet/Myb.Timesheet/Myb.Timesheet.csproj]
#37 52.04   Restored /src/src/common/Myb.Common.Utils/Myb.Common.Utils.csproj (in 50.92 sec).
#37 52.04 /src/src/common/Myb.Common.Models/Myb.Common.Models.csproj : warning NU1902: Package 'System.Security.Cryptography.Xml' 4.5.0 has a known moderate severity vulnerability, https://github.com/advisories/GHSA-vh55-786g-wjwj [/src/src/services/time-sheet/Myb.Timesheet/Myb.Timesheet.csproj]
#37 52.04   Restored /src/src/common/Myb.Common.Models/Myb.Common.Models.csproj (in 3 ms).
#37 53.28   Restored /src/src/services/time-sheet/Myb.Timesheet.EntityFrameWork.Infra/Myb.Timesheet.EntityFrameWork.Infra.csproj (in 52.16 sec).
#37 53.28   Restored /src/src/services/user-manager/Myb.UserManager.EntityFrameWork.Infra/Myb.UserManager.EntityFrameWork.Infra.csproj (in 52.16 sec).
#37 53.28 /src/src/common/Myb.Common.Repositories/Myb.Common.Repositories.csproj : warning NU1902: Package 'System.Security.Cryptography.Xml' 4.5.0 has a known moderate severity vulnerability, https://github.com/advisories/GHSA-vh55-786g-wjwj [/src/src/services/time-sheet/Myb.Timesheet/Myb.Timesheet.csproj]
#37 53.28   Restored /src/src/common/Myb.Common.Repositories/Myb.Common.Repositories.csproj (in 2 ms).
#37 81.88 /src/src/common/Myb.Common.Authentification/Myb.Common.Authentification.csproj : warning NU1902: Package 'System.Security.Cryptography.Xml' 4.5.0 has a known moderate severity vulnerability, https://github.com/advisories/GHSA-vh55-786g-wjwj [/src/src/services/time-sheet/Myb.Timesheet/Myb.Timesheet.csproj]
#37 81.88 /src/src/services/user-manager/Myb.UserManager.Infra/Myb.UserManager.Infra.csproj : warning NU1902: Package 'System.Security.Cryptography.Xml' 4.5.0 has a known moderate severity vulnerability, https://github.com/advisories/GHSA-vh55-786g-wjwj [/src/src/services/time-sheet/Myb.Timesheet/Myb.Timesheet.csproj]
#37 81.88 /src/src/services/user-manager/Myb.UserManager.Sevices/Myb.UserManager.Sevices.csproj : warning NU1902: Package 'System.Security.Cryptography.Xml' 4.5.0 has a known moderate severity vulnerability, https://github.com/advisories/GHSA-vh55-786g-wjwj [/src/src/services/time-sheet/Myb.Timesheet/Myb.Timesheet.csproj]
#37 81.90   Restored /src/src/services/user-manager/Myb.UserManager.Sevices/Myb.UserManager.Sevices.csproj (in 1.35 min).
#37 81.90   Restored /src/src/services/user-manager/Myb.UserManager.Infra/Myb.UserManager.Infra.csproj (in 56.41 sec).
#37 81.90   Restored /src/src/common/Myb.Common.Authentification/Myb.Common.Authentification.csproj (in 1.35 min).
#37 87.63   Restored /src/src/common/Myb.Common.Stripe/Myb.Common.Stripe.csproj (in 1.04 min).
#37 ...

#38 [myb-docmanager build 24/24] RUN dotnet build "Myb.Document.csproj" -c Release -o /app/build
#38 115.2 /src/src/services/time-sheet/Myb.Timesheet.Infra/Myb.Timesheet.Infra.csproj : warning NU1902: Package 'System.Security.Cryptography.Xml' 4.5.0 has a known moderate severity vulnerability, https://github.com/advisories/GHSA-vh55-786g-wjwj [/src/src/services/document-management/Myb.Document/Myb.Document.csproj]
#38 115.2 /src/src/common/Myb.Common.GraphQL.Infra/Myb.Common.GraphQL.Infra.csproj : warning NU1902: Package 'System.Security.Cryptography.Xml' 4.5.0 has a known moderate severity vulnerability, https://github.com/advisories/GHSA-vh55-786g-wjwj [/src/src/services/document-management/Myb.Document/Myb.Document.csproj]
#38 115.2 /src/src/services/time-sheet/Myb.Timesheet.Services/Myb.Timesheet.Services.csproj : warning NU1902: Package 'System.Security.Cryptography.Xml' 4.5.0 has a known moderate severity vulnerability, https://github.com/advisories/GHSA-vh55-786g-wjwj [/src/src/services/document-management/Myb.Document/Myb.Document.csproj]
#38 115.2   Restored /src/src/services/time-sheet/Myb.Timesheet.Services/Myb.Timesheet.Services.csproj (in 1.9 min).
#38 115.2   Restored /src/src/services/time-sheet/Myb.Timesheet.Infra/Myb.Timesheet.Infra.csproj (in 1.9 min).
#38 115.2   Restored /src/src/common/Myb.Common.GraphQL.Infra/Myb.Common.GraphQL.Infra.csproj (in 1.9 min).
#38 115.2   Restored /src/src/services/document-management/Myb.Document/Myb.Document.csproj (in 1.9 min).
#38 115.2   11 of 19 projects are up-to-date for restore.
#38 115.6 /src/src/services/document-management/Myb.Document.EntityFrameWork.Infra/Myb.Document.EntityFrameWork.Infra.csproj : warning NU1902: Package 'System.Security.Cryptography.Xml' 4.5.0 has a known moderate severity vulnerability, https://github.com/advisories/GHSA-vh55-786g-wjwj
#38 115.6 /src/src/services/user-manager/Myb.UserManager.Infra/Myb.UserManager.Infra.csproj : warning NU1902: Package 'System.Security.Cryptography.Xml' 4.5.0 has a known moderate severity vulnerability, https://github.com/advisories/GHSA-vh55-786g-wjwj
#38 115.6 /src/src/services/document-management/Myb.document.Model/Myb.document.Model.csproj : warning NU1902: Package 'System.Security.Cryptography.Xml' 4.5.0 has a known moderate severity vulnerability, https://github.com/advisories/GHSA-vh55-786g-wjwj
#38 115.6 /src/src/common/Myb.Common.Repositories/Myb.Common.Repositories.csproj : warning NU1902: Package 'System.Security.Cryptography.Xml' 4.5.0 has a known moderate severity vulnerability, https://github.com/advisories/GHSA-vh55-786g-wjwj
#38 115.7 /src/src/common/Myb.Common.Authentification/Myb.Common.Authentification.csproj : warning NU1902: Package 'System.Security.Cryptography.Xml' 4.5.0 has a known moderate severity vulnerability, https://github.com/advisories/GHSA-vh55-786g-wjwj
#38 115.7 /src/src/services/user-manager/Myb.UserManager.Models/Myb.UserManager.Models.csproj : warning NU1902: Package 'System.Security.Cryptography.Xml' 4.5.0 has a known moderate severity vulnerability, https://github.com/advisories/GHSA-vh55-786g-wjwj
#38 115.7 /src/src/services/document-management/Myb.Document.Infra/Myb.Document.Infra.csproj : warning NU1902: Package 'System.Security.Cryptography.Xml' 4.5.0 has a known moderate severity vulnerability, https://github.com/advisories/GHSA-vh55-786g-wjwj
#38 115.7 /src/src/services/document-management/Myb.Document.Services/Myb.Document.Services.csproj : warning NU1902: Package 'System.Security.Cryptography.Xml' 4.5.0 has a known moderate severity vulnerability, https://github.com/advisories/GHSA-vh55-786g-wjwj
#38 115.7 /src/src/common/Myb.Common.GraphQL.Infra/Myb.Common.GraphQL.Infra.csproj : warning NU1902: Package 'System.Security.Cryptography.Xml' 4.5.0 has a known moderate severity vulnerability, https://github.com/advisories/GHSA-vh55-786g-wjwj
#38 115.7 /src/src/common/Myb.Common.Models/Myb.Common.Models.csproj : warning NU1902: Package 'System.Security.Cryptography.Xml' 4.5.0 has a known moderate severity vulnerability, https://github.com/advisories/GHSA-vh55-786g-wjwj
#38 115.7 /src/src/services/time-sheet/Myb.Timesheet.Infra/Myb.Timesheet.Infra.csproj : warning NU1902: Package 'System.Security.Cryptography.Xml' 4.5.0 has a known moderate severity vulnerability, https://github.com/advisories/GHSA-vh55-786g-wjwj
#38 115.7 /src/src/services/time-sheet/Myb.Timesheet.Services/Myb.Timesheet.Services.csproj : warning NU1902: Package 'System.Security.Cryptography.Xml' 4.5.0 has a known moderate severity vulnerability, https://github.com/advisories/GHSA-vh55-786g-wjwj
#38 115.8 /src/src/common/Myb.Common.Utils/Myb.Common.Utils.csproj : warning NU1902: Package 'System.Security.Cryptography.Xml' 4.5.0 has a known moderate severity vulnerability, https://github.com/advisories/GHSA-vh55-786g-wjwj
#38 115.8 /src/src/services/time-sheet/Myb.Timesheet.Models/Myb.Timesheet.Models.csproj : warning NU1902: Package 'System.Security.Cryptography.Xml' 4.5.0 has a known moderate severity vulnerability, https://github.com/advisories/GHSA-vh55-786g-wjwj
#38 117.6   Myb.Common.Utils -> /app/build/Myb.Common.Utils.dll
#38 117.6   Myb.Common.Models -> /app/build/Myb.Common.Models.dll
#38 117.6   Myb.Common.Stripe -> /app/build/Myb.Common.Stripe.dll
#38 117.6 /src/src/services/user-manager/Myb.UserManager.Sevices/Myb.UserManager.Sevices.csproj : warning NU1902: Package 'System.Security.Cryptography.Xml' 4.5.0 has a known moderate severity vulnerability, https://github.com/advisories/GHSA-vh55-786g-wjwj
#38 117.8 /src/src/services/user-manager/Myb.UserManager.Models/UserPermission.cs(12,23): warning CS8618: Non-nullable property 'Name' must contain a non-null value when exiting constructor. Consider adding the 'required' modifier or declaring the property as nullable. [/src/src/services/user-manager/Myb.UserManager.Models/Myb.UserManager.Models.csproj]
#38 117.8 /src/src/services/user-manager/Myb.UserManager.Models/UserRole.cs(18,23): warning CS8618: Non-nullable property 'Name' must contain a non-null value when exiting constructor. Consider adding the 'required' modifier or declaring the property as nullable. [/src/src/services/user-manager/Myb.UserManager.Models/Myb.UserManager.Models.csproj]
#38 117.8 /src/src/services/user-manager/Myb.UserManager.Models/User.cs(13,23): warning CS8618: Non-nullable property 'Name' must contain a non-null value when exiting constructor. Consider adding the 'required' modifier or declaring the property as nullable. [/src/src/services/user-manager/Myb.UserManager.Models/Myb.UserManager.Models.csproj]
#38 117.8 /src/src/services/user-manager/Myb.UserManager.Models/User.cs(15,23): warning CS8618: Non-nullable property 'Username' must contain a non-null value when exiting constructor. Consider adding the 'required' modifier or declaring the property as nullable. [/src/src/services/user-manager/Myb.UserManager.Models/Myb.UserManager.Models.csproj]
#38 117.8 /src/src/services/user-manager/Myb.UserManager.Models/User.cs(16,23): warning CS8618: Non-nullable property 'Password' must contain a non-null value when exiting constructor. Consider adding the 'required' modifier or declaring the property as nullable. [/src/src/services/user-manager/Myb.UserManager.Models/Myb.UserManager.Models.csproj]
#38 117.8   Myb.UserManager.Models -> /app/build/Myb.UserManager.Models.dll
#38 117.9 /src/src/services/time-sheet/Myb.Timesheet.Models/TimeOff.cs(9,19): warning CS8618: Non-nullable property 'Reason' must contain a non-null value when exiting constructor. Consider adding the 'required' modifier or declaring the property as nullable. [/src/src/services/time-sheet/Myb.Timesheet.Models/Myb.Timesheet.Models.csproj]
#38 117.9 /src/src/services/time-sheet/Myb.Timesheet.Models/TimesheetTask.cs(9,19): warning CS8618: Non-nullable property 'name' must contain a non-null value when exiting constructor. Consider adding the 'required' modifier or declaring the property as nullable. [/src/src/services/time-sheet/Myb.Timesheet.Models/Myb.Timesheet.Models.csproj]
#38 117.9   Myb.Timesheet.Models -> /app/build/Myb.Timesheet.Models.dll
#38 118.0 /src/src/common/Myb.Common.Repositories/GenericRepository.cs(65,50): warning CS8602: Dereference of a possibly null reference. [/src/src/common/Myb.Common.Repositories/Myb.Common.Repositories.csproj]
#38 118.0 /src/src/services/document-management/Myb.document.Model/Folder.cs(11,23): warning CS8618: Non-nullable property 'FolderName' must contain a non-null value when exiting constructor. Consider adding the 'required' modifier or declaring the property as nullable. [/src/src/services/document-management/Myb.document.Model/Myb.document.Model.csproj]
#38 118.0 /src/src/services/document-management/Myb.document.Model/Folder.cs(15,23): warning CS8618: Non-nullable property 'CreatedBy' must contain a non-null value when exiting constructor. Consider adding the 'required' modifier or declaring the property as nullable. [/src/src/services/document-management/Myb.document.Model/Myb.document.Model.csproj]
#38 118.0 /src/src/services/document-management/Myb.document.Model/Folder.cs(16,23): warning CS8618: Non-nullable property 'EditedBy' must contain a non-null value when exiting constructor. Consider adding the 'required' modifier or declaring the property as nullable. [/src/src/services/document-management/Myb.document.Model/Myb.document.Model.csproj]
#38 118.0 /src/src/services/document-management/Myb.document.Model/DocumentVersion.cs(13,28): warning CS8618: Non-nullable property 'Document' must contain a non-null value when exiting constructor. Consider adding the 'required' modifier or declaring the property as nullable. [/src/src/services/document-management/Myb.document.Model/Myb.document.Model.csproj]
#38 118.1   Myb.document.Model -> /app/build/Myb.document.Model.dll
#38 118.1 /src/src/common/Myb.Common.Authentification/Dtos/KeycloakUserDto.cs(5,19): warning CS8618: Non-nullable property 'Username' must contain a non-null value when exiting constructor. Consider adding the 'required' modifier or declaring the property as nullable. [/src/src/common/Myb.Common.Authentification/Myb.Common.Authentification.csproj]
#38 118.1 /src/src/common/Myb.Common.Authentification/Dtos/KeycloakUserDto.cs(6,19): warning CS8618: Non-nullable property 'Password' must contain a non-null value when exiting constructor. Consider adding the 'required' modifier or declaring the property as nullable. [/src/src/common/Myb.Common.Authentification/Myb.Common.Authentification.csproj]
#38 118.1 /src/src/common/Myb.Common.Authentification/Dtos/KeycloakTokenRequestDto.cs(8,23): warning CS8618: Non-nullable property 'GrantType' must contain a non-null value when exiting constructor. Consider adding the 'required' modifier or declaring the property as nullable. [/src/src/common/Myb.Common.Authentification/Myb.Common.Authentification.csproj]
#38 118.1 /src/src/common/Myb.Common.Authentification/Dtos/KeycloakTokenRequestDto.cs(11,23): warning CS8618: Non-nullable property 'ClientId' must contain a non-null value when exiting constructor. Consider adding the 'required' modifier or declaring the property as nullable. [/src/src/common/Myb.Common.Authentification/Myb.Common.Authentification.csproj]
#38 118.1 /src/src/common/Myb.Common.Authentification/Dtos/KeycloakTokenRequestDto.cs(14,23): warning CS8618: Non-nullable property 'Username' must contain a non-null value when exiting constructor. Consider adding the 'required' modifier or declaring the property as nullable. [/src/src/common/Myb.Common.Authentification/Myb.Common.Authentification.csproj]
#38 118.1 /src/src/common/Myb.Common.Authentification/Dtos/KeycloakTokenRequestDto.cs(17,23): warning CS8618: Non-nullable property 'Password' must contain a non-null value when exiting constructor. Consider adding the 'required' modifier or declaring the property as nullable. [/src/src/common/Myb.Common.Authentification/Myb.Common.Authentification.csproj]
#38 118.1 /src/src/common/Myb.Common.Authentification/Dtos/KeycloakTokenRequestDto.cs(20,23): warning CS8618: Non-nullable property 'ClientSecret' must contain a non-null value when exiting constructor. Consider adding the 'required' modifier or declaring the property as nullable. [/src/src/common/Myb.Common.Authentification/Myb.Common.Authentification.csproj]
#38 118.1 /src/src/common/Myb.Common.Authentification/Extensions/ServiceCollectionExtensions.cs(55,92): warning CS8604: Possible null reference argument for parameter 's' in 'byte[] Encoding.GetBytes(string s)'. [/src/src/common/Myb.Common.Authentification/Myb.Common.Authentification.csproj]
#38 118.2   Myb.UserManager.EntityFrameWork.Infra -> /app/build/Myb.UserManager.EntityFrameWork.Infra.dll
#38 118.2   Myb.Common.Authentification -> /app/build/Myb.Common.Authentification.dll
#38 118.2   Myb.Common.Repositories -> /app/build/Myb.Common.Repositories.dll
#38 118.2 /src/src/services/time-sheet/Myb.Timesheet.EntityFrameWork.Infra/TimesheetContext.cs(9,12): warning CS8618: Non-nullable field '_configuration' must contain a non-null value when exiting constructor. Consider adding the 'required' modifier or declaring the field as nullable. [/src/src/services/time-sheet/Myb.Timesheet.EntityFrameWork.Infra/Myb.Timesheet.EntityFrameWork.Infra.csproj]
#38 118.2 /src/src/services/document-management/Myb.Document.EntityFrameWork.Infra/DocumentContext.cs(11,16): warning CS8618: Non-nullable field '_configuration' must contain a non-null value when exiting constructor. Consider adding the 'required' modifier or declaring the field as nullable. [/src/src/services/document-management/Myb.Document.EntityFrameWork.Infra/Myb.Document.EntityFrameWork.Infra.csproj]
#38 118.3   Myb.Document.EntityFrameWork.Infra -> /app/build/Myb.Document.EntityFrameWork.Infra.dll
#38 118.3   Myb.Timesheet.EntityFrameWork.Infra -> /app/build/Myb.Timesheet.EntityFrameWork.Infra.dll
#38 118.4 /src/src/services/user-manager/Myb.UserManager.Sevices/UserService.cs(59,24): warning CS8603: Possible null reference return. [/src/src/services/user-manager/Myb.UserManager.Sevices/Myb.UserManager.Sevices.csproj]
#38 118.4 /src/src/services/user-manager/Myb.UserManager.Sevices/UserService.cs(61,38): warning CS0168: The variable 'ex' is declared but never used [/src/src/services/user-manager/Myb.UserManager.Sevices/Myb.UserManager.Sevices.csproj]
#38 118.7 /src/src/services/document-management/Myb.Document.Services/DocumentService.cs(27,51): warning CS8604: Possible null reference argument for parameter 'result' in 'Task<DocumentModel> Task.FromResult<DocumentModel>(DocumentModel result)'. [/src/src/services/document-management/Myb.Document.Services/Myb.Document.Services.csproj]
#38 118.7 /src/src/services/time-sheet/Myb.Timesheet.Services/TimesheetService.cs(31,92): warning CS8604: Possible null reference argument for parameter 'value' in 'string string.Join(string? separator, params string?[] value)'. [/src/src/services/time-sheet/Myb.Timesheet.Services/Myb.Timesheet.Services.csproj]
#38 118.7 /src/src/services/time-sheet/Myb.Timesheet.Services/TimesheetService.cs(162,94): warning CS8604: Possible null reference argument for parameter 'value' in 'string string.Join(string? separator, params string?[] value)'. [/src/src/services/time-sheet/Myb.Timesheet.Services/Myb.Timesheet.Services.csproj]
#38 118.7 /src/src/services/time-sheet/Myb.Timesheet.Services/TimesheetService.cs(176,94): warning CS8604: Possible null reference argument for parameter 'value' in 'string string.Join(string? separator, params string?[] value)'. [/src/src/services/time-sheet/Myb.Timesheet.Services/Myb.Timesheet.Services.csproj]
#38 118.7 /src/src/services/document-management/Myb.Document.Services/DocumentService.cs(43,24): warning CS8603: Possible null reference return. [/src/src/services/document-management/Myb.Document.Services/Myb.Document.Services.csproj]
#38 118.7 /src/src/services/document-management/Myb.Document.Services/FolderService.cs(28,20): warning CS8603: Possible null reference return. [/src/src/services/document-management/Myb.Document.Services/Myb.Document.Services.csproj]
#38 118.7 /src/src/services/document-management/Myb.Document.Services/RootFolderService.cs(27,20): warning CS8603: Possible null reference return. [/src/src/services/document-management/Myb.Document.Services/Myb.Document.Services.csproj]
#38 118.7 /src/src/services/document-management/Myb.Document.Services/DocumentService.cs(74,17): warning CS8604: Possible null reference argument for parameter 'source' in 'bool Enumerable.Any<DocumentVersion>(IEnumerable<DocumentVersion> source, Func<DocumentVersion, bool> predicate)'. [/src/src/services/document-management/Myb.Document.Services/Myb.Document.Services.csproj]
#38 118.8   Myb.UserManager.Sevices -> /app/build/Myb.UserManager.Sevices.dll
#38 118.8   Myb.Timesheet.Services -> /app/build/Myb.Timesheet.Services.dll
#38 118.9   Myb.Document.Services -> /app/build/Myb.Document.Services.dll
#38 119.0 /src/src/services/user-manager/Myb.UserManager.Infra/GraphQl/Querys/UserQuery.cs(39,20): warning CS8602: Dereference of a possibly null reference. [/src/src/services/user-manager/Myb.UserManager.Infra/Myb.UserManager.Infra.csproj]
#38 119.0 /src/src/services/time-sheet/Myb.Timesheet.Infra/TimesheetResorver.cs(34,71): warning CS8604: Possible null reference argument for parameter 'userId' in 'Task<IEnumerable<TimeSheet>> ITimesheetService.GetTimeSheetsByUserIdAsync(string userId)'. [/src/src/services/time-sheet/Myb.Timesheet.Infra/Myb.Timesheet.Infra.csproj]
#38 119.0   Myb.UserManager.Infra -> /app/build/Myb.UserManager.Infra.dll
#38 119.0   Myb.Timesheet.Infra -> /app/build/Myb.Timesheet.Infra.dll
#38 119.2   Myb.Document.Infra -> /app/build/Myb.Document.Infra.dll
#38 119.3   Myb.Common.GraphQL.Infra -> /app/build/Myb.Common.GraphQL.Infra.dll
#38 120.1   Myb.Document -> /app/build/Myb.Document.dll
#38 120.2 
#38 120.2 Build succeeded.
#38 120.2 
#38 120.2 /src/src/services/document-management/Myb.Document.Infra/Myb.Document.Infra.csproj : warning NU1902: Package 'System.Security.Cryptography.Xml' 4.5.0 has a known moderate severity vulnerability, https://github.com/advisories/GHSA-vh55-786g-wjwj [/src/src/services/document-management/Myb.Document/Myb.Document.csproj]
#38 120.2 /src/src/common/Myb.Common.Authentification/Myb.Common.Authentification.csproj : warning NU1902: Package 'System.Security.Cryptography.Xml' 4.5.0 has a known moderate severity vulnerability, https://github.com/advisories/GHSA-vh55-786g-wjwj [/src/src/services/document-management/Myb.Document/Myb.Document.csproj]
#38 120.2 /src/src/services/document-management/Myb.Document.Services/Myb.Document.Services.csproj : warning NU1902: Package 'System.Security.Cryptography.Xml' 4.5.0 has a known moderate severity vulnerability, https://github.com/advisories/GHSA-vh55-786g-wjwj [/src/src/services/document-management/Myb.Document/Myb.Document.csproj]
#38 120.2 /src/src/common/Myb.Common.Models/Myb.Common.Models.csproj : warning NU1902: Package 'System.Security.Cryptography.Xml' 4.5.0 has a known moderate severity vulnerability, https://github.com/advisories/GHSA-vh55-786g-wjwj [/src/src/services/document-management/Myb.Document/Myb.Document.csproj]
#38 120.2 /src/src/common/Myb.Common.Utils/Myb.Common.Utils.csproj : warning NU1902: Package 'System.Security.Cryptography.Xml' 4.5.0 has a known moderate severity vulnerability, https://github.com/advisories/GHSA-vh55-786g-wjwj [/src/src/services/document-management/Myb.Document/Myb.Document.csproj]
#38 120.2 /src/src/services/document-management/Myb.Document.EntityFrameWork.Infra/Myb.Document.EntityFrameWork.Infra.csproj : warning NU1902: Package 'System.Security.Cryptography.Xml' 4.5.0 has a known moderate severity vulnerability, https://github.com/advisories/GHSA-vh55-786g-wjwj [/src/src/services/document-management/Myb.Document/Myb.Document.csproj]
#38 120.2 /src/src/common/Myb.Common.Repositories/Myb.Common.Repositories.csproj : warning NU1902: Package 'System.Security.Cryptography.Xml' 4.5.0 has a known moderate severity vulnerability, https://github.com/advisories/GHSA-vh55-786g-wjwj [/src/src/services/document-management/Myb.Document/Myb.Document.csproj]
#38 120.2 /src/src/services/user-manager/Myb.UserManager.Models/Myb.UserManager.Models.csproj : warning NU1902: Package 'System.Security.Cryptography.Xml' 4.5.0 has a known moderate severity vulnerability, https://github.com/advisories/GHSA-vh55-786g-wjwj [/src/src/services/document-management/Myb.Document/Myb.Document.csproj]
#38 120.2 /src/src/services/document-management/Myb.document.Model/Myb.document.Model.csproj : warning NU1902: Package 'System.Security.Cryptography.Xml' 4.5.0 has a known moderate severity vulnerability, https://github.com/advisories/GHSA-vh55-786g-wjwj [/src/src/services/document-management/Myb.Document/Myb.Document.csproj]
#38 120.2 /src/src/services/time-sheet/Myb.Timesheet.Models/Myb.Timesheet.Models.csproj : warning NU1902: Package 'System.Security.Cryptography.Xml' 4.5.0 has a known moderate severity vulnerability, https://github.com/advisories/GHSA-vh55-786g-wjwj [/src/src/services/document-management/Myb.Document/Myb.Document.csproj]
#38 120.2 /src/src/services/user-manager/Myb.UserManager.Sevices/Myb.UserManager.Sevices.csproj : warning NU1902: Package 'System.Security.Cryptography.Xml' 4.5.0 has a known moderate severity vulnerability, https://github.com/advisories/GHSA-vh55-786g-wjwj [/src/src/services/document-management/Myb.Document/Myb.Document.csproj]
#38 120.2 /src/src/services/user-manager/Myb.UserManager.Infra/Myb.UserManager.Infra.csproj : warning NU1902: Package 'System.Security.Cryptography.Xml' 4.5.0 has a known moderate severity vulnerability, https://github.com/advisories/GHSA-vh55-786g-wjwj [/src/src/services/document-management/Myb.Document/Myb.Document.csproj]
#38 120.2 /src/src/services/time-sheet/Myb.Timesheet.Infra/Myb.Timesheet.Infra.csproj : warning NU1902: Package 'System.Security.Cryptography.Xml' 4.5.0 has a known moderate severity vulnerability, https://github.com/advisories/GHSA-vh55-786g-wjwj [/src/src/services/document-management/Myb.Document/Myb.Document.csproj]
#38 120.2 /src/src/common/Myb.Common.GraphQL.Infra/Myb.Common.GraphQL.Infra.csproj : warning NU1902: Package 'System.Security.Cryptography.Xml' 4.5.0 has a known moderate severity vulnerability, https://github.com/advisories/GHSA-vh55-786g-wjwj [/src/src/services/document-management/Myb.Document/Myb.Document.csproj]
#38 120.2 /src/src/services/time-sheet/Myb.Timesheet.Services/Myb.Timesheet.Services.csproj : warning NU1902: Package 'System.Security.Cryptography.Xml' 4.5.0 has a known moderate severity vulnerability, https://github.com/advisories/GHSA-vh55-786g-wjwj [/src/src/services/document-management/Myb.Document/Myb.Document.csproj]
#38 120.2 /src/src/services/document-management/Myb.Document.EntityFrameWork.Infra/Myb.Document.EntityFrameWork.Infra.csproj : warning NU1902: Package 'System.Security.Cryptography.Xml' 4.5.0 has a known moderate severity vulnerability, https://github.com/advisories/GHSA-vh55-786g-wjwj
#38 120.2 /src/src/services/user-manager/Myb.UserManager.Infra/Myb.UserManager.Infra.csproj : warning NU1902: Package 'System.Security.Cryptography.Xml' 4.5.0 has a known moderate severity vulnerability, https://github.com/advisories/GHSA-vh55-786g-wjwj
#38 120.2 /src/src/services/document-management/Myb.document.Model/Myb.document.Model.csproj : warning NU1902: Package 'System.Security.Cryptography.Xml' 4.5.0 has a known moderate severity vulnerability, https://github.com/advisories/GHSA-vh55-786g-wjwj
#38 120.2 /src/src/common/Myb.Common.Repositories/Myb.Common.Repositories.csproj : warning NU1902: Package 'System.Security.Cryptography.Xml' 4.5.0 has a known moderate severity vulnerability, https://github.com/advisories/GHSA-vh55-786g-wjwj
#38 120.2 /src/src/common/Myb.Common.Authentification/Myb.Common.Authentification.csproj : warning NU1902: Package 'System.Security.Cryptography.Xml' 4.5.0 has a known moderate severity vulnerability, https://github.com/advisories/GHSA-vh55-786g-wjwj
#38 120.2 /src/src/services/user-manager/Myb.UserManager.Models/Myb.UserManager.Models.csproj : warning NU1902: Package 'System.Security.Cryptography.Xml' 4.5.0 has a known moderate severity vulnerability, https://github.com/advisories/GHSA-vh55-786g-wjwj
#38 120.2 /src/src/services/document-management/Myb.Document.Infra/Myb.Document.Infra.csproj : warning NU1902: Package 'System.Security.Cryptography.Xml' 4.5.0 has a known moderate severity vulnerability, https://github.com/advisories/GHSA-vh55-786g-wjwj
#38 120.2 /src/src/services/document-management/Myb.Document.Services/Myb.Document.Services.csproj : warning NU1902: Package 'System.Security.Cryptography.Xml' 4.5.0 has a known moderate severity vulnerability, https://github.com/advisories/GHSA-vh55-786g-wjwj
#38 120.2 /src/src/common/Myb.Common.GraphQL.Infra/Myb.Common.GraphQL.Infra.csproj : warning NU1902: Package 'System.Security.Cryptography.Xml' 4.5.0 has a known moderate severity vulnerability, https://github.com/advisories/GHSA-vh55-786g-wjwj
#38 120.2 /src/src/common/Myb.Common.Models/Myb.Common.Models.csproj : warning NU1902: Package 'System.Security.Cryptography.Xml' 4.5.0 has a known moderate severity vulnerability, https://github.com/advisories/GHSA-vh55-786g-wjwj
#38 120.2 /src/src/services/time-sheet/Myb.Timesheet.Infra/Myb.Timesheet.Infra.csproj : warning NU1902: Package 'System.Security.Cryptography.Xml' 4.5.0 has a known moderate severity vulnerability, https://github.com/advisories/GHSA-vh55-786g-wjwj
#38 120.2 /src/src/services/time-sheet/Myb.Timesheet.Services/Myb.Timesheet.Services.csproj : warning NU1902: Package 'System.Security.Cryptography.Xml' 4.5.0 has a known moderate severity vulnerability, https://github.com/advisories/GHSA-vh55-786g-wjwj
#38 120.2 /src/src/common/Myb.Common.Utils/Myb.Common.Utils.csproj : warning NU1902: Package 'System.Security.Cryptography.Xml' 4.5.0 has a known moderate severity vulnerability, https://github.com/advisories/GHSA-vh55-786g-wjwj
#38 120.2 /src/src/services/time-sheet/Myb.Timesheet.Models/Myb.Timesheet.Models.csproj : warning NU1902: Package 'System.Security.Cryptography.Xml' 4.5.0 has a known moderate severity vulnerability, https://github.com/advisories/GHSA-vh55-786g-wjwj
#38 120.2 /src/src/services/user-manager/Myb.UserManager.Sevices/Myb.UserManager.Sevices.csproj : warning NU1902: Package 'System.Security.Cryptography.Xml' 4.5.0 has a known moderate severity vulnerability, https://github.com/advisories/GHSA-vh55-786g-wjwj
#38 120.2 /src/src/services/user-manager/Myb.UserManager.Models/UserPermission.cs(12,23): warning CS8618: Non-nullable property 'Name' must contain a non-null value when exiting constructor. Consider adding the 'required' modifier or declaring the property as nullable. [/src/src/services/user-manager/Myb.UserManager.Models/Myb.UserManager.Models.csproj]
#38 120.2 /src/src/services/user-manager/Myb.UserManager.Models/UserRole.cs(18,23): warning CS8618: Non-nullable property 'Name' must contain a non-null value when exiting constructor. Consider adding the 'required' modifier or declaring the property as nullable. [/src/src/services/user-manager/Myb.UserManager.Models/Myb.UserManager.Models.csproj]
#38 120.2 /src/src/services/user-manager/Myb.UserManager.Models/User.cs(13,23): warning CS8618: Non-nullable property 'Name' must contain a non-null value when exiting constructor. Consider adding the 'required' modifier or declaring the property as nullable. [/src/src/services/user-manager/Myb.UserManager.Models/Myb.UserManager.Models.csproj]
#38 120.2 /src/src/services/user-manager/Myb.UserManager.Models/User.cs(15,23): warning CS8618: Non-nullable property 'Username' must contain a non-null value when exiting constructor. Consider adding the 'required' modifier or declaring the property as nullable. [/src/src/services/user-manager/Myb.UserManager.Models/Myb.UserManager.Models.csproj]
#38 120.2 /src/src/services/user-manager/Myb.UserManager.Models/User.cs(16,23): warning CS8618: Non-nullable property 'Password' must contain a non-null value when exiting constructor. Consider adding the 'required' modifier or declaring the property as nullable. [/src/src/services/user-manager/Myb.UserManager.Models/Myb.UserManager.Models.csproj]
#38 120.2 /src/src/services/time-sheet/Myb.Timesheet.Models/TimeOff.cs(9,19): warning CS8618: Non-nullable property 'Reason' must contain a non-null value when exiting constructor. Consider adding the 'required' modifier or declaring the property as nullable. [/src/src/services/time-sheet/Myb.Timesheet.Models/Myb.Timesheet.Models.csproj]
#38 120.2 /src/src/services/time-sheet/Myb.Timesheet.Models/TimesheetTask.cs(9,19): warning CS8618: Non-nullable property 'name' must contain a non-null value when exiting constructor. Consider adding the 'required' modifier or declaring the property as nullable. [/src/src/services/time-sheet/Myb.Timesheet.Models/Myb.Timesheet.Models.csproj]
#38 120.2 /src/src/common/Myb.Common.Repositories/GenericRepository.cs(65,50): warning CS8602: Dereference of a possibly null reference. [/src/src/common/Myb.Common.Repositories/Myb.Common.Repositories.csproj]
#38 120.2 /src/src/services/document-management/Myb.document.Model/Folder.cs(11,23): warning CS8618: Non-nullable property 'FolderName' must contain a non-null value when exiting constructor. Consider adding the 'required' modifier or declaring the property as nullable. [/src/src/services/document-management/Myb.document.Model/Myb.document.Model.csproj]
#38 120.2 /src/src/services/document-management/Myb.document.Model/Folder.cs(15,23): warning CS8618: Non-nullable property 'CreatedBy' must contain a non-null value when exiting constructor. Consider adding the 'required' modifier or declaring the property as nullable. [/src/src/services/document-management/Myb.document.Model/Myb.document.Model.csproj]
#38 120.2 /src/src/services/document-management/Myb.document.Model/Folder.cs(16,23): warning CS8618: Non-nullable property 'EditedBy' must contain a non-null value when exiting constructor. Consider adding the 'required' modifier or declaring the property as nullable. [/src/src/services/document-management/Myb.document.Model/Myb.document.Model.csproj]
#38 120.2 /src/src/services/document-management/Myb.document.Model/DocumentVersion.cs(13,28): warning CS8618: Non-nullable property 'Document' must contain a non-null value when exiting constructor. Consider adding the 'required' modifier or declaring the property as nullable. [/src/src/services/document-management/Myb.document.Model/Myb.document.Model.csproj]
#38 120.2 /src/src/common/Myb.Common.Authentification/Dtos/KeycloakUserDto.cs(5,19): warning CS8618: Non-nullable property 'Username' must contain a non-null value when exiting constructor. Consider adding the 'required' modifier or declaring the property as nullable. [/src/src/common/Myb.Common.Authentification/Myb.Common.Authentification.csproj]
#38 120.2 /src/src/common/Myb.Common.Authentification/Dtos/KeycloakUserDto.cs(6,19): warning CS8618: Non-nullable property 'Password' must contain a non-null value when exiting constructor. Consider adding the 'required' modifier or declaring the property as nullable. [/src/src/common/Myb.Common.Authentification/Myb.Common.Authentification.csproj]
#38 120.2 /src/src/common/Myb.Common.Authentification/Dtos/KeycloakTokenRequestDto.cs(8,23): warning CS8618: Non-nullable property 'GrantType' must contain a non-null value when exiting constructor. Consider adding the 'required' modifier or declaring the property as nullable. [/src/src/common/Myb.Common.Authentification/Myb.Common.Authentification.csproj]
#38 120.2 /src/src/common/Myb.Common.Authentification/Dtos/KeycloakTokenRequestDto.cs(11,23): warning CS8618: Non-nullable property 'ClientId' must contain a non-null value when exiting constructor. Consider adding the 'required' modifier or declaring the property as nullable. [/src/src/common/Myb.Common.Authentification/Myb.Common.Authentification.csproj]
#38 120.2 /src/src/common/Myb.Common.Authentification/Dtos/KeycloakTokenRequestDto.cs(14,23): warning CS8618: Non-nullable property 'Username' must contain a non-null value when exiting constructor. Consider adding the 'required' modifier or declaring the property as nullable. [/src/src/common/Myb.Common.Authentification/Myb.Common.Authentification.csproj]
#38 120.2 /src/src/common/Myb.Common.Authentification/Dtos/KeycloakTokenRequestDto.cs(17,23): warning CS8618: Non-nullable property 'Password' must contain a non-null value when exiting constructor. Consider adding the 'required' modifier or declaring the property as nullable. [/src/src/common/Myb.Common.Authentification/Myb.Common.Authentification.csproj]
#38 120.2 /src/src/common/Myb.Common.Authentification/Dtos/KeycloakTokenRequestDto.cs(20,23): warning CS8618: Non-nullable property 'ClientSecret' must contain a non-null value when exiting constructor. Consider adding the 'required' modifier or declaring the property as nullable. [/src/src/common/Myb.Common.Authentification/Myb.Common.Authentification.csproj]
#38 120.2 /src/src/common/Myb.Common.Authentification/Extensions/ServiceCollectionExtensions.cs(55,92): warning CS8604: Possible null reference argument for parameter 's' in 'byte[] Encoding.GetBytes(string s)'. [/src/src/common/Myb.Common.Authentification/Myb.Common.Authentification.csproj]
#38 120.2 /src/src/services/time-sheet/Myb.Timesheet.EntityFrameWork.Infra/TimesheetContext.cs(9,12): warning CS8618: Non-nullable field '_configuration' must contain a non-null value when exiting constructor. Consider adding the 'required' modifier or declaring the field as nullable. [/src/src/services/time-sheet/Myb.Timesheet.EntityFrameWork.Infra/Myb.Timesheet.EntityFrameWork.Infra.csproj]
#38 120.2 /src/src/services/document-management/Myb.Document.EntityFrameWork.Infra/DocumentContext.cs(11,16): warning CS8618: Non-nullable field '_configuration' must contain a non-null value when exiting constructor. Consider adding the 'required' modifier or declaring the field as nullable. [/src/src/services/document-management/Myb.Document.EntityFrameWork.Infra/Myb.Document.EntityFrameWork.Infra.csproj]
#38 120.2 /src/src/services/user-manager/Myb.UserManager.Sevices/UserService.cs(59,24): warning CS8603: Possible null reference return. [/src/src/services/user-manager/Myb.UserManager.Sevices/Myb.UserManager.Sevices.csproj]
#38 120.2 /src/src/services/user-manager/Myb.UserManager.Sevices/UserService.cs(61,38): warning CS0168: The variable 'ex' is declared but never used [/src/src/services/user-manager/Myb.UserManager.Sevices/Myb.UserManager.Sevices.csproj]
#38 120.2 /src/src/services/document-management/Myb.Document.Services/DocumentService.cs(27,51): warning CS8604: Possible null reference argument for parameter 'result' in 'Task<DocumentModel> Task.FromResult<DocumentModel>(DocumentModel result)'. [/src/src/services/document-management/Myb.Document.Services/Myb.Document.Services.csproj]
#38 120.2 /src/src/services/time-sheet/Myb.Timesheet.Services/TimesheetService.cs(31,92): warning CS8604: Possible null reference argument for parameter 'value' in 'string string.Join(string? separator, params string?[] value)'. [/src/src/services/time-sheet/Myb.Timesheet.Services/Myb.Timesheet.Services.csproj]
#38 120.2 /src/src/services/time-sheet/Myb.Timesheet.Services/TimesheetService.cs(162,94): warning CS8604: Possible null reference argument for parameter 'value' in 'string string.Join(string? separator, params string?[] value)'. [/src/src/services/time-sheet/Myb.Timesheet.Services/Myb.Timesheet.Services.csproj]
#38 120.2 /src/src/services/time-sheet/Myb.Timesheet.Services/TimesheetService.cs(176,94): warning CS8604: Possible null reference argument for parameter 'value' in 'string string.Join(string? separator, params string?[] value)'. [/src/src/services/time-sheet/Myb.Timesheet.Services/Myb.Timesheet.Services.csproj]
#38 120.2 /src/src/services/document-management/Myb.Document.Services/DocumentService.cs(43,24): warning CS8603: Possible null reference return. [/src/src/services/document-management/Myb.Document.Services/Myb.Document.Services.csproj]
#38 120.2 /src/src/services/document-management/Myb.Document.Services/FolderService.cs(28,20): warning CS8603: Possible null reference return. [/src/src/services/document-management/Myb.Document.Services/Myb.Document.Services.csproj]
#38 120.2 /src/src/services/document-management/Myb.Document.Services/RootFolderService.cs(27,20): warning CS8603: Possible null reference return. [/src/src/services/document-management/Myb.Document.Services/Myb.Document.Services.csproj]
#38 120.2 /src/src/services/document-management/Myb.Document.Services/DocumentService.cs(74,17): warning CS8604: Possible null reference argument for parameter 'source' in 'bool Enumerable.Any<DocumentVersion>(IEnumerable<DocumentVersion> source, Func<DocumentVersion, bool> predicate)'. [/src/src/services/document-management/Myb.Document.Services/Myb.Document.Services.csproj]
#38 120.2 /src/src/services/user-manager/Myb.UserManager.Infra/GraphQl/Querys/UserQuery.cs(39,20): warning CS8602: Dereference of a possibly null reference. [/src/src/services/user-manager/Myb.UserManager.Infra/Myb.UserManager.Infra.csproj]
#38 120.2 /src/src/services/time-sheet/Myb.Timesheet.Infra/TimesheetResorver.cs(34,71): warning CS8604: Possible null reference argument for parameter 'userId' in 'Task<IEnumerable<TimeSheet>> ITimesheetService.GetTimeSheetsByUserIdAsync(string userId)'. [/src/src/services/time-sheet/Myb.Timesheet.Infra/Myb.Timesheet.Infra.csproj]
#38 120.2     64 Warning(s)
#38 120.2     0 Error(s)
#38 120.2 
#38 120.2 Time Elapsed 00:01:59.94
#38 DONE 120.3s

#37 [myb-timesheet build 7/7] RUN dotnet build "Myb.Timesheet.csproj" -c Release -o /app/build
#37 ...

#39 [myb-docmanager publish 1/1] RUN dotnet publish "Myb.Document.csproj" -c Release -o /app/publish /p:UseAppHost=false
#39 0.460   Determining projects to restore...
#39 1.276 /src/src/services/document-management/Myb.Document.Infra/Myb.Document.Infra.csproj : warning NU1902: Package 'System.Security.Cryptography.Xml' 4.5.0 has a known moderate severity vulnerability, https://github.com/advisories/GHSA-vh55-786g-wjwj [/src/src/services/document-management/Myb.Document/Myb.Document.csproj]
#39 1.276 /src/src/services/user-manager/Myb.UserManager.Models/Myb.UserManager.Models.csproj : warning NU1902: Package 'System.Security.Cryptography.Xml' 4.5.0 has a known moderate severity vulnerability, https://github.com/advisories/GHSA-vh55-786g-wjwj [/src/src/services/document-management/Myb.Document/Myb.Document.csproj]
#39 1.276 /src/src/common/Myb.Common.Authentification/Myb.Common.Authentification.csproj : warning NU1902: Package 'System.Security.Cryptography.Xml' 4.5.0 has a known moderate severity vulnerability, https://github.com/advisories/GHSA-vh55-786g-wjwj [/src/src/services/document-management/Myb.Document/Myb.Document.csproj]
#39 1.276 /src/src/services/document-management/Myb.Document.Services/Myb.Document.Services.csproj : warning NU1902: Package 'System.Security.Cryptography.Xml' 4.5.0 has a known moderate severity vulnerability, https://github.com/advisories/GHSA-vh55-786g-wjwj [/src/src/services/document-management/Myb.Document/Myb.Document.csproj]
#39 1.276 /src/src/common/Myb.Common.Utils/Myb.Common.Utils.csproj : warning NU1902: Package 'System.Security.Cryptography.Xml' 4.5.0 has a known moderate severity vulnerability, https://github.com/advisories/GHSA-vh55-786g-wjwj [/src/src/services/document-management/Myb.Document/Myb.Document.csproj]
#39 1.277 /src/src/services/user-manager/Myb.UserManager.Infra/Myb.UserManager.Infra.csproj : warning NU1902: Package 'System.Security.Cryptography.Xml' 4.5.0 has a known moderate severity vulnerability, https://github.com/advisories/GHSA-vh55-786g-wjwj [/src/src/services/document-management/Myb.Document/Myb.Document.csproj]
#39 1.277 /src/src/common/Myb.Common.Models/Myb.Common.Models.csproj : warning NU1902: Package 'System.Security.Cryptography.Xml' 4.5.0 has a known moderate severity vulnerability, https://github.com/advisories/GHSA-vh55-786g-wjwj [/src/src/services/document-management/Myb.Document/Myb.Document.csproj]
#39 1.277 /src/src/services/time-sheet/Myb.Timesheet.Services/Myb.Timesheet.Services.csproj : warning NU1902: Package 'System.Security.Cryptography.Xml' 4.5.0 has a known moderate severity vulnerability, https://github.com/advisories/GHSA-vh55-786g-wjwj [/src/src/services/document-management/Myb.Document/Myb.Document.csproj]
#39 1.277 /src/src/services/user-manager/Myb.UserManager.Sevices/Myb.UserManager.Sevices.csproj : warning NU1902: Package 'System.Security.Cryptography.Xml' 4.5.0 has a known moderate severity vulnerability, https://github.com/advisories/GHSA-vh55-786g-wjwj [/src/src/services/document-management/Myb.Document/Myb.Document.csproj]
#39 1.277 /src/src/services/time-sheet/Myb.Timesheet.Infra/Myb.Timesheet.Infra.csproj : warning NU1902: Package 'System.Security.Cryptography.Xml' 4.5.0 has a known moderate severity vulnerability, https://github.com/advisories/GHSA-vh55-786g-wjwj [/src/src/services/document-management/Myb.Document/Myb.Document.csproj]
#39 1.277 /src/src/common/Myb.Common.Repositories/Myb.Common.Repositories.csproj : warning NU1902: Package 'System.Security.Cryptography.Xml' 4.5.0 has a known moderate severity vulnerability, https://github.com/advisories/GHSA-vh55-786g-wjwj [/src/src/services/document-management/Myb.Document/Myb.Document.csproj]
#39 1.277 /src/src/services/document-management/Myb.Document.EntityFrameWork.Infra/Myb.Document.EntityFrameWork.Infra.csproj : warning NU1902: Package 'System.Security.Cryptography.Xml' 4.5.0 has a known moderate severity vulnerability, https://github.com/advisories/GHSA-vh55-786g-wjwj [/src/src/services/document-management/Myb.Document/Myb.Document.csproj]
#39 1.277 /src/src/services/time-sheet/Myb.Timesheet.Models/Myb.Timesheet.Models.csproj : warning NU1902: Package 'System.Security.Cryptography.Xml' 4.5.0 has a known moderate severity vulnerability, https://github.com/advisories/GHSA-vh55-786g-wjwj [/src/src/services/document-management/Myb.Document/Myb.Document.csproj]
#39 1.277 /src/src/services/document-management/Myb.document.Model/Myb.document.Model.csproj : warning NU1902: Package 'System.Security.Cryptography.Xml' 4.5.0 has a known moderate severity vulnerability, https://github.com/advisories/GHSA-vh55-786g-wjwj [/src/src/services/document-management/Myb.Document/Myb.Document.csproj]
#39 1.277 /src/src/common/Myb.Common.GraphQL.Infra/Myb.Common.GraphQL.Infra.csproj : warning NU1902: Package 'System.Security.Cryptography.Xml' 4.5.0 has a known moderate severity vulnerability, https://github.com/advisories/GHSA-vh55-786g-wjwj [/src/src/services/document-management/Myb.Document/Myb.Document.csproj]
#39 1.278   All projects are up-to-date for restore.
#39 1.510 /src/src/services/document-management/Myb.document.Model/Myb.document.Model.csproj : warning NU1902: Package 'System.Security.Cryptography.Xml' 4.5.0 has a known moderate severity vulnerability, https://github.com/advisories/GHSA-vh55-786g-wjwj
#39 1.516 /src/src/common/Myb.Common.Authentification/Myb.Common.Authentification.csproj : warning NU1902: Package 'System.Security.Cryptography.Xml' 4.5.0 has a known moderate severity vulnerability, https://github.com/advisories/GHSA-vh55-786g-wjwj
#39 1.519 /src/src/services/document-management/Myb.Document.Services/Myb.Document.Services.csproj : warning NU1902: Package 'System.Security.Cryptography.Xml' 4.5.0 has a known moderate severity vulnerability, https://github.com/advisories/GHSA-vh55-786g-wjwj
#39 1.523 /src/src/common/Myb.Common.Repositories/Myb.Common.Repositories.csproj : warning NU1902: Package 'System.Security.Cryptography.Xml' 4.5.0 has a known moderate severity vulnerability, https://github.com/advisories/GHSA-vh55-786g-wjwj
#39 1.527 /src/src/services/document-management/Myb.Document.Infra/Myb.Document.Infra.csproj : warning NU1902: Package 'System.Security.Cryptography.Xml' 4.5.0 has a known moderate severity vulnerability, https://github.com/advisories/GHSA-vh55-786g-wjwj
#39 1.527 /src/src/services/user-manager/Myb.UserManager.Models/Myb.UserManager.Models.csproj : warning NU1902: Package 'System.Security.Cryptography.Xml' 4.5.0 has a known moderate severity vulnerability, https://github.com/advisories/GHSA-vh55-786g-wjwj
#39 1.528 /src/src/services/user-manager/Myb.UserManager.Infra/Myb.UserManager.Infra.csproj : warning NU1902: Package 'System.Security.Cryptography.Xml' 4.5.0 has a known moderate severity vulnerability, https://github.com/advisories/GHSA-vh55-786g-wjwj
#39 1.541 /src/src/common/Myb.Common.GraphQL.Infra/Myb.Common.GraphQL.Infra.csproj : warning NU1902: Package 'System.Security.Cryptography.Xml' 4.5.0 has a known moderate severity vulnerability, https://github.com/advisories/GHSA-vh55-786g-wjwj
#39 1.546 /src/src/services/document-management/Myb.Document.EntityFrameWork.Infra/Myb.Document.EntityFrameWork.Infra.csproj : warning NU1902: Package 'System.Security.Cryptography.Xml' 4.5.0 has a known moderate severity vulnerability, https://github.com/advisories/GHSA-vh55-786g-wjwj
#39 1.581 /src/src/common/Myb.Common.Utils/Myb.Common.Utils.csproj : warning NU1902: Package 'System.Security.Cryptography.Xml' 4.5.0 has a known moderate severity vulnerability, https://github.com/advisories/GHSA-vh55-786g-wjwj
#39 1.593 /src/src/common/Myb.Common.Models/Myb.Common.Models.csproj : warning NU1902: Package 'System.Security.Cryptography.Xml' 4.5.0 has a known moderate severity vulnerability, https://github.com/advisories/GHSA-vh55-786g-wjwj
#39 1.595 /src/src/services/user-manager/Myb.UserManager.Sevices/Myb.UserManager.Sevices.csproj : warning NU1902: Package 'System.Security.Cryptography.Xml' 4.5.0 has a known moderate severity vulnerability, https://github.com/advisories/GHSA-vh55-786g-wjwj
#39 1.598 /src/src/services/time-sheet/Myb.Timesheet.Infra/Myb.Timesheet.Infra.csproj : warning NU1902: Package 'System.Security.Cryptography.Xml' 4.5.0 has a known moderate severity vulnerability, https://github.com/advisories/GHSA-vh55-786g-wjwj
#39 1.604 /src/src/services/time-sheet/Myb.Timesheet.Models/Myb.Timesheet.Models.csproj : warning NU1902: Package 'System.Security.Cryptography.Xml' 4.5.0 has a known moderate severity vulnerability, https://github.com/advisories/GHSA-vh55-786g-wjwj
#39 1.690   Myb.Common.Utils -> /src/src/common/Myb.Common.Utils/bin/Release/net10.0/Myb.Common.Utils.dll
#39 1.704   Myb.Common.Models -> /src/src/common/Myb.Common.Models/bin/Release/net10.0/Myb.Common.Models.dll
#39 1.705   Myb.Common.Stripe -> /src/src/common/Myb.Common.Stripe/bin/Release/net10.0/Myb.Common.Stripe.dll
#39 1.727 /src/src/services/time-sheet/Myb.Timesheet.Services/Myb.Timesheet.Services.csproj : warning NU1902: Package 'System.Security.Cryptography.Xml' 4.5.0 has a known moderate severity vulnerability, https://github.com/advisories/GHSA-vh55-786g-wjwj
#39 3.446 /src/src/services/user-manager/Myb.UserManager.Models/UserPermission.cs(12,23): warning CS8618: Non-nullable property 'Name' must contain a non-null value when exiting constructor. Consider adding the 'required' modifier or declaring the property as nullable. [/src/src/services/user-manager/Myb.UserManager.Models/Myb.UserManager.Models.csproj]
#39 3.446 /src/src/services/user-manager/Myb.UserManager.Models/User.cs(13,23): warning CS8618: Non-nullable property 'Name' must contain a non-null value when exiting constructor. Consider adding the 'required' modifier or declaring the property as nullable. [/src/src/services/user-manager/Myb.UserManager.Models/Myb.UserManager.Models.csproj]
#39 3.446 /src/src/services/user-manager/Myb.UserManager.Models/User.cs(15,23): warning CS8618: Non-nullable property 'Username' must contain a non-null value when exiting constructor. Consider adding the 'required' modifier or declaring the property as nullable. [/src/src/services/user-manager/Myb.UserManager.Models/Myb.UserManager.Models.csproj]
#39 3.446 /src/src/services/user-manager/Myb.UserManager.Models/User.cs(16,23): warning CS8618: Non-nullable property 'Password' must contain a non-null value when exiting constructor. Consider adding the 'required' modifier or declaring the property as nullable. [/src/src/services/user-manager/Myb.UserManager.Models/Myb.UserManager.Models.csproj]
#39 3.446 /src/src/services/user-manager/Myb.UserManager.Models/UserRole.cs(18,23): warning CS8618: Non-nullable property 'Name' must contain a non-null value when exiting constructor. Consider adding the 'required' modifier or declaring the property as nullable. [/src/src/services/user-manager/Myb.UserManager.Models/Myb.UserManager.Models.csproj]
#39 3.446 /src/src/services/time-sheet/Myb.Timesheet.Models/TimesheetTask.cs(9,19): warning CS8618: Non-nullable property 'name' must contain a non-null value when exiting constructor. Consider adding the 'required' modifier or declaring the property as nullable. [/src/src/services/time-sheet/Myb.Timesheet.Models/Myb.Timesheet.Models.csproj]
#39 3.446 /src/src/services/time-sheet/Myb.Timesheet.Models/TimeOff.cs(9,19): warning CS8618: Non-nullable property 'Reason' must contain a non-null value when exiting constructor. Consider adding the 'required' modifier or declaring the property as nullable. [/src/src/services/time-sheet/Myb.Timesheet.Models/Myb.Timesheet.Models.csproj]
#39 3.446 /src/src/common/Myb.Common.Repositories/GenericRepository.cs(65,50): warning CS8602: Dereference of a possibly null reference. [/src/src/common/Myb.Common.Repositories/Myb.Common.Repositories.csproj]
#39 3.481   Myb.Common.Repositories -> /src/src/common/Myb.Common.Repositories/bin/Release/net10.0/Myb.Common.Repositories.dll
#39 3.493   Myb.UserManager.Models -> /src/src/services/user-manager/Myb.UserManager.Models/bin/Release/net10.0/Myb.UserManager.Models.dll
#39 3.495   Myb.Timesheet.Models -> /src/src/services/time-sheet/Myb.Timesheet.Models/bin/Release/net10.0/Myb.Timesheet.Models.dll
#39 3.628 /src/src/services/document-management/Myb.document.Model/Folder.cs(11,23): warning CS8618: Non-nullable property 'FolderName' must contain a non-null value when exiting constructor. Consider adding the 'required' modifier or declaring the property as nullable. [/src/src/services/document-management/Myb.document.Model/Myb.document.Model.csproj]
#39 3.628 /src/src/services/document-management/Myb.document.Model/Folder.cs(15,23): warning CS8618: Non-nullable property 'CreatedBy' must contain a non-null value when exiting constructor. Consider adding the 'required' modifier or declaring the property as nullable. [/src/src/services/document-management/Myb.document.Model/Myb.document.Model.csproj]
#39 3.628 /src/src/services/document-management/Myb.document.Model/Folder.cs(16,23): warning CS8618: Non-nullable property 'EditedBy' must contain a non-null value when exiting constructor. Consider adding the 'required' modifier or declaring the property as nullable. [/src/src/services/document-management/Myb.document.Model/Myb.document.Model.csproj]
#39 3.628 /src/src/services/document-management/Myb.document.Model/DocumentVersion.cs(13,28): warning CS8618: Non-nullable property 'Document' must contain a non-null value when exiting constructor. Consider adding the 'required' modifier or declaring the property as nullable. [/src/src/services/document-management/Myb.document.Model/Myb.document.Model.csproj]
#39 3.649   Myb.document.Model -> /src/src/services/document-management/Myb.document.Model/bin/Release/net10.0/Myb.document.Model.dll
#39 3.722 /src/src/common/Myb.Common.Authentification/Dtos/KeycloakUserDto.cs(5,19): warning CS8618: Non-nullable property 'Username' must contain a non-null value when exiting constructor. Consider adding the 'required' modifier or declaring the property as nullable. [/src/src/common/Myb.Common.Authentification/Myb.Common.Authentification.csproj]
#39 3.722 /src/src/common/Myb.Common.Authentification/Dtos/KeycloakUserDto.cs(6,19): warning CS8618: Non-nullable property 'Password' must contain a non-null value when exiting constructor. Consider adding the 'required' modifier or declaring the property as nullable. [/src/src/common/Myb.Common.Authentification/Myb.Common.Authentification.csproj]
#39 3.723 /src/src/common/Myb.Common.Authentification/Dtos/KeycloakTokenRequestDto.cs(8,23): warning CS8618: Non-nullable property 'GrantType' must contain a non-null value when exiting constructor. Consider adding the 'required' modifier or declaring the property as nullable. [/src/src/common/Myb.Common.Authentification/Myb.Common.Authentification.csproj]
#39 3.725 /src/src/common/Myb.Common.Authentification/Dtos/KeycloakTokenRequestDto.cs(11,23): warning CS8618: Non-nullable property 'ClientId' must contain a non-null value when exiting constructor. Consider adding the 'required' modifier or declaring the property as nullable. [/src/src/common/Myb.Common.Authentification/Myb.Common.Authentification.csproj]
#39 3.725 /src/src/common/Myb.Common.Authentification/Dtos/KeycloakTokenRequestDto.cs(14,23): warning CS8618: Non-nullable property 'Username' must contain a non-null value when exiting constructor. Consider adding the 'required' modifier or declaring the property as nullable. [/src/src/common/Myb.Common.Authentification/Myb.Common.Authentification.csproj]
#39 3.725 /src/src/common/Myb.Common.Authentification/Dtos/KeycloakTokenRequestDto.cs(17,23): warning CS8618: Non-nullable property 'Password' must contain a non-null value when exiting constructor. Consider adding the 'required' modifier or declaring the property as nullable. [/src/src/common/Myb.Common.Authentification/Myb.Common.Authentification.csproj]
#39 3.728 /src/src/common/Myb.Common.Authentification/Dtos/KeycloakTokenRequestDto.cs(20,23): warning CS8618: Non-nullable property 'ClientSecret' must contain a non-null value when exiting constructor. Consider adding the 'required' modifier or declaring the property as nullable. [/src/src/common/Myb.Common.Authentification/Myb.Common.Authentification.csproj]
#39 3.729 /src/src/common/Myb.Common.Authentification/Extensions/ServiceCollectionExtensions.cs(55,92): warning CS8604: Possible null reference argument for parameter 's' in 'byte[] Encoding.GetBytes(string s)'. [/src/src/common/Myb.Common.Authentification/Myb.Common.Authentification.csproj]
#39 3.766 /src/src/services/time-sheet/Myb.Timesheet.EntityFrameWork.Infra/TimesheetContext.cs(9,12): warning CS8618: Non-nullable field '_configuration' must contain a non-null value when exiting constructor. Consider adding the 'required' modifier or declaring the field as nullable. [/src/src/services/time-sheet/Myb.Timesheet.EntityFrameWork.Infra/Myb.Timesheet.EntityFrameWork.Infra.csproj]
#39 3.781   Myb.UserManager.EntityFrameWork.Infra -> /src/src/services/user-manager/Myb.UserManager.EntityFrameWork.Infra/bin/Release/net10.0/Myb.UserManager.EntityFrameWork.Infra.dll
#39 3.784   Myb.Common.Authentification -> /src/src/common/Myb.Common.Authentification/bin/Release/net10.0/Myb.Common.Authentification.dll
#39 3.879   Myb.Timesheet.EntityFrameWork.Infra -> /src/src/services/time-sheet/Myb.Timesheet.EntityFrameWork.Infra/bin/Release/net10.0/Myb.Timesheet.EntityFrameWork.Infra.dll
#39 4.005 /src/src/services/user-manager/Myb.UserManager.Sevices/UserService.cs(59,24): warning CS8603: Possible null reference return. [/src/src/services/user-manager/Myb.UserManager.Sevices/Myb.UserManager.Sevices.csproj]
#39 4.005 /src/src/services/user-manager/Myb.UserManager.Sevices/UserService.cs(61,38): warning CS0168: The variable 'ex' is declared but never used [/src/src/services/user-manager/Myb.UserManager.Sevices/Myb.UserManager.Sevices.csproj]
#39 4.117   Myb.UserManager.Sevices -> /src/src/services/user-manager/Myb.UserManager.Sevices/bin/Release/net10.0/Myb.UserManager.Sevices.dll
#39 4.128 /src/src/services/document-management/Myb.Document.EntityFrameWork.Infra/DocumentContext.cs(11,16): warning CS8618: Non-nullable field '_configuration' must contain a non-null value when exiting constructor. Consider adding the 'required' modifier or declaring the field as nullable. [/src/src/services/document-management/Myb.Document.EntityFrameWork.Infra/Myb.Document.EntityFrameWork.Infra.csproj]
#39 4.163   Myb.Document.EntityFrameWork.Infra -> /src/src/services/document-management/Myb.Document.EntityFrameWork.Infra/bin/Release/net10.0/Myb.Document.EntityFrameWork.Infra.dll
#39 4.304 /src/src/services/user-manager/Myb.UserManager.Infra/GraphQl/Querys/UserQuery.cs(39,20): warning CS8602: Dereference of a possibly null reference. [/src/src/services/user-manager/Myb.UserManager.Infra/Myb.UserManager.Infra.csproj]
#39 4.368 /src/src/services/time-sheet/Myb.Timesheet.Services/TimesheetService.cs(31,92): warning CS8604: Possible null reference argument for parameter 'value' in 'string string.Join(string? separator, params string?[] value)'. [/src/src/services/time-sheet/Myb.Timesheet.Services/Myb.Timesheet.Services.csproj]
#39 4.368 /src/src/services/time-sheet/Myb.Timesheet.Services/TimesheetService.cs(162,94): warning CS8604: Possible null reference argument for parameter 'value' in 'string string.Join(string? separator, params string?[] value)'. [/src/src/services/time-sheet/Myb.Timesheet.Services/Myb.Timesheet.Services.csproj]
#39 4.368 /src/src/services/time-sheet/Myb.Timesheet.Services/TimesheetService.cs(176,94): warning CS8604: Possible null reference argument for parameter 'value' in 'string string.Join(string? separator, params string?[] value)'. [/src/src/services/time-sheet/Myb.Timesheet.Services/Myb.Timesheet.Services.csproj]
#39 4.368   Myb.UserManager.Infra -> /src/src/services/user-manager/Myb.UserManager.Infra/bin/Release/net10.0/Myb.UserManager.Infra.dll
#39 4.389 /src/src/services/document-management/Myb.Document.Services/DocumentService.cs(27,51): warning CS8604: Possible null reference argument for parameter 'result' in 'Task<DocumentModel> Task.FromResult<DocumentModel>(DocumentModel result)'. [/src/src/services/document-management/Myb.Document.Services/Myb.Document.Services.csproj]
#39 4.389 /src/src/services/document-management/Myb.Document.Services/DocumentService.cs(43,24): warning CS8603: Possible null reference return. [/src/src/services/document-management/Myb.Document.Services/Myb.Document.Services.csproj]
#39 4.389 /src/src/services/document-management/Myb.Document.Services/RootFolderService.cs(27,20): warning CS8603: Possible null reference return. [/src/src/services/document-management/Myb.Document.Services/Myb.Document.Services.csproj]
#39 4.389 /src/src/services/document-management/Myb.Document.Services/FolderService.cs(28,20): warning CS8603: Possible null reference return. [/src/src/services/document-management/Myb.Document.Services/Myb.Document.Services.csproj]
#39 4.389 /src/src/services/document-management/Myb.Document.Services/DocumentService.cs(74,17): warning CS8604: Possible null reference argument for parameter 'source' in 'bool Enumerable.Any<DocumentVersion>(IEnumerable<DocumentVersion> source, Func<DocumentVersion, bool> predicate)'. [/src/src/services/document-management/Myb.Document.Services/Myb.Document.Services.csproj]
#39 4.425   Myb.Timesheet.Services -> /src/src/services/time-sheet/Myb.Timesheet.Services/bin/Release/net10.0/Myb.Timesheet.Services.dll
#39 4.464   Myb.Document.Services -> /src/src/services/document-management/Myb.Document.Services/bin/Release/net10.0/Myb.Document.Services.dll
#39 4.637 /src/src/services/time-sheet/Myb.Timesheet.Infra/TimesheetResorver.cs(34,71): warning CS8604: Possible null reference argument for parameter 'userId' in 'Task<IEnumerable<TimeSheet>> ITimesheetService.GetTimeSheetsByUserIdAsync(string userId)'. [/src/src/services/time-sheet/Myb.Timesheet.Infra/Myb.Timesheet.Infra.csproj]
#39 4.682   Myb.Document.Infra -> /src/src/services/document-management/Myb.Document.Infra/bin/Release/net10.0/Myb.Document.Infra.dll
#39 4.735   Myb.Timesheet.Infra -> /src/src/services/time-sheet/Myb.Timesheet.Infra/bin/Release/net10.0/Myb.Timesheet.Infra.dll
#39 5.129   Myb.Common.GraphQL.Infra -> /src/src/common/Myb.Common.GraphQL.Infra/bin/Release/net10.0/Myb.Common.GraphQL.Infra.dll
#39 5.908   Myb.Document -> /src/src/services/document-management/Myb.Document/bin/Release/net10.0/Myb.Document.dll
#39 6.040   Myb.Document -> /app/publish/
#39 DONE 6.2s

#37 [myb-timesheet build 7/7] RUN dotnet build "Myb.Timesheet.csproj" -c Release -o /app/build
#37 124.6 /src/src/common/Myb.Common.GraphQL.Infra/Myb.Common.GraphQL.Infra.csproj : warning NU1902: Package 'System.Security.Cryptography.Xml' 4.5.0 has a known moderate severity vulnerability, https://github.com/advisories/GHSA-vh55-786g-wjwj [/src/src/services/time-sheet/Myb.Timesheet/Myb.Timesheet.csproj]
#37 124.6 /src/src/services/time-sheet/Myb.Timesheet.Services/Myb.Timesheet.Services.csproj : warning NU1902: Package 'System.Security.Cryptography.Xml' 4.5.0 has a known moderate severity vulnerability, https://github.com/advisories/GHSA-vh55-786g-wjwj [/src/src/services/time-sheet/Myb.Timesheet/Myb.Timesheet.csproj]
#37 124.6 /src/src/services/time-sheet/Myb.Timesheet.Infra/Myb.Timesheet.Infra.csproj : warning NU1902: Package 'System.Security.Cryptography.Xml' 4.5.0 has a known moderate severity vulnerability, https://github.com/advisories/GHSA-vh55-786g-wjwj [/src/src/services/time-sheet/Myb.Timesheet/Myb.Timesheet.csproj]
#37 ...

#40 [myb-timesheet base 2/2] WORKDIR /app
#40 CACHED

#41 [myb-timesheet final 1/2] WORKDIR /app
#41 CACHED

#42 [myb-docmanager final 2/2] COPY --from=publish /app/publish .
#42 DONE 0.1s

#37 [myb-timesheet build 7/7] RUN dotnet build "Myb.Timesheet.csproj" -c Release -o /app/build
#37 124.7   Restored /src/src/services/time-sheet/Myb.Timesheet.Services/Myb.Timesheet.Services.csproj (in 2.06 min).
#37 124.7   Restored /src/src/common/Myb.Common.GraphQL.Infra/Myb.Common.GraphQL.Infra.csproj (in 2.06 min).
#37 124.7   Restored /src/src/services/time-sheet/Myb.Timesheet.Infra/Myb.Timesheet.Infra.csproj (in 2.06 min).
#37 124.7   Restored /src/src/services/time-sheet/Myb.Timesheet/Myb.Timesheet.csproj (in 1.21 min).
#37 125.3 /src/src/common/Myb.Common.Models/Myb.Common.Models.csproj : warning NU1902: Package 'System.Security.Cryptography.Xml' 4.5.0 has a known moderate severity vulnerability, https://github.com/advisories/GHSA-vh55-786g-wjwj
#37 125.3 /src/src/common/Myb.Common.GraphQL.Infra/Myb.Common.GraphQL.Infra.csproj : warning NU1902: Package 'System.Security.Cryptography.Xml' 4.5.0 has a known moderate severity vulnerability, https://github.com/advisories/GHSA-vh55-786g-wjwj
#37 125.3 /src/src/common/Myb.Common.Authentification/Myb.Common.Authentification.csproj : warning NU1902: Package 'System.Security.Cryptography.Xml' 4.5.0 has a known moderate severity vulnerability, https://github.com/advisories/GHSA-vh55-786g-wjwj
#37 125.3 /src/src/services/time-sheet/Myb.Timesheet.Models/Myb.Timesheet.Models.csproj : warning NU1902: Package 'System.Security.Cryptography.Xml' 4.5.0 has a known moderate severity vulnerability, https://github.com/advisories/GHSA-vh55-786g-wjwj
#37 125.3 /src/src/common/Myb.Common.Repositories/Myb.Common.Repositories.csproj : warning NU1902: Package 'System.Security.Cryptography.Xml' 4.5.0 has a known moderate severity vulnerability, https://github.com/advisories/GHSA-vh55-786g-wjwj
#37 125.3 /src/src/services/user-manager/Myb.UserManager.Infra/Myb.UserManager.Infra.csproj : warning NU1902: Package 'System.Security.Cryptography.Xml' 4.5.0 has a known moderate severity vulnerability, https://github.com/advisories/GHSA-vh55-786g-wjwj
#37 125.3 /src/src/services/time-sheet/Myb.Timesheet.Infra/Myb.Timesheet.Infra.csproj : warning NU1902: Package 'System.Security.Cryptography.Xml' 4.5.0 has a known moderate severity vulnerability, https://github.com/advisories/GHSA-vh55-786g-wjwj
#37 125.3 /src/src/common/Myb.Common.Utils/Myb.Common.Utils.csproj : warning NU1902: Package 'System.Security.Cryptography.Xml' 4.5.0 has a known moderate severity vulnerability, https://github.com/advisories/GHSA-vh55-786g-wjwj
#37 125.4 /src/src/services/time-sheet/Myb.Timesheet.Services/Myb.Timesheet.Services.csproj : warning NU1902: Package 'System.Security.Cryptography.Xml' 4.5.0 has a known moderate severity vulnerability, https://github.com/advisories/GHSA-vh55-786g-wjwj
#37 125.4 /src/src/services/user-manager/Myb.UserManager.Models/Myb.UserManager.Models.csproj : warning NU1902: Package 'System.Security.Cryptography.Xml' 4.5.0 has a known moderate severity vulnerability, https://github.com/advisories/GHSA-vh55-786g-wjwj
#37 125.4 /src/src/services/user-manager/Myb.UserManager.Sevices/Myb.UserManager.Sevices.csproj : warning NU1902: Package 'System.Security.Cryptography.Xml' 4.5.0 has a known moderate severity vulnerability, https://github.com/advisories/GHSA-vh55-786g-wjwj
#37 127.0   Myb.Common.Models -> /app/build/Myb.Common.Models.dll
#37 127.0   Myb.Common.Stripe -> /app/build/Myb.Common.Stripe.dll
#37 127.0   Myb.Common.Utils -> /app/build/Myb.Common.Utils.dll
#37 127.2 /src/src/services/user-manager/Myb.UserManager.Models/UserRole.cs(18,23): warning CS8618: Non-nullable property 'Name' must contain a non-null value when exiting constructor. Consider adding the 'required' modifier or declaring the property as nullable. [/src/src/services/user-manager/Myb.UserManager.Models/Myb.UserManager.Models.csproj]
#37 127.2 /src/src/services/user-manager/Myb.UserManager.Models/UserPermission.cs(12,23): warning CS8618: Non-nullable property 'Name' must contain a non-null value when exiting constructor. Consider adding the 'required' modifier or declaring the property as nullable. [/src/src/services/user-manager/Myb.UserManager.Models/Myb.UserManager.Models.csproj]
#37 127.2 /src/src/services/user-manager/Myb.UserManager.Models/User.cs(13,23): warning CS8618: Non-nullable property 'Name' must contain a non-null value when exiting constructor. Consider adding the 'required' modifier or declaring the property as nullable. [/src/src/services/user-manager/Myb.UserManager.Models/Myb.UserManager.Models.csproj]
#37 127.2 /src/src/services/user-manager/Myb.UserManager.Models/User.cs(15,23): warning CS8618: Non-nullable property 'Username' must contain a non-null value when exiting constructor. Consider adding the 'required' modifier or declaring the property as nullable. [/src/src/services/user-manager/Myb.UserManager.Models/Myb.UserManager.Models.csproj]
#37 127.2 /src/src/services/user-manager/Myb.UserManager.Models/User.cs(16,23): warning CS8618: Non-nullable property 'Password' must contain a non-null value when exiting constructor. Consider adding the 'required' modifier or declaring the property as nullable. [/src/src/services/user-manager/Myb.UserManager.Models/Myb.UserManager.Models.csproj]
#37 127.2   Myb.UserManager.Models -> /app/build/Myb.UserManager.Models.dll
#37 127.2 /src/src/services/time-sheet/Myb.Timesheet.Models/TimesheetTask.cs(9,19): warning CS8618: Non-nullable property 'name' must contain a non-null value when exiting constructor. Consider adding the 'required' modifier or declaring the property as nullable. [/src/src/services/time-sheet/Myb.Timesheet.Models/Myb.Timesheet.Models.csproj]
#37 127.2 /src/src/services/time-sheet/Myb.Timesheet.Models/TimeOff.cs(9,19): warning CS8618: Non-nullable property 'Reason' must contain a non-null value when exiting constructor. Consider adding the 'required' modifier or declaring the property as nullable. [/src/src/services/time-sheet/Myb.Timesheet.Models/Myb.Timesheet.Models.csproj]
#37 127.3   Myb.Timesheet.Models -> /app/build/Myb.Timesheet.Models.dll
#37 127.3 /src/src/common/Myb.Common.Repositories/GenericRepository.cs(65,50): warning CS8602: Dereference of a possibly null reference. [/src/src/common/Myb.Common.Repositories/Myb.Common.Repositories.csproj]
#37 127.4   Myb.Common.Repositories -> /app/build/Myb.Common.Repositories.dll
#37 127.5 /src/src/common/Myb.Common.Authentification/Dtos/KeycloakUserDto.cs(5,19): warning CS8618: Non-nullable property 'Username' must contain a non-null value when exiting constructor. Consider adding the 'required' modifier or declaring the property as nullable. [/src/src/common/Myb.Common.Authentification/Myb.Common.Authentification.csproj]
#37 127.5 /src/src/common/Myb.Common.Authentification/Dtos/KeycloakUserDto.cs(6,19): warning CS8618: Non-nullable property 'Password' must contain a non-null value when exiting constructor. Consider adding the 'required' modifier or declaring the property as nullable. [/src/src/common/Myb.Common.Authentification/Myb.Common.Authentification.csproj]
#37 127.5 /src/src/common/Myb.Common.Authentification/Dtos/KeycloakTokenRequestDto.cs(8,23): warning CS8618: Non-nullable property 'GrantType' must contain a non-null value when exiting constructor. Consider adding the 'required' modifier or declaring the property as nullable. [/src/src/common/Myb.Common.Authentification/Myb.Common.Authentification.csproj]
#37 127.5 /src/src/common/Myb.Common.Authentification/Dtos/KeycloakTokenRequestDto.cs(11,23): warning CS8618: Non-nullable property 'ClientId' must contain a non-null value when exiting constructor. Consider adding the 'required' modifier or declaring the property as nullable. [/src/src/common/Myb.Common.Authentification/Myb.Common.Authentification.csproj]
#37 127.5 /src/src/common/Myb.Common.Authentification/Dtos/KeycloakTokenRequestDto.cs(14,23): warning CS8618: Non-nullable property 'Username' must contain a non-null value when exiting constructor. Consider adding the 'required' modifier or declaring the property as nullable. [/src/src/common/Myb.Common.Authentification/Myb.Common.Authentification.csproj]
#37 127.5 /src/src/common/Myb.Common.Authentification/Dtos/KeycloakTokenRequestDto.cs(17,23): warning CS8618: Non-nullable property 'Password' must contain a non-null value when exiting constructor. Consider adding the 'required' modifier or declaring the property as nullable. [/src/src/common/Myb.Common.Authentification/Myb.Common.Authentification.csproj]
#37 127.5 /src/src/common/Myb.Common.Authentification/Dtos/KeycloakTokenRequestDto.cs(20,23): warning CS8618: Non-nullable property 'ClientSecret' must contain a non-null value when exiting constructor. Consider adding the 'required' modifier or declaring the property as nullable. [/src/src/common/Myb.Common.Authentification/Myb.Common.Authentification.csproj]
#37 127.5 /src/src/common/Myb.Common.Authentification/Extensions/ServiceCollectionExtensions.cs(55,92): warning CS8604: Possible null reference argument for parameter 's' in 'byte[] Encoding.GetBytes(string s)'. [/src/src/common/Myb.Common.Authentification/Myb.Common.Authentification.csproj]
#37 127.6   Myb.Common.Authentification -> /app/build/Myb.Common.Authentification.dll
#37 127.6 /src/src/services/time-sheet/Myb.Timesheet.EntityFrameWork.Infra/TimesheetContext.cs(9,12): warning CS8618: Non-nullable field '_configuration' must contain a non-null value when exiting constructor. Consider adding the 'required' modifier or declaring the field as nullable. [/src/src/services/time-sheet/Myb.Timesheet.EntityFrameWork.Infra/Myb.Timesheet.EntityFrameWork.Infra.csproj]
#37 127.7   Myb.Timesheet.EntityFrameWork.Infra -> /app/build/Myb.Timesheet.EntityFrameWork.Infra.dll
#37 127.7   Myb.UserManager.EntityFrameWork.Infra -> /app/build/Myb.UserManager.EntityFrameWork.Infra.dll
#37 127.9 /src/src/services/time-sheet/Myb.Timesheet.Services/TimesheetService.cs(31,92): warning CS8604: Possible null reference argument for parameter 'value' in 'string string.Join(string? separator, params string?[] value)'. [/src/src/services/time-sheet/Myb.Timesheet.Services/Myb.Timesheet.Services.csproj]
#37 ...

#43 [myb-docmanager] exporting to image
#43 exporting layers 2.6s done
#43 exporting manifest sha256:9b3a303e5211c1361c6fa12cad382eccea72263b1c3d4d70445f3c63cb1ef5b8 0.0s done
#43 exporting config sha256:cfde78e7c51c10fc1d157d5c5d9cb8b6f8bdd669ebb88a9b09078515a52df16f 0.0s done
#43 exporting attestation manifest sha256:ba97062de9bda6af74b527158a8f4555f93ca23fe20576a86b486a4aa6fc127b 0.0s done
#43 exporting manifest list sha256:23b6f6535e1104d3a94e3a264f7b867ded54ba395c7129f8cf808c1a8bcfa749 0.0s done
#43 naming to docker.io/library/myb-myb-docmanager:latest done
#43 unpacking to docker.io/library/myb-myb-docmanager:latest 0.4s done
#43 DONE 3.2s

#37 [myb-timesheet build 7/7] RUN dotnet build "Myb.Timesheet.csproj" -c Release -o /app/build
#37 127.9 /src/src/services/time-sheet/Myb.Timesheet.Services/TimesheetService.cs(162,94): warning CS8604: Possible null reference argument for parameter 'value' in 'string string.Join(string? separator, params string?[] value)'. [/src/src/services/time-sheet/Myb.Timesheet.Services/Myb.Timesheet.Services.csproj]
#37 127.9 /src/src/services/time-sheet/Myb.Timesheet.Services/TimesheetService.cs(176,94): warning CS8604: Possible null reference argument for parameter 'value' in 'string string.Join(string? separator, params string?[] value)'. [/src/src/services/time-sheet/Myb.Timesheet.Services/Myb.Timesheet.Services.csproj]
#37 128.0 /src/src/services/user-manager/Myb.UserManager.Sevices/UserService.cs(59,24): warning CS8603: Possible null reference return. [/src/src/services/user-manager/Myb.UserManager.Sevices/Myb.UserManager.Sevices.csproj]
#37 128.0 /src/src/services/user-manager/Myb.UserManager.Sevices/UserService.cs(61,38): warning CS0168: The variable 'ex' is declared but never used [/src/src/services/user-manager/Myb.UserManager.Sevices/Myb.UserManager.Sevices.csproj]
#37 128.0   Myb.Timesheet.Services -> /app/build/Myb.Timesheet.Services.dll
#37 ...

#44 [myb-docmanager] resolving provenance for metadata file
#44 DONE 0.0s

#37 [myb-timesheet build 7/7] RUN dotnet build "Myb.Timesheet.csproj" -c Release -o /app/build
#37 128.1   Myb.UserManager.Sevices -> /app/build/Myb.UserManager.Sevices.dll
#37 128.2 /src/src/services/time-sheet/Myb.Timesheet.Infra/TimesheetResorver.cs(34,71): warning CS8604: Possible null reference argument for parameter 'userId' in 'Task<IEnumerable<TimeSheet>> ITimesheetService.GetTimeSheetsByUserIdAsync(string userId)'. [/src/src/services/time-sheet/Myb.Timesheet.Infra/Myb.Timesheet.Infra.csproj]
#37 128.2   Myb.Timesheet.Infra -> /app/build/Myb.Timesheet.Infra.dll
#37 128.2 /src/src/services/user-manager/Myb.UserManager.Infra/GraphQl/Querys/UserQuery.cs(39,20): warning CS8602: Dereference of a possibly null reference. [/src/src/services/user-manager/Myb.UserManager.Infra/Myb.UserManager.Infra.csproj]
#37 128.3   Myb.UserManager.Infra -> /app/build/Myb.UserManager.Infra.dll
#37 128.5   Myb.Common.GraphQL.Infra -> /app/build/Myb.Common.GraphQL.Infra.dll
#37 129.2   Myb.Timesheet -> /app/build/Myb.Timesheet.dll
#37 129.3 
#37 129.3 Build succeeded.
#37 129.3 
#37 129.3 /src/src/services/user-manager/Myb.UserManager.Models/Myb.UserManager.Models.csproj : warning NU1902: Package 'System.Security.Cryptography.Xml' 4.5.0 has a known moderate severity vulnerability, https://github.com/advisories/GHSA-vh55-786g-wjwj [/src/src/services/time-sheet/Myb.Timesheet/Myb.Timesheet.csproj]
#37 129.3 /src/src/services/time-sheet/Myb.Timesheet.Models/Myb.Timesheet.Models.csproj : warning NU1902: Package 'System.Security.Cryptography.Xml' 4.5.0 has a known moderate severity vulnerability, https://github.com/advisories/GHSA-vh55-786g-wjwj [/src/src/services/time-sheet/Myb.Timesheet/Myb.Timesheet.csproj]
#37 129.3 /src/src/common/Myb.Common.Utils/Myb.Common.Utils.csproj : warning NU1902: Package 'System.Security.Cryptography.Xml' 4.5.0 has a known moderate severity vulnerability, https://github.com/advisories/GHSA-vh55-786g-wjwj [/src/src/services/time-sheet/Myb.Timesheet/Myb.Timesheet.csproj]
#37 129.3 /src/src/common/Myb.Common.Models/Myb.Common.Models.csproj : warning NU1902: Package 'System.Security.Cryptography.Xml' 4.5.0 has a known moderate severity vulnerability, https://github.com/advisories/GHSA-vh55-786g-wjwj [/src/src/services/time-sheet/Myb.Timesheet/Myb.Timesheet.csproj]
#37 129.3 /src/src/common/Myb.Common.Repositories/Myb.Common.Repositories.csproj : warning NU1902: Package 'System.Security.Cryptography.Xml' 4.5.0 has a known moderate severity vulnerability, https://github.com/advisories/GHSA-vh55-786g-wjwj [/src/src/services/time-sheet/Myb.Timesheet/Myb.Timesheet.csproj]
#37 129.3 /src/src/common/Myb.Common.Authentification/Myb.Common.Authentification.csproj : warning NU1902: Package 'System.Security.Cryptography.Xml' 4.5.0 has a known moderate severity vulnerability, https://github.com/advisories/GHSA-vh55-786g-wjwj [/src/src/services/time-sheet/Myb.Timesheet/Myb.Timesheet.csproj]
#37 129.3 /src/src/services/user-manager/Myb.UserManager.Infra/Myb.UserManager.Infra.csproj : warning NU1902: Package 'System.Security.Cryptography.Xml' 4.5.0 has a known moderate severity vulnerability, https://github.com/advisories/GHSA-vh55-786g-wjwj [/src/src/services/time-sheet/Myb.Timesheet/Myb.Timesheet.csproj]
#37 129.3 /src/src/services/user-manager/Myb.UserManager.Sevices/Myb.UserManager.Sevices.csproj : warning NU1902: Package 'System.Security.Cryptography.Xml' 4.5.0 has a known moderate severity vulnerability, https://github.com/advisories/GHSA-vh55-786g-wjwj [/src/src/services/time-sheet/Myb.Timesheet/Myb.Timesheet.csproj]
#37 129.3 /src/src/common/Myb.Common.GraphQL.Infra/Myb.Common.GraphQL.Infra.csproj : warning NU1902: Package 'System.Security.Cryptography.Xml' 4.5.0 has a known moderate severity vulnerability, https://github.com/advisories/GHSA-vh55-786g-wjwj [/src/src/services/time-sheet/Myb.Timesheet/Myb.Timesheet.csproj]
#37 129.3 /src/src/services/time-sheet/Myb.Timesheet.Services/Myb.Timesheet.Services.csproj : warning NU1902: Package 'System.Security.Cryptography.Xml' 4.5.0 has a known moderate severity vulnerability, https://github.com/advisories/GHSA-vh55-786g-wjwj [/src/src/services/time-sheet/Myb.Timesheet/Myb.Timesheet.csproj]
#37 129.3 /src/src/services/time-sheet/Myb.Timesheet.Infra/Myb.Timesheet.Infra.csproj : warning NU1902: Package 'System.Security.Cryptography.Xml' 4.5.0 has a known moderate severity vulnerability, https://github.com/advisories/GHSA-vh55-786g-wjwj [/src/src/services/time-sheet/Myb.Timesheet/Myb.Timesheet.csproj]
#37 129.3 /src/src/common/Myb.Common.Models/Myb.Common.Models.csproj : warning NU1902: Package 'System.Security.Cryptography.Xml' 4.5.0 has a known moderate severity vulnerability, https://github.com/advisories/GHSA-vh55-786g-wjwj
#37 129.3 /src/src/common/Myb.Common.GraphQL.Infra/Myb.Common.GraphQL.Infra.csproj : warning NU1902: Package 'System.Security.Cryptography.Xml' 4.5.0 has a known moderate severity vulnerability, https://github.com/advisories/GHSA-vh55-786g-wjwj
#37 129.3 /src/src/common/Myb.Common.Authentification/Myb.Common.Authentification.csproj : warning NU1902: Package 'System.Security.Cryptography.Xml' 4.5.0 has a known moderate severity vulnerability, https://github.com/advisories/GHSA-vh55-786g-wjwj
#37 129.3 /src/src/services/time-sheet/Myb.Timesheet.Models/Myb.Timesheet.Models.csproj : warning NU1902: Package 'System.Security.Cryptography.Xml' 4.5.0 has a known moderate severity vulnerability, https://github.com/advisories/GHSA-vh55-786g-wjwj
#37 129.3 /src/src/common/Myb.Common.Repositories/Myb.Common.Repositories.csproj : warning NU1902: Package 'System.Security.Cryptography.Xml' 4.5.0 has a known moderate severity vulnerability, https://github.com/advisories/GHSA-vh55-786g-wjwj
#37 129.3 /src/src/services/user-manager/Myb.UserManager.Infra/Myb.UserManager.Infra.csproj : warning NU1902: Package 'System.Security.Cryptography.Xml' 4.5.0 has a known moderate severity vulnerability, https://github.com/advisories/GHSA-vh55-786g-wjwj
#37 129.3 /src/src/services/time-sheet/Myb.Timesheet.Infra/Myb.Timesheet.Infra.csproj : warning NU1902: Package 'System.Security.Cryptography.Xml' 4.5.0 has a known moderate severity vulnerability, https://github.com/advisories/GHSA-vh55-786g-wjwj
#37 129.3 /src/src/common/Myb.Common.Utils/Myb.Common.Utils.csproj : warning NU1902: Package 'System.Security.Cryptography.Xml' 4.5.0 has a known moderate severity vulnerability, https://github.com/advisories/GHSA-vh55-786g-wjwj
#37 129.3 /src/src/services/time-sheet/Myb.Timesheet.Services/Myb.Timesheet.Services.csproj : warning NU1902: Package 'System.Security.Cryptography.Xml' 4.5.0 has a known moderate severity vulnerability, https://github.com/advisories/GHSA-vh55-786g-wjwj
#37 129.3 /src/src/services/user-manager/Myb.UserManager.Models/Myb.UserManager.Models.csproj : warning NU1902: Package 'System.Security.Cryptography.Xml' 4.5.0 has a known moderate severity vulnerability, https://github.com/advisories/GHSA-vh55-786g-wjwj
#37 129.3 /src/src/services/user-manager/Myb.UserManager.Sevices/Myb.UserManager.Sevices.csproj : warning NU1902: Package 'System.Security.Cryptography.Xml' 4.5.0 has a known moderate severity vulnerability, https://github.com/advisories/GHSA-vh55-786g-wjwj
#37 129.3 /src/src/services/user-manager/Myb.UserManager.Models/UserRole.cs(18,23): warning CS8618: Non-nullable property 'Name' must contain a non-null value when exiting constructor. Consider adding the 'required' modifier or declaring the property as nullable. [/src/src/services/user-manager/Myb.UserManager.Models/Myb.UserManager.Models.csproj]
#37 129.3 /src/src/services/user-manager/Myb.UserManager.Models/UserPermission.cs(12,23): warning CS8618: Non-nullable property 'Name' must contain a non-null value when exiting constructor. Consider adding the 'required' modifier or declaring the property as nullable. [/src/src/services/user-manager/Myb.UserManager.Models/Myb.UserManager.Models.csproj]
#37 129.3 /src/src/services/user-manager/Myb.UserManager.Models/User.cs(13,23): warning CS8618: Non-nullable property 'Name' must contain a non-null value when exiting constructor. Consider adding the 'required' modifier or declaring the property as nullable. [/src/src/services/user-manager/Myb.UserManager.Models/Myb.UserManager.Models.csproj]
#37 129.3 /src/src/services/user-manager/Myb.UserManager.Models/User.cs(15,23): warning CS8618: Non-nullable property 'Username' must contain a non-null value when exiting constructor. Consider adding the 'required' modifier or declaring the property as nullable. [/src/src/services/user-manager/Myb.UserManager.Models/Myb.UserManager.Models.csproj]
#37 129.3 /src/src/services/user-manager/Myb.UserManager.Models/User.cs(16,23): warning CS8618: Non-nullable property 'Password' must contain a non-null value when exiting constructor. Consider adding the 'required' modifier or declaring the property as nullable. [/src/src/services/user-manager/Myb.UserManager.Models/Myb.UserManager.Models.csproj]
#37 129.3 /src/src/services/time-sheet/Myb.Timesheet.Models/TimesheetTask.cs(9,19): warning CS8618: Non-nullable property 'name' must contain a non-null value when exiting constructor. Consider adding the 'required' modifier or declaring the property as nullable. [/src/src/services/time-sheet/Myb.Timesheet.Models/Myb.Timesheet.Models.csproj]
#37 129.3 /src/src/services/time-sheet/Myb.Timesheet.Models/TimeOff.cs(9,19): warning CS8618: Non-nullable property 'Reason' must contain a non-null value when exiting constructor. Consider adding the 'required' modifier or declaring the property as nullable. [/src/src/services/time-sheet/Myb.Timesheet.Models/Myb.Timesheet.Models.csproj]
#37 129.3 /src/src/common/Myb.Common.Repositories/GenericRepository.cs(65,50): warning CS8602: Dereference of a possibly null reference. [/src/src/common/Myb.Common.Repositories/Myb.Common.Repositories.csproj]
#37 129.3 /src/src/common/Myb.Common.Authentification/Dtos/KeycloakUserDto.cs(5,19): warning CS8618: Non-nullable property 'Username' must contain a non-null value when exiting constructor. Consider adding the 'required' modifier or declaring the property as nullable. [/src/src/common/Myb.Common.Authentification/Myb.Common.Authentification.csproj]
#37 129.3 /src/src/common/Myb.Common.Authentification/Dtos/KeycloakUserDto.cs(6,19): warning CS8618: Non-nullable property 'Password' must contain a non-null value when exiting constructor. Consider adding the 'required' modifier or declaring the property as nullable. [/src/src/common/Myb.Common.Authentification/Myb.Common.Authentification.csproj]
#37 129.3 /src/src/common/Myb.Common.Authentification/Dtos/KeycloakTokenRequestDto.cs(8,23): warning CS8618: Non-nullable property 'GrantType' must contain a non-null value when exiting constructor. Consider adding the 'required' modifier or declaring the property as nullable. [/src/src/common/Myb.Common.Authentification/Myb.Common.Authentification.csproj]
#37 129.3 /src/src/common/Myb.Common.Authentification/Dtos/KeycloakTokenRequestDto.cs(11,23): warning CS8618: Non-nullable property 'ClientId' must contain a non-null value when exiting constructor. Consider adding the 'required' modifier or declaring the property as nullable. [/src/src/common/Myb.Common.Authentification/Myb.Common.Authentification.csproj]
#37 129.3 /src/src/common/Myb.Common.Authentification/Dtos/KeycloakTokenRequestDto.cs(14,23): warning CS8618: Non-nullable property 'Username' must contain a non-null value when exiting constructor. Consider adding the 'required' modifier or declaring the property as nullable. [/src/src/common/Myb.Common.Authentification/Myb.Common.Authentification.csproj]
#37 129.3 /src/src/common/Myb.Common.Authentification/Dtos/KeycloakTokenRequestDto.cs(17,23): warning CS8618: Non-nullable property 'Password' must contain a non-null value when exiting constructor. Consider adding the 'required' modifier or declaring the property as nullable. [/src/src/common/Myb.Common.Authentification/Myb.Common.Authentification.csproj]
#37 129.3 /src/src/common/Myb.Common.Authentification/Dtos/KeycloakTokenRequestDto.cs(20,23): warning CS8618: Non-nullable property 'ClientSecret' must contain a non-null value when exiting constructor. Consider adding the 'required' modifier or declaring the property as nullable. [/src/src/common/Myb.Common.Authentification/Myb.Common.Authentification.csproj]
#37 129.3 /src/src/common/Myb.Common.Authentification/Extensions/ServiceCollectionExtensions.cs(55,92): warning CS8604: Possible null reference argument for parameter 's' in 'byte[] Encoding.GetBytes(string s)'. [/src/src/common/Myb.Common.Authentification/Myb.Common.Authentification.csproj]
#37 129.3 /src/src/services/time-sheet/Myb.Timesheet.EntityFrameWork.Infra/TimesheetContext.cs(9,12): warning CS8618: Non-nullable field '_configuration' must contain a non-null value when exiting constructor. Consider adding the 'required' modifier or declaring the field as nullable. [/src/src/services/time-sheet/Myb.Timesheet.EntityFrameWork.Infra/Myb.Timesheet.EntityFrameWork.Infra.csproj]
#37 129.3 /src/src/services/time-sheet/Myb.Timesheet.Services/TimesheetService.cs(31,92): warning CS8604: Possible null reference argument for parameter 'value' in 'string string.Join(string? separator, params string?[] value)'. [/src/src/services/time-sheet/Myb.Timesheet.Services/Myb.Timesheet.Services.csproj]
#37 129.3 /src/src/services/time-sheet/Myb.Timesheet.Services/TimesheetService.cs(162,94): warning CS8604: Possible null reference argument for parameter 'value' in 'string string.Join(string? separator, params string?[] value)'. [/src/src/services/time-sheet/Myb.Timesheet.Services/Myb.Timesheet.Services.csproj]
#37 129.3 /src/src/services/time-sheet/Myb.Timesheet.Services/TimesheetService.cs(176,94): warning CS8604: Possible null reference argument for parameter 'value' in 'string string.Join(string? separator, params string?[] value)'. [/src/src/services/time-sheet/Myb.Timesheet.Services/Myb.Timesheet.Services.csproj]
#37 129.3 /src/src/services/user-manager/Myb.UserManager.Sevices/UserService.cs(59,24): warning CS8603: Possible null reference return. [/src/src/services/user-manager/Myb.UserManager.Sevices/Myb.UserManager.Sevices.csproj]
#37 129.3 /src/src/services/user-manager/Myb.UserManager.Sevices/UserService.cs(61,38): warning CS0168: The variable 'ex' is declared but never used [/src/src/services/user-manager/Myb.UserManager.Sevices/Myb.UserManager.Sevices.csproj]
#37 129.3 /src/src/services/time-sheet/Myb.Timesheet.Infra/TimesheetResorver.cs(34,71): warning CS8604: Possible null reference argument for parameter 'userId' in 'Task<IEnumerable<TimeSheet>> ITimesheetService.GetTimeSheetsByUserIdAsync(string userId)'. [/src/src/services/time-sheet/Myb.Timesheet.Infra/Myb.Timesheet.Infra.csproj]
#37 129.3 /src/src/services/user-manager/Myb.UserManager.Infra/GraphQl/Querys/UserQuery.cs(39,20): warning CS8602: Dereference of a possibly null reference. [/src/src/services/user-manager/Myb.UserManager.Infra/Myb.UserManager.Infra.csproj]
#37 129.3     46 Warning(s)
#37 129.3     0 Error(s)
#37 129.3 
#37 129.3 Time Elapsed 00:02:09.05
#37 DONE 129.4s

#45 [myb-timesheet publish 1/1] RUN dotnet publish "Myb.Timesheet.csproj" -c Release -o /app/publish /p:UseAppHost=false
#45 0.471   Determining projects to restore...
#45 1.096 /src/src/common/Myb.Common.GraphQL.Infra/Myb.Common.GraphQL.Infra.csproj : warning NU1902: Package 'System.Security.Cryptography.Xml' 4.5.0 has a known moderate severity vulnerability, https://github.com/advisories/GHSA-vh55-786g-wjwj [/src/src/services/time-sheet/Myb.Timesheet/Myb.Timesheet.csproj]
#45 1.096 /src/src/common/Myb.Common.Authentification/Myb.Common.Authentification.csproj : warning NU1902: Package 'System.Security.Cryptography.Xml' 4.5.0 has a known moderate severity vulnerability, https://github.com/advisories/GHSA-vh55-786g-wjwj [/src/src/services/time-sheet/Myb.Timesheet/Myb.Timesheet.csproj]
#45 1.096 /src/src/services/time-sheet/Myb.Timesheet.Services/Myb.Timesheet.Services.csproj : warning NU1902: Package 'System.Security.Cryptography.Xml' 4.5.0 has a known moderate severity vulnerability, https://github.com/advisories/GHSA-vh55-786g-wjwj [/src/src/services/time-sheet/Myb.Timesheet/Myb.Timesheet.csproj]
#45 1.096 /src/src/common/Myb.Common.Models/Myb.Common.Models.csproj : warning NU1902: Package 'System.Security.Cryptography.Xml' 4.5.0 has a known moderate severity vulnerability, https://github.com/advisories/GHSA-vh55-786g-wjwj [/src/src/services/time-sheet/Myb.Timesheet/Myb.Timesheet.csproj]
#45 1.096 /src/src/common/Myb.Common.Utils/Myb.Common.Utils.csproj : warning NU1902: Package 'System.Security.Cryptography.Xml' 4.5.0 has a known moderate severity vulnerability, https://github.com/advisories/GHSA-vh55-786g-wjwj [/src/src/services/time-sheet/Myb.Timesheet/Myb.Timesheet.csproj]
#45 1.096 /src/src/services/user-manager/Myb.UserManager.Infra/Myb.UserManager.Infra.csproj : warning NU1902: Package 'System.Security.Cryptography.Xml' 4.5.0 has a known moderate severity vulnerability, https://github.com/advisories/GHSA-vh55-786g-wjwj [/src/src/services/time-sheet/Myb.Timesheet/Myb.Timesheet.csproj]
#45 1.096 /src/src/services/user-manager/Myb.UserManager.Models/Myb.UserManager.Models.csproj : warning NU1902: Package 'System.Security.Cryptography.Xml' 4.5.0 has a known moderate severity vulnerability, https://github.com/advisories/GHSA-vh55-786g-wjwj [/src/src/services/time-sheet/Myb.Timesheet/Myb.Timesheet.csproj]
#45 1.096 /src/src/services/user-manager/Myb.UserManager.Sevices/Myb.UserManager.Sevices.csproj : warning NU1902: Package 'System.Security.Cryptography.Xml' 4.5.0 has a known moderate severity vulnerability, https://github.com/advisories/GHSA-vh55-786g-wjwj [/src/src/services/time-sheet/Myb.Timesheet/Myb.Timesheet.csproj]
#45 1.096 /src/src/services/time-sheet/Myb.Timesheet.Infra/Myb.Timesheet.Infra.csproj : warning NU1902: Package 'System.Security.Cryptography.Xml' 4.5.0 has a known moderate severity vulnerability, https://github.com/advisories/GHSA-vh55-786g-wjwj [/src/src/services/time-sheet/Myb.Timesheet/Myb.Timesheet.csproj]
#45 1.096 /src/src/common/Myb.Common.Repositories/Myb.Common.Repositories.csproj : warning NU1902: Package 'System.Security.Cryptography.Xml' 4.5.0 has a known moderate severity vulnerability, https://github.com/advisories/GHSA-vh55-786g-wjwj [/src/src/services/time-sheet/Myb.Timesheet/Myb.Timesheet.csproj]
#45 1.096 /src/src/services/time-sheet/Myb.Timesheet.Models/Myb.Timesheet.Models.csproj : warning NU1902: Package 'System.Security.Cryptography.Xml' 4.5.0 has a known moderate severity vulnerability, https://github.com/advisories/GHSA-vh55-786g-wjwj [/src/src/services/time-sheet/Myb.Timesheet/Myb.Timesheet.csproj]
#45 1.098   All projects are up-to-date for restore.
#45 1.474 /src/src/services/user-manager/Myb.UserManager.Infra/Myb.UserManager.Infra.csproj : warning NU1902: Package 'System.Security.Cryptography.Xml' 4.5.0 has a known moderate severity vulnerability, https://github.com/advisories/GHSA-vh55-786g-wjwj
#45 1.482 /src/src/common/Myb.Common.Models/Myb.Common.Models.csproj : warning NU1902: Package 'System.Security.Cryptography.Xml' 4.5.0 has a known moderate severity vulnerability, https://github.com/advisories/GHSA-vh55-786g-wjwj
#45 1.497 /src/src/services/time-sheet/Myb.Timesheet.Infra/Myb.Timesheet.Infra.csproj : warning NU1902: Package 'System.Security.Cryptography.Xml' 4.5.0 has a known moderate severity vulnerability, https://github.com/advisories/GHSA-vh55-786g-wjwj
#45 1.501 /src/src/common/Myb.Common.GraphQL.Infra/Myb.Common.GraphQL.Infra.csproj : warning NU1902: Package 'System.Security.Cryptography.Xml' 4.5.0 has a known moderate severity vulnerability, https://github.com/advisories/GHSA-vh55-786g-wjwj
#45 1.512 /src/src/common/Myb.Common.Authentification/Myb.Common.Authentification.csproj : warning NU1902: Package 'System.Security.Cryptography.Xml' 4.5.0 has a known moderate severity vulnerability, https://github.com/advisories/GHSA-vh55-786g-wjwj
#45 1.519 /src/src/common/Myb.Common.Utils/Myb.Common.Utils.csproj : warning NU1902: Package 'System.Security.Cryptography.Xml' 4.5.0 has a known moderate severity vulnerability, https://github.com/advisories/GHSA-vh55-786g-wjwj
#45 1.528 /src/src/common/Myb.Common.Repositories/Myb.Common.Repositories.csproj : warning NU1902: Package 'System.Security.Cryptography.Xml' 4.5.0 has a known moderate severity vulnerability, https://github.com/advisories/GHSA-vh55-786g-wjwj
#45 1.528 /src/src/services/time-sheet/Myb.Timesheet.Services/Myb.Timesheet.Services.csproj : warning NU1902: Package 'System.Security.Cryptography.Xml' 4.5.0 has a known moderate severity vulnerability, https://github.com/advisories/GHSA-vh55-786g-wjwj
#45 1.575 /src/src/services/time-sheet/Myb.Timesheet.Models/Myb.Timesheet.Models.csproj : warning NU1902: Package 'System.Security.Cryptography.Xml' 4.5.0 has a known moderate severity vulnerability, https://github.com/advisories/GHSA-vh55-786g-wjwj
#45 1.584 /src/src/services/user-manager/Myb.UserManager.Models/Myb.UserManager.Models.csproj : warning NU1902: Package 'System.Security.Cryptography.Xml' 4.5.0 has a known moderate severity vulnerability, https://github.com/advisories/GHSA-vh55-786g-wjwj
#45 1.589 /src/src/services/user-manager/Myb.UserManager.Sevices/Myb.UserManager.Sevices.csproj : warning NU1902: Package 'System.Security.Cryptography.Xml' 4.5.0 has a known moderate severity vulnerability, https://github.com/advisories/GHSA-vh55-786g-wjwj
#45 1.646   Myb.Common.Models -> /src/src/common/Myb.Common.Models/bin/Release/net10.0/Myb.Common.Models.dll
#45 1.653   Myb.Common.Stripe -> /src/src/common/Myb.Common.Stripe/bin/Release/net10.0/Myb.Common.Stripe.dll
#45 1.664   Myb.Common.Utils -> /src/src/common/Myb.Common.Utils/bin/Release/net10.0/Myb.Common.Utils.dll
#45 3.079 /src/src/common/Myb.Common.Repositories/GenericRepository.cs(65,50): warning CS8602: Dereference of a possibly null reference. [/src/src/common/Myb.Common.Repositories/Myb.Common.Repositories.csproj]
#45 3.081 /src/src/services/time-sheet/Myb.Timesheet.Models/TimesheetTask.cs(9,19): warning CS8618: Non-nullable property 'name' must contain a non-null value when exiting constructor. Consider adding the 'required' modifier or declaring the property as nullable. [/src/src/services/time-sheet/Myb.Timesheet.Models/Myb.Timesheet.Models.csproj]
#45 3.081 /src/src/services/time-sheet/Myb.Timesheet.Models/TimeOff.cs(9,19): warning CS8618: Non-nullable property 'Reason' must contain a non-null value when exiting constructor. Consider adding the 'required' modifier or declaring the property as nullable. [/src/src/services/time-sheet/Myb.Timesheet.Models/Myb.Timesheet.Models.csproj]
#45 3.081 /src/src/services/user-manager/Myb.UserManager.Models/UserPermission.cs(12,23): warning CS8618: Non-nullable property 'Name' must contain a non-null value when exiting constructor. Consider adding the 'required' modifier or declaring the property as nullable. [/src/src/services/user-manager/Myb.UserManager.Models/Myb.UserManager.Models.csproj]
#45 3.081 /src/src/services/user-manager/Myb.UserManager.Models/UserRole.cs(18,23): warning CS8618: Non-nullable property 'Name' must contain a non-null value when exiting constructor. Consider adding the 'required' modifier or declaring the property as nullable. [/src/src/services/user-manager/Myb.UserManager.Models/Myb.UserManager.Models.csproj]
#45 3.081 /src/src/services/user-manager/Myb.UserManager.Models/User.cs(13,23): warning CS8618: Non-nullable property 'Name' must contain a non-null value when exiting constructor. Consider adding the 'required' modifier or declaring the property as nullable. [/src/src/services/user-manager/Myb.UserManager.Models/Myb.UserManager.Models.csproj]
#45 3.081 /src/src/services/user-manager/Myb.UserManager.Models/User.cs(15,23): warning CS8618: Non-nullable property 'Username' must contain a non-null value when exiting constructor. Consider adding the 'required' modifier or declaring the property as nullable. [/src/src/services/user-manager/Myb.UserManager.Models/Myb.UserManager.Models.csproj]
#45 3.081 /src/src/services/user-manager/Myb.UserManager.Models/User.cs(16,23): warning CS8618: Non-nullable property 'Password' must contain a non-null value when exiting constructor. Consider adding the 'required' modifier or declaring the property as nullable. [/src/src/services/user-manager/Myb.UserManager.Models/Myb.UserManager.Models.csproj]
#45 3.128   Myb.UserManager.Models -> /src/src/services/user-manager/Myb.UserManager.Models/bin/Release/net10.0/Myb.UserManager.Models.dll
#45 3.134   Myb.Common.Repositories -> /src/src/common/Myb.Common.Repositories/bin/Release/net10.0/Myb.Common.Repositories.dll
#45 3.144   Myb.Timesheet.Models -> /src/src/services/time-sheet/Myb.Timesheet.Models/bin/Release/net10.0/Myb.Timesheet.Models.dll
#45 3.276 /src/src/common/Myb.Common.Authentification/Dtos/KeycloakUserDto.cs(5,19): warning CS8618: Non-nullable property 'Username' must contain a non-null value when exiting constructor. Consider adding the 'required' modifier or declaring the property as nullable. [/src/src/common/Myb.Common.Authentification/Myb.Common.Authentification.csproj]
#45 3.276 /src/src/common/Myb.Common.Authentification/Dtos/KeycloakUserDto.cs(6,19): warning CS8618: Non-nullable property 'Password' must contain a non-null value when exiting constructor. Consider adding the 'required' modifier or declaring the property as nullable. [/src/src/common/Myb.Common.Authentification/Myb.Common.Authentification.csproj]
#45 3.276 /src/src/common/Myb.Common.Authentification/Dtos/KeycloakTokenRequestDto.cs(8,23): warning CS8618: Non-nullable property 'GrantType' must contain a non-null value when exiting constructor. Consider adding the 'required' modifier or declaring the property as nullable. [/src/src/common/Myb.Common.Authentification/Myb.Common.Authentification.csproj]
#45 3.276 /src/src/common/Myb.Common.Authentification/Dtos/KeycloakTokenRequestDto.cs(11,23): warning CS8618: Non-nullable property 'ClientId' must contain a non-null value when exiting constructor. Consider adding the 'required' modifier or declaring the property as nullable. [/src/src/common/Myb.Common.Authentification/Myb.Common.Authentification.csproj]
#45 3.276 /src/src/common/Myb.Common.Authentification/Dtos/KeycloakTokenRequestDto.cs(14,23): warning CS8618: Non-nullable property 'Username' must contain a non-null value when exiting constructor. Consider adding the 'required' modifier or declaring the property as nullable. [/src/src/common/Myb.Common.Authentification/Myb.Common.Authentification.csproj]
#45 3.276 /src/src/common/Myb.Common.Authentification/Dtos/KeycloakTokenRequestDto.cs(17,23): warning CS8618: Non-nullable property 'Password' must contain a non-null value when exiting constructor. Consider adding the 'required' modifier or declaring the property as nullable. [/src/src/common/Myb.Common.Authentification/Myb.Common.Authentification.csproj]
#45 3.276 /src/src/common/Myb.Common.Authentification/Dtos/KeycloakTokenRequestDto.cs(20,23): warning CS8618: Non-nullable property 'ClientSecret' must contain a non-null value when exiting constructor. Consider adding the 'required' modifier or declaring the property as nullable. [/src/src/common/Myb.Common.Authentification/Myb.Common.Authentification.csproj]
#45 3.276 /src/src/common/Myb.Common.Authentification/Extensions/ServiceCollectionExtensions.cs(55,92): warning CS8604: Possible null reference argument for parameter 's' in 'byte[] Encoding.GetBytes(string s)'. [/src/src/common/Myb.Common.Authentification/Myb.Common.Authentification.csproj]
#45 3.336   Myb.UserManager.EntityFrameWork.Infra -> /src/src/services/user-manager/Myb.UserManager.EntityFrameWork.Infra/bin/Release/net10.0/Myb.UserManager.EntityFrameWork.Infra.dll
#45 3.370   Myb.Common.Authentification -> /src/src/common/Myb.Common.Authentification/bin/Release/net10.0/Myb.Common.Authentification.dll
#45 3.522 /src/src/services/time-sheet/Myb.Timesheet.EntityFrameWork.Infra/TimesheetContext.cs(9,12): warning CS8618: Non-nullable field '_configuration' must contain a non-null value when exiting constructor. Consider adding the 'required' modifier or declaring the field as nullable. [/src/src/services/time-sheet/Myb.Timesheet.EntityFrameWork.Infra/Myb.Timesheet.EntityFrameWork.Infra.csproj]
#45 3.558 /src/src/services/user-manager/Myb.UserManager.Sevices/UserService.cs(59,24): warning CS8603: Possible null reference return. [/src/src/services/user-manager/Myb.UserManager.Sevices/Myb.UserManager.Sevices.csproj]
#45 3.558 /src/src/services/user-manager/Myb.UserManager.Sevices/UserService.cs(61,38): warning CS0168: The variable 'ex' is declared but never used [/src/src/services/user-manager/Myb.UserManager.Sevices/Myb.UserManager.Sevices.csproj]
#45 3.614   Myb.Timesheet.EntityFrameWork.Infra -> /src/src/services/time-sheet/Myb.Timesheet.EntityFrameWork.Infra/bin/Release/net10.0/Myb.Timesheet.EntityFrameWork.Infra.dll
#45 3.645   Myb.UserManager.Sevices -> /src/src/services/user-manager/Myb.UserManager.Sevices/bin/Release/net10.0/Myb.UserManager.Sevices.dll
#45 3.879 /src/src/services/time-sheet/Myb.Timesheet.Services/TimesheetService.cs(31,92): warning CS8604: Possible null reference argument for parameter 'value' in 'string string.Join(string? separator, params string?[] value)'. [/src/src/services/time-sheet/Myb.Timesheet.Services/Myb.Timesheet.Services.csproj]
#45 3.879 /src/src/services/time-sheet/Myb.Timesheet.Services/TimesheetService.cs(162,94): warning CS8604: Possible null reference argument for parameter 'value' in 'string string.Join(string? separator, params string?[] value)'. [/src/src/services/time-sheet/Myb.Timesheet.Services/Myb.Timesheet.Services.csproj]
#45 3.879 /src/src/services/time-sheet/Myb.Timesheet.Services/TimesheetService.cs(176,94): warning CS8604: Possible null reference argument for parameter 'value' in 'string string.Join(string? separator, params string?[] value)'. [/src/src/services/time-sheet/Myb.Timesheet.Services/Myb.Timesheet.Services.csproj]
#45 3.948   Myb.Timesheet.Services -> /src/src/services/time-sheet/Myb.Timesheet.Services/bin/Release/net10.0/Myb.Timesheet.Services.dll
#45 4.068 /src/src/services/user-manager/Myb.UserManager.Infra/GraphQl/Querys/UserQuery.cs(39,20): warning CS8602: Dereference of a possibly null reference. [/src/src/services/user-manager/Myb.UserManager.Infra/Myb.UserManager.Infra.csproj]
#45 4.117   Myb.UserManager.Infra -> /src/src/services/user-manager/Myb.UserManager.Infra/bin/Release/net10.0/Myb.UserManager.Infra.dll
#45 4.286 /src/src/services/time-sheet/Myb.Timesheet.Infra/TimesheetResorver.cs(34,71): warning CS8604: Possible null reference argument for parameter 'userId' in 'Task<IEnumerable<TimeSheet>> ITimesheetService.GetTimeSheetsByUserIdAsync(string userId)'. [/src/src/services/time-sheet/Myb.Timesheet.Infra/Myb.Timesheet.Infra.csproj]
#45 4.369   Myb.Timesheet.Infra -> /src/src/services/time-sheet/Myb.Timesheet.Infra/bin/Release/net10.0/Myb.Timesheet.Infra.dll
#45 4.531   Myb.Common.GraphQL.Infra -> /src/src/common/Myb.Common.GraphQL.Infra/bin/Release/net10.0/Myb.Common.GraphQL.Infra.dll
#45 5.170   Myb.Timesheet -> /src/src/services/time-sheet/Myb.Timesheet/bin/Release/net10.0/Myb.Timesheet.dll
#45 5.276   Myb.Timesheet -> /app/publish/
#45 DONE 5.4s

#46 [myb-timesheet final 2/2] COPY --from=publish /app/publish .
#46 DONE 0.1s

#47 [myb-timesheet] exporting to image
#47 exporting layers
#47 exporting layers 1.8s done
#47 exporting manifest sha256:c6eb85a8c7cad29a5fc9ff3975e69b6db6c43ebf99e3d50a208aee1cf8387e81
#47 exporting manifest sha256:c6eb85a8c7cad29a5fc9ff3975e69b6db6c43ebf99e3d50a208aee1cf8387e81 done
#47 exporting config sha256:c29400f7a1323ef7ea35871187a43379b5df5c085ec8c5dff182d17d741e5fc6 done
#47 exporting attestation manifest sha256:997bdc58a4673cb63fd42243575d24760fc3c2d597ea51e0c30c9d40ca6122ec done
#47 exporting manifest list sha256:356fc526a605843b8fb6db975f9ec111f65b86f06a56f7e9c1a4929e004830db done
#47 naming to docker.io/library/myb-myb-timesheet:latest done
#47 unpacking to docker.io/library/myb-myb-timesheet:latest
#47 unpacking to docker.io/library/myb-myb-timesheet:latest 0.3s done
#47 DONE 2.1s

#48 [myb-timesheet] resolving provenance for metadata file
#48 DONE 0.0s
 Image myb-myb-docmanager Built 
 Image myb-myb-timesheet Built 
 Container keycloak-db Running 
 Container myb-timesheetDB-1 Running 
 Container myb-invoiceDB-1 Running 
 Container myb-documentDB-1 Running 
 Container keycloak Running 
 Container myb-myb-invoice-1 Running 
 Container myb-myb-timesheet-1 Creating 
 Container myb-myb-docmanager-1 Creating 
 Container myb-myb-docmanager-1 Created 
 Container myb-myb-timesheet-1 Created 
 Container myb-myb-front-1 Creating 
 Container myb-myb-front-1 Created 
 Container keycloak-db Waiting 
 Container keycloak-db Healthy 
 Container myb-timesheetDB-1 Waiting 
 Container keycloak Waiting 
 Container myb-invoiceDB-1 Waiting 
 Container keycloak Waiting 
 Container myb-documentDB-1 Waiting 
 Container keycloak Waiting 
 Container myb-timesheetDB-1 Healthy 
 Container keycloak Healthy 
 Container myb-documentDB-1 Healthy 
 Container myb-myb-docmanager-1 Starting 
 Container keycloak Healthy 
 Container myb-myb-timesheet-1 Starting 
 Container keycloak Healthy 
 Container myb-invoiceDB-1 Healthy 
 Container myb-myb-timesheet-1 Started 
 Container myb-myb-docmanager-1 Started 
 Container myb-myb-front-1 Starting 
 Container myb-myb-front-1 Started 
[0;32m✓ Frontend started[0m

[0;32m✓ All services started successfully![0m

[0;36m─── Waiting for Services to Become Healthy ───[0m
[0;34mℹ Checking service health... (0/120 seconds)[0m
[0;32m✓ Keycloak is healthy[0m
[0;34m================================[0m
[0;34mService Status[0m
[0;34m================================[0m
time="2026-01-14T23:54:20+01:00" level=warning msg="/Users/macbook/Workspace/myb/docker-compose.yml: the attribute `version` is obsolete, it will be ignored, please remove it to avoid potential confusion"
NAME                   IMAGE                              COMMAND                  SERVICE          CREATED         STATUS                            PORTS
keycloak               quay.io/keycloak/keycloak:23.0.4   "/opt/keycloak/bin/k…"   keycloak         9 minutes ago   Up 9 minutes (healthy)            0.0.0.0:8080->8080/tcp, [::]:8080->8080/tcp
keycloak-db            postgres:16.2                      "docker-entrypoint.s…"   keycloak-db      9 minutes ago   Up 9 minutes (healthy)            0.0.0.0:5450->5432/tcp, [::]:5450->5432/tcp
myb-copropertyDB-1     postgres:16.2                      "docker-entrypoint.s…"   copropertyDB     9 minutes ago   Up 9 minutes (healthy)            0.0.0.0:5435->5432/tcp, [::]:5435->5432/tcp
myb-documentDB-1       postgres:16.2                      "docker-entrypoint.s…"   documentDB       9 minutes ago   Up 9 minutes (healthy)            0.0.0.0:5433->5432/tcp, [::]:5433->5432/tcp
myb-invoiceDB-1        postgres:16.2                      "docker-entrypoint.s…"   invoiceDB        9 minutes ago   Up 9 minutes (healthy)            0.0.0.0:5434->5432/tcp, [::]:5434->5432/tcp
myb-myb-docmanager-1   myb-myb-docmanager                 "dotnet Myb.Document…"   myb-docmanager   4 seconds ago   Up 3 seconds                      0.0.0.0:8086->8080/tcp, [::]:8086->8080/tcp
myb-myb-front-1        myb-myb-front                      "/docker-entrypoint.…"   myb-front        4 seconds ago   Up 3 seconds (health: starting)   0.0.0.0:4200->80/tcp, [::]:4200->80/tcp
myb-myb-invoice-1      myb-myb-invoice                    "dotnet Myb.Invoice.…"   myb-invoice      7 minutes ago   Up 7 minutes                      0.0.0.0:8083->8080/tcp, [::]:8083->8080/tcp
myb-myb-payment-1      myb-myb-payment                    "dotnet Myb.Payment.…"   myb-payment      9 minutes ago   Up 9 minutes                      0.0.0.0:8084->8080/tcp, [::]:8084->8080/tcp
myb-myb-timesheet-1    myb-myb-timesheet                  "dotnet Myb.Timeshee…"   myb-timesheet    4 seconds ago   Up 3 seconds                      0.0.0.0:8082->8080/tcp, [::]:8082->8080/tcp
myb-timesheetDB-1      postgres:16.2                      "docker-entrypoint.s…"   timesheetDB      9 minutes ago   Up 9 minutes (healthy)            0.0.0.0:5448->5432/tcp, [::]:5448->5432/tcp


[0;36m─── Access URLs ───[0m
[0;32mFrontend (Angular)[0m
  🌐 http://localhost:4200

[0;32mKeycloak (Identity)[0m
  🔐 http://localhost:8080
  👤 Username: admin
  🔑 Password: (check .env)

[0;32mBackend Services[0m
  👥 User Manager:     http://localhost:8087
  ⏱️  Timesheet:        http://localhost:8082
  📄 Invoice:          http://localhost:8083
  📁 Document Manager: http://localhost:8086
  💳 Payment:          http://localhost:8084
  🔔 Notification:     http://localhost:8085
  🏢 Coproperty:       http://localhost:8088

[0;32mDatabases[0m
  🗄️  Keycloak DB:  localhost:5450
  🗄️  Timesheet DB: localhost:5448
  🗄️  Document DB:  localhost:5433
  🗄️  Invoice DB:   localhost:5434
  🗄️  Coproperty DB: localhost:5435
[0;34m================================[0m
[0;34mDeployment Complete[0m
[0;34m================================[0m
[0;32m✓ All services started successfully![0m

Log file: /Users/macbook/Workspace/myb/deployment.log
